timestamp,request_id,model_version,status_code,latency_ms,feature_value,feature_missing,prediction,probability,is_error
2026-07-21T18:34:29+00:00,req-00-0000,churn-pipeline-1.2.0,200,61.21,-1.0919833115525204,False,0,0.185702,False
2026-07-21T02:23:37+00:00,req-00-0001,churn-pipeline-1.2.0,200,71.05,0.7879737555967802,False,1,0.529909,False
2026-07-21T22:56:42+00:00,req-00-0002,churn-pipeline-1.2.0,200,68.37,0.9875929522107746,False,1,0.571862,False
2026-07-21T19:15:30+00:00,req-00-0003,churn-pipeline-1.2.0,200,83.37,-2.048586948086528,False,0,0.091846,False
2026-07-21T03:42:22+00:00,req-00-0004,churn-pipeline-1.2.0,200,84.15,-1.367288482205434,False,0,0.152879,False
2026-07-21T06:47:04+00:00,req-00-0005,churn-pipeline-1.2.0,200,38.71,0.13423242332564964,False,0,0.392718,False
2026-07-21T04:44:38+00:00,req-00-0006,churn-pipeline-1.2.0,200,31.67,-0.33205472196076136,False,0,0.30317,False
2026-07-21T09:29:01+00:00,req-00-0007,churn-pipeline-1.2.0,200,89.56,-0.017641215379503236,False,0,0.362392,False
2026-07-21T06:59:30+00:00,req-00-0008,churn-pipeline-1.2.0,200,95.06,-0.8956961239522591,False,0,0.212262,False
2026-07-21T07:52:24+00:00,req-00-0009,churn-pipeline-1.2.0,200,46.89,0.9233678736059701,False,1,0.558447,False
2026-07-21T12:42:19+00:00,req-00-0010,churn-pipeline-1.2.0,200,35.85,0.8166815322003957,False,1,0.535983,False
2026-07-21T04:32:14+00:00,req-00-0011,churn-pipeline-1.2.0,200,67.09,0.06933223243927684,False,0,0.379642,False
2026-07-21T21:11:16+00:00,req-00-0012,churn-pipeline-1.2.0,200,87.55,1.1836032673164345,False,1,0.61208,False
2026-07-21T17:27:49+00:00,req-00-0013,churn-pipeline-1.2.0,200,115.54,0.4908848093646479,False,0,0.466862,False
2026-07-21T18:15:11+00:00,req-00-0014,churn-pipeline-1.2.0,500,76.68,-0.9022570860274002,False,0,0.211331,True
2026-07-21T04:04:02+00:00,req-00-0015,churn-pipeline-1.2.0,200,57.71,0.3871883232866238,False,0,0.445001,False
2026-07-21T16:59:44+00:00,req-00-0016,churn-pipeline-1.2.0,200,48.84,-1.0068267308704488,False,0,0.196897,False
2026-07-21T20:04:11+00:00,req-00-0017,churn-pipeline-1.2.0,200,65.24,0.9223728163726362,False,1,0.558239,False
2026-07-21T04:12:15+00:00,req-00-0018,churn-pipeline-1.2.0,200,59.06,-0.05242220653556554,False,0,0.35559,False
2026-07-21T18:01:50+00:00,req-00-0019,churn-pipeline-1.2.0,200,46.97,-0.1941054817225236,False,0,0.328497,False
2026-07-21T08:35:03+00:00,req-00-0020,churn-pipeline-1.2.0,200,125.21,-0.7149760216241384,False,0,0.23908,False
2026-07-21T18:54:06+00:00,req-00-0021,churn-pipeline-1.2.0,200,115.08,1.2836684056077319,False,1,0.632072,False
2026-07-21T11:28:54+00:00,req-00-0022,churn-pipeline-1.2.0,200,93.5,-0.16225595617224225,False,0,0.334496,False
2026-07-21T19:15:10+00:00,req-00-0023,churn-pipeline-1.2.0,200,48.41,-0.44974421327126257,False,0,0.282462,False
2026-07-21T03:32:17+00:00,req-00-0024,churn-pipeline-1.2.0,200,85.46,-0.36974022801264106,False,0,0.296446,False
2026-07-21T09:20:16+00:00,req-00-0025,churn-pipeline-1.2.0,200,79.76,0.5589246448310162,False,0,0.48128,False
2026-07-21T06:33:44+00:00,req-00-0026,churn-pipeline-1.2.0,200,74.89,0.3837162675822823,False,0,0.444272,False
2026-07-21T05:57:38+00:00,req-00-0027,churn-pipeline-1.2.0,200,96.96,0.4333692421757878,False,0,0.454715,False
2026-07-21T07:23:59+00:00,req-00-0028,churn-pipeline-1.2.0,200,79.66,0.4523620531582769,False,0,0.458721,False
2026-07-21T09:10:42+00:00,req-00-0029,churn-pipeline-1.2.0,200,82.37,2.2487299809139842,False,1,0.79599,False
2026-07-21T03:03:16+00:00,req-00-0030,churn-pipeline-1.2.0,200,79.69,-0.4267357672038464,False,0,0.286442,False
2026-07-21T16:58:11+00:00,req-00-0031,churn-pipeline-1.2.0,200,72.49,-0.5378548655251142,False,0,0.267533,False
2026-07-21T13:12:20+00:00,req-00-0032,churn-pipeline-1.2.0,200,36.73,-0.8544613646602717,False,0,0.218182,False
2026-07-21T19:54:08+00:00,req-00-0033,churn-pipeline-1.2.0,200,66.76,,True,0,0.365864,False
2026-07-21T16:55:14+00:00,req-00-0034,churn-pipeline-1.2.0,200,54.4,1.1854209073569362,False,1,0.612447,False
2026-07-21T03:34:37+00:00,req-00-0035,churn-pipeline-1.2.0,200,43.16,-0.11964483053761883,False,0,0.342607,False
2026-07-21T01:40:42+00:00,req-00-0036,churn-pipeline-1.2.0,200,111.34,-0.8821643008106544,False,0,0.214192,False
2026-07-21T10:08:50+00:00,req-00-0037,churn-pipeline-1.2.0,200,113.03,-0.8657052764758015,False,0,0.216556,False
2026-07-21T11:32:49+00:00,req-00-0038,churn-pipeline-1.2.0,200,100.42,0.6831224272159362,False,1,0.507663,False
2026-07-21T05:45:57+00:00,req-00-0039,churn-pipeline-1.2.0,200,70.53,0.7804168797636144,False,1,0.528308,False
2026-07-21T18:46:23+00:00,req-00-0040,churn-pipeline-1.2.0,200,100.14,0.5703119817204547,False,0,0.483697,False
2026-07-21T13:57:28+00:00,req-00-0041,churn-pipeline-1.2.0,200,65.25,-0.698785192653129,False,0,0.241593,False
2026-07-21T17:57:06+00:00,req-00-0042,churn-pipeline-1.2.0,200,69.36,0.24376938922005578,False,0,0.41513,False
2026-07-21T02:36:58+00:00,req-00-0043,churn-pipeline-1.2.0,200,45.81,0.12252009959776464,False,0,0.390346,False
2026-07-21T19:33:42+00:00,req-00-0044,churn-pipeline-1.2.0,200,73.8,0.2296230265654636,False,0,0.412214,False
2026-07-21T04:56:46+00:00,req-00-0045,churn-pipeline-1.2.0,200,66.27,0.9150002168455994,False,1,0.556693,False
2026-07-21T10:45:27+00:00,req-00-0046,churn-pipeline-1.2.0,200,42.84,0.2347753262134164,False,0,0.413275,False
2026-07-21T10:32:41+00:00,req-00-0047,churn-pipeline-1.2.0,200,63.94,0.7128592412254896,False,1,0.513979,False
2026-07-21T19:41:36+00:00,req-00-0048,churn-pipeline-1.2.0,200,63.36,0.07095802296333603,False,0,0.379968,False
2026-07-21T06:38:39+00:00,req-00-0049,churn-pipeline-1.2.0,200,115.54,0.30357536862448337,False,0,0.427524,False
2026-07-21T05:46:41+00:00,req-00-0050,churn-pipeline-1.2.0,200,86.53,0.6628526371304674,False,1,0.503356,False
2026-07-21T08:09:03+00:00,req-00-0051,churn-pipeline-1.2.0,200,65.24,-1.53001361084845,False,0,0.135813,False
2026-07-21T08:39:34+00:00,req-00-0052,churn-pipeline-1.2.0,200,70.39,-0.3356547771751664,False,0,0.302524,False
2026-07-21T04:21:37+00:00,req-00-0053,churn-pipeline-1.2.0,200,65.93,-0.4938912870074353,False,0,0.274919,False
2026-07-21T04:13:57+00:00,req-00-0054,churn-pipeline-1.2.0,200,60.91,-0.670821740655509,False,0,0.245974,False
2026-07-21T05:33:07+00:00,req-00-0055,churn-pipeline-1.2.0,200,45.97,-0.28889936378801795,False,0,0.310975,False
2026-07-21T11:13:10+00:00,req-00-0056,churn-pipeline-1.2.0,200,61.93,1.5696883767961158,False,1,0.686592,False
2026-07-21T08:14:25+00:00,req-00-0057,churn-pipeline-1.2.0,200,51.19,-0.9091226714779054,False,0,0.21036,False
2026-07-21T09:24:33+00:00,req-00-0058,churn-pipeline-1.2.0,200,43.57,1.016692272321055,False,1,0.577907,False
2026-07-21T17:15:26+00:00,req-00-0059,churn-pipeline-1.2.0,200,76.55,-1.767013260196595,False,0,0.113854,False
2026-07-21T05:46:56+00:00,req-00-0060,churn-pipeline-1.2.0,200,73.67,-0.3516292814850636,False,0,0.299667,False
2026-07-21T21:50:14+00:00,req-00-0061,churn-pipeline-1.2.0,200,36.7,0.17089071836025588,False,0,0.400173,False
2026-07-21T18:02:33+00:00,req-00-0062,churn-pipeline-1.2.0,200,62.5,0.6155334479272421,False,0,0.493301,False
2026-07-21T04:11:32+00:00,req-00-0063,churn-pipeline-1.2.0,200,89.39,0.7467879087824978,False,1,0.52118,False
2026-07-21T07:31:56+00:00,req-00-0064,churn-pipeline-1.2.0,200,91.23,0.8330145969599215,False,1,0.539434,False
2026-07-21T04:24:18+00:00,req-00-0065,churn-pipeline-1.2.0,200,90.26,-0.3661613258608595,False,0,0.297081,False
2026-07-21T06:32:50+00:00,req-00-0066,churn-pipeline-1.2.0,200,65.81,-0.4854693822977955,False,0,0.276348,False
2026-07-21T08:46:18+00:00,req-00-0067,churn-pipeline-1.2.0,200,49.6,0.9008746753200115,False,1,0.553728,False
2026-07-21T03:08:28+00:00,req-00-0068,churn-pipeline-1.2.0,200,45.95,-0.20086954112569563,False,0,0.32723,False
2026-07-21T00:20:47+00:00,req-00-0069,churn-pipeline-1.2.0,200,72.58,-1.339470639504818,False,0,0.155967,False
2026-07-21T10:31:54+00:00,req-00-0070,churn-pipeline-1.2.0,200,73.39,-1.1899515747036546,False,0,0.173437,False
2026-07-21T16:49:25+00:00,req-00-0071,churn-pipeline-1.2.0,200,98.13,-0.9654249003016919,False,0,0.202521,False
2026-07-21T07:16:16+00:00,req-00-0072,churn-pipeline-1.2.0,200,92.42,0.5220187812564523,False,0,0.473454,False
2026-07-21T20:39:03+00:00,req-00-0073,churn-pipeline-1.2.0,200,62.31,0.14954702287409352,False,0,0.395827,False
2026-07-21T08:51:45+00:00,req-00-0074,churn-pipeline-1.2.0,200,43.65,0.7250096217711567,False,1,0.516558,False
2026-07-21T21:37:08+00:00,req-00-0075,churn-pipeline-1.2.0,200,58.69,-0.448615278653361,False,0,0.282656,False
2026-07-21T05:39:50+00:00,req-00-0076,churn-pipeline-1.2.0,200,69.68,0.16646667563054995,False,0,0.399271,False
2026-07-21T12:56:38+00:00,req-00-0077,churn-pipeline-1.2.0,500,60.93,0.6568699136657036,False,1,0.502085,True
2026-07-21T18:18:56+00:00,req-00-0078,churn-pipeline-1.2.0,200,54.03,-0.32481386670625034,False,0,0.304472,False
2026-07-21T01:25:00+00:00,req-00-0079,churn-pipeline-1.2.0,200,70.48,0.47961399943528205,False,0,0.464478,False
2026-07-21T22:19:12+00:00,req-00-0080,churn-pipeline-1.2.0,200,55.32,-0.6950222381199839,False,0,0.242179,False
2026-07-21T08:45:32+00:00,req-00-0081,churn-pipeline-1.2.0,200,53.17,-0.3812065388933254,False,0,0.294417,False
2026-07-21T11:57:01+00:00,req-00-0082,churn-pipeline-1.2.0,200,71.81,-0.40082478869824556,False,0,0.290965,False
2026-07-21T15:04:57+00:00,req-00-0083,churn-pipeline-1.2.0,200,57.15,-1.2556316278684916,False,0,0.165579,False
2026-07-21T15:25:55+00:00,req-00-0084,churn-pipeline-1.2.0,200,70.28,0.5113211048248609,False,0,0.471188,False
2026-07-21T00:34:04+00:00,req-00-0085,churn-pipeline-1.2.0,200,70.94,-0.4928724572128601,False,0,0.275092,False
2026-07-21T20:48:43+00:00,req-00-0086,churn-pipeline-1.2.0,200,45.14,0.013118824664071802,False,0,0.368455,False
2026-07-21T14:57:59+00:00,req-00-0087,churn-pipeline-1.2.0,200,55.72,0.5047839918512044,False,0,0.469803,False
2026-07-21T23:58:18+00:00,req-00-0088,churn-pipeline-1.2.0,200,102.97,0.4688577348314413,False,0,0.462205,False
2026-07-21T11:18:58+00:00,req-00-0089,churn-pipeline-1.2.0,200,44.81,0.6986543644214256,False,1,0.510962,False
2026-07-21T14:43:27+00:00,req-00-0090,churn-pipeline-1.2.0,200,33.02,-0.1034097587348948,False,0,0.345722,False
2026-07-21T10:35:07+00:00,req-00-0091,churn-pipeline-1.2.0,200,35.82,-0.4444632276463614,False,0,0.283373,False
2026-07-21T21:21:16+00:00,req-00-0092,churn-pipeline-1.2.0,200,65.61,-0.083704121451719,False,0,0.34952,False
2026-07-21T19:58:38+00:00,req-00-0093,churn-pipeline-1.2.0,200,65.65,-1.7717011556559314,False,0,0.113453,False
2026-07-21T21:48:23+00:00,req-00-0094,churn-pipeline-1.2.0,200,62.6,-1.5194680960442417,False,0,0.136868,False
2026-07-21T12:06:09+00:00,req-00-0095,churn-pipeline-1.2.0,200,95.86,-1.3888345929721226,False,0,0.150522,False
2026-07-21T18:59:41+00:00,req-00-0096,churn-pipeline-1.2.0,200,27.63,-1.047109168981556,False,0,0.191539,False
2026-07-21T08:36:39+00:00,req-00-0097,churn-pipeline-1.2.0,200,73.78,0.41976293805960846,False,0,0.451849,False
2026-07-21T11:03:44+00:00,req-00-0098,churn-pipeline-1.2.0,200,107.13,-0.9507530081280638,False,0,0.204543,False
2026-07-21T18:14:42+00:00,req-00-0099,churn-pipeline-1.2.0,200,45.31,-0.3970706817413592,False,0,0.291624,False
2026-07-21T01:56:51+00:00,req-00-0100,churn-pipeline-1.2.0,200,57.56,1.3641897126753688,False,1,0.647841,False
2026-07-21T17:03:06+00:00,req-00-0101,churn-pipeline-1.2.0,200,51.08,-0.3740771696144972,False,0,0.295678,False
2026-07-21T00:22:45+00:00,req-00-0102,churn-pipeline-1.2.0,200,48.82,0.7743913468904409,False,1,0.527032,False
2026-07-21T13:56:08+00:00,req-00-0103,churn-pipeline-1.2.0,200,58.56,-0.9802985640103709,False,0,0.200487,False
2026-07-21T11:27:10+00:00,req-00-0104,churn-pipeline-1.2.0,200,102.64,-0.21570943576101154,False,0,0.324459,False
2026-07-21T11:14:53+00:00,req-00-0105,churn-pipeline-1.2.0,200,117.02,-0.9975231576561103,False,0,0.19815,False
2026-07-21T11:51:48+00:00,req-00-0106,churn-pipeline-1.2.0,200,58.37,-0.35598472969559064,False,0,0.29889,False
2026-07-21T11:48:23+00:00,req-00-0107,churn-pipeline-1.2.0,200,119.58,0.8823235443302654,False,1,0.549828,False
2026-07-21T09:46:36+00:00,req-00-0108,churn-pipeline-1.2.0,200,65.74,-1.8136864443519662,False,0,0.109913,False
2026-07-21T10:49:57+00:00,req-00-0109,churn-pipeline-1.2.0,200,113.93,0.45614482572315024,False,0,0.45952,False
2026-07-21T13:38:09+00:00,req-00-0110,churn-pipeline-1.2.0,200,63.09,0.2496223824488918,False,0,0.416339,False
2026-07-21T18:19:23+00:00,req-00-0111,churn-pipeline-1.2.0,200,67.78,-0.6238574534816341,False,0,0.253453,False
2026-07-21T13:15:06+00:00,req-00-0112,churn-pipeline-1.2.0,200,73.06,-1.5183607471078773,False,0,0.13698,False
2026-07-21T15:25:13+00:00,req-00-0113,churn-pipeline-1.2.0,200,179.76,0.07573598309956299,False,0,0.380925,False
2026-07-21T20:04:43+00:00,req-00-0114,churn-pipeline-1.2.0,200,85.35,-0.5559673445169926,False,0,0.264527,False
2026-07-21T23:44:53+00:00,req-00-0115,churn-pipeline-1.2.0,200,51.83,0.24431002192243917,False,0,0.415242,False
2026-07-21T02:36:27+00:00,req-00-0116,churn-pipeline-1.2.0,200,88.63,0.022944752799615026,False,0,0.370401,False
2026-07-21T17:06:36+00:00,req-00-0117,churn-pipeline-1.2.0,200,57.89,1.6818678358869612,False,1,0.706737,False
2026-07-21T05:24:15+00:00,req-00-0118,churn-pipeline-1.2.0,200,55.57,-0.2513234088466755,False,0,0.31786,False
2026-07-21T04:43:21+00:00,req-00-0119,churn-pipeline-1.2.0,200,86.93,-1.0746723672529583,False,0,0.187937,False
2026-07-21T19:01:55+00:00,req-00-0120,churn-pipeline-1.2.0,200,65.65,0.18823941670413197,False,0,0.403718,False
2026-07-21T01:38:54+00:00,req-00-0121,churn-pipeline-1.2.0,200,71.06,0.23099651817035344,False,0,0.412497,False
2026-07-21T20:20:53+00:00,req-00-0122,churn-pipeline-1.2.0,200,65.29,1.4271469540024584,False,1,0.659951,False
2026-07-21T18:29:35+00:00,req-00-0123,churn-pipeline-1.2.0,200,72.39,0.8768668082103075,False,1,0.54868,False
2026-07-21T23:52:32+00:00,req-00-0124,churn-pipeline-1.2.0,200,74.47,0.3747146121069848,False,0,0.442384,False
2026-07-21T16:01:50+00:00,req-00-0125,churn-pipeline-1.2.0,200,34.97,1.53646803578054,False,1,0.680484,False
2026-07-21T20:56:59+00:00,req-00-0126,churn-pipeline-1.2.0,200,80.45,-1.2482012070389934,False,0,0.166454,False
2026-07-21T02:50:41+00:00,req-00-0127,churn-pipeline-1.2.0,200,47.47,-0.6717391093872351,False,0,0.24583,False
2026-07-21T21:21:27+00:00,req-00-0128,churn-pipeline-1.2.0,200,40.97,-0.9729047384758012,False,0,0.201496,False
2026-07-21T03:50:52+00:00,req-00-0129,churn-pipeline-1.2.0,200,63.8,-0.4093002933135564,False,0,0.289481,False
2026-07-21T07:32:39+00:00,req-00-0130,churn-pipeline-1.2.0,200,66.77,-1.4455204549341243,False,0,0.144465,False
2026-07-21T03:04:35+00:00,req-00-0131,churn-pipeline-1.2.0,200,52.06,0.6669084941551245,False,1,0.504218,False
2026-07-21T09:38:23+00:00,req-00-0132,churn-pipeline-1.2.0,200,84.8,-0.23333383195371205,False,0,0.321184,False
2026-07-21T17:58:33+00:00,req-00-0133,churn-pipeline-1.2.0,200,42.3,-1.5443466092277909,False,0,0.134389,False
2026-07-21T06:26:02+00:00,req-00-0134,churn-pipeline-1.2.0,200,57.06,-1.0663580352679187,False,0,0.189018,False
2026-07-21T19:43:57+00:00,req-00-0135,churn-pipeline-1.2.0,200,53.91,0.32918953982270505,False,0,0.432861,False
2026-07-21T14:33:04+00:00,req-00-0136,churn-pipeline-1.2.0,200,64.04,0.8800328962891002,False,1,0.549346,False
2026-07-21T15:05:39+00:00,req-00-0137,churn-pipeline-1.2.0,200,71.07,2.0965674362763758,False,1,0.774183,False
2026-07-21T22:31:52+00:00,req-00-0138,churn-pipeline-1.2.0,200,47.08,3.059555589307696,False,1,0.88601,False
2026-07-21T10:21:51+00:00,req-00-0139,churn-pipeline-1.2.0,200,81.95,0.4351299049397962,False,0,0.455086,False
2026-07-21T08:16:16+00:00,req-00-0140,churn-pipeline-1.2.0,200,66.32,-1.0390150260334574,False,0,0.192606,False
2026-07-21T23:52:09+00:00,req-00-0141,churn-pipeline-1.2.0,200,35.48,-2.238648594767875,False,0,0.07923,False
2026-07-21T13:22:04+00:00,req-00-0142,churn-pipeline-1.2.0,200,34.73,0.2810970354610276,False,0,0.422854,False
2026-07-21T14:45:01+00:00,req-00-0143,churn-pipeline-1.2.0,200,64.74,-0.8535881500758423,False,0,0.218309,False
2026-07-21T07:06:40+00:00,req-00-0144,churn-pipeline-1.2.0,200,60.56,-0.43612512318866964,False,0,0.284814,False
2026-07-21T05:10:13+00:00,req-00-0145,churn-pipeline-1.2.0,200,62.88,,True,0,0.365864,False
2026-07-21T04:04:30+00:00,req-00-0146,churn-pipeline-1.2.0,200,64.42,-0.14783043073720453,False,0,0.337232,False
2026-07-21T05:21:55+00:00,req-00-0147,churn-pipeline-1.2.0,200,69.87,1.119279242327026,False,1,0.599021,False
2026-07-21T04:41:04+00:00,req-00-0148,churn-pipeline-1.2.0,200,88.03,0.16490099581761186,False,0,0.398952,False
2026-07-21T17:55:16+00:00,req-00-0149,churn-pipeline-1.2.0,200,45.55,-0.16656657889062274,False,0,0.333681,False
2026-07-21T01:23:26+00:00,req-00-0150,churn-pipeline-1.2.0,200,44.67,-1.0874364404671022,False,0,0.186287,False
2026-07-21T15:06:18+00:00,req-00-0151,churn-pipeline-1.2.0,200,45.81,-1.758417091939575,False,0,0.114594,False
2026-07-21T22:46:58+00:00,req-00-0152,churn-pipeline-1.2.0,200,71.3,-0.5106233045269974,False,0,0.272093,False
2026-07-21T18:22:23+00:00,req-00-0153,churn-pipeline-1.2.0,200,96.81,-0.05647167835923652,False,0,0.354801,False
2026-07-21T09:40:08+00:00,req-00-0154,churn-pipeline-1.2.0,200,56.62,1.8563264092588772,False,1,0.736504,False
2026-07-21T01:25:32+00:00,req-00-0155,churn-pipeline-1.2.0,200,29.19,0.13678824754653016,False,0,0.393236,False
2026-07-21T20:01:08+00:00,req-00-0156,churn-pipeline-1.2.0,200,37.68,1.0318764865742105,False,1,0.581052,False
2026-07-21T00:04:32+00:00,req-00-0157,churn-pipeline-1.2.0,200,49.79,-0.5242603784661097,False,0,0.269803,False
2026-07-21T16:21:06+00:00,req-00-0158,churn-pipeline-1.2.0,200,54.38,-1.2441909547378758,False,0,0.166927,False
2026-07-21T16:06:09+00:00,req-00-0159,churn-pipeline-1.2.0,200,57.04,-1.0133726003439905,False,0,0.196019,False
2026-07-21T04:36:21+00:00,req-00-0160,churn-pipeline-1.2.0,200,65.81,-0.7614873677625409,False,0,0.231962,False
2026-07-21T17:45:24+00:00,req-00-0161,churn-pipeline-1.2.0,200,58.83,2.234893219056923,False,1,0.794074,False
2026-07-21T04:12:39+00:00,req-00-0162,churn-pipeline-1.2.0,200,90.94,-0.8624560131856055,False,0,0.217025,False
2026-07-21T05:24:55+00:00,req-00-0163,churn-pipeline-1.2.0,200,52.36,0.8804136639231622,False,1,0.549426,False
2026-07-21T19:29:15+00:00,req-00-0164,churn-pipeline-1.2.0,200,49.33,-0.9480735369913778,False,0,0.204914,False
2026-07-21T23:29:56+00:00,req-00-0165,churn-pipeline-1.2.0,200,75.76,0.9781516635179563,False,1,0.569897,False
2026-07-21T06:21:11+00:00,req-00-0166,churn-pipeline-1.2.0,200,39.76,0.40419851441115634,False,0,0.448575,False
2026-07-21T22:06:43+00:00,req-00-0167,churn-pipeline-1.2.0,200,73.63,-0.16446979254099495,False,0,0.334078,False
2026-07-21T21:55:07+00:00,req-00-0168,churn-pipeline-1.2.0,200,67.17,-0.04280065244220573,False,0,0.357466,False
2026-07-21T18:27:56+00:00,req-00-0169,churn-pipeline-1.2.0,200,62.0,-0.68752708020086,False,0,0.24335,False
2026-07-21T03:21:40+00:00,req-00-0170,churn-pipeline-1.2.0,500,108.05,0.4683758115561846,False,0,0.462103,True
2026-07-21T07:11:09+00:00,req-00-0171,churn-pipeline-1.2.0,200,53.27,-0.47773265435781903,False,0,0.277665,False
2026-07-21T16:15:54+00:00,req-00-0172,churn-pipeline-1.2.0,200,125.67,-1.2868860519556107,False,0,0.161941,False
2026-07-21T23:58:52+00:00,req-00-0173,churn-pipeline-1.2.0,200,60.48,-1.3418344530356003,False,0,0.155702,False
2026-07-21T19:32:50+00:00,req-00-0174,churn-pipeline-1.2.0,200,43.2,0.18121731360822546,False,0,0.402282,False
2026-07-21T10:05:11+00:00,req-00-0175,churn-pipeline-1.2.0,200,66.47,1.6580458192309566,False,1,0.702523,False
2026-07-21T05:38:46+00:00,req-00-0176,churn-pipeline-1.2.0,200,46.06,0.16799119425211018,False,0,0.399582,False
2026-07-21T23:02:53+00:00,req-00-0177,churn-pipeline-1.2.0,200,51.1,-0.1245702424153767,False,0,0.341665,False
2026-07-21T06:37:44+00:00,req-00-0178,churn-pipeline-1.2.0,200,73.81,0.30011744658267003,False,0,0.426805,False
2026-07-21T08:12:47+00:00,req-00-0179,churn-pipeline-1.2.0,500,77.65,1.371301828792166,False,1,0.649219,True
2026-07-21T23:08:54+00:00,req-00-0180,churn-pipeline-1.2.0,200,53.27,0.23035162643204918,False,0,0.412364,False
2026-07-21T13:28:47+00:00,req-00-0181,churn-pipeline-1.2.0,200,89.15,-0.43147359237542404,False,0,0.28562,False
2026-07-21T06:21:01+00:00,req-00-0182,churn-pipeline-1.2.0,200,94.14,1.1616031455628832,False,1,0.60763,False
2026-07-21T00:07:41+00:00,req-00-0183,churn-pipeline-1.2.0,200,102.93,0.4501942603846942,False,0,0.458264,False
2026-07-21T10:19:08+00:00,req-00-0184,churn-pipeline-1.2.0,200,77.0,1.6125437915957916,False,1,0.694377,False
2026-07-21T23:39:50+00:00,req-00-0185,churn-pipeline-1.2.0,200,100.55,0.19239615908300145,False,0,0.404569,False
2026-07-21T10:22:49+00:00,req-00-0186,churn-pipeline-1.2.0,200,35.61,-1.2856924833065253,False,0,0.162079,False
2026-07-21T16:47:19+00:00,req-00-0187,churn-pipeline-1.2.0,200,58.71,-1.4365671592079483,False,0,0.145408,False
2026-07-21T06:04:22+00:00,req-00-0188,churn-pipeline-1.2.0,200,49.25,1.733474328842812,False,1,0.715745,False
2026-07-21T18:36:52+00:00,req-00-0189,churn-pipeline-1.2.0,200,67.53,1.809849006822462,False,1,0.728766,False
2026-07-21T18:37:08+00:00,req-00-0190,churn-pipeline-1.2.0,200,54.14,-0.18849517394673068,False,0,0.32955,False
2026-07-21T14:35:57+00:00,req-00-0191,churn-pipeline-1.2.0,200,61.63,-0.40234668719278716,False,0,0.290698,False
2026-07-21T18:31:27+00:00,req-00-0192,churn-pipeline-1.2.0,200,118.71,1.5345165068543123,False,1,0.680123,False
2026-07-21T13:53:30+00:00,req-00-0193,churn-pipeline-1.2.0,200,61.56,-1.1623979661456625,False,0,0.176821,False
2026-07-21T09:04:46+00:00,req-00-0194,churn-pipeline-1.2.0,200,74.2,-0.9394633699036178,False,0,0.206109,False
2026-07-21T17:42:32+00:00,req-00-0195,churn-pipeline-1.2.0,200,60.34,0.6754931344234967,False,1,0.506042,False
2026-07-21T20:02:34+00:00,req-00-0196,churn-pipeline-1.2.0,200,66.59,-0.4143353790025691,False,0,0.288602,False
2026-07-21T20:11:07+00:00,req-00-0197,churn-pipeline-1.2.0,200,65.13,-0.005377960056074861,False,0,0.364804,False
2026-07-21T05:06:49+00:00,req-00-0198,churn-pipeline-1.2.0,200,75.03,-0.17161504345073822,False,0,0.332728,False
2026-07-21T16:14:17+00:00,req-00-0199,churn-pipeline-1.2.0,200,94.38,0.35445327623888023,False,0,0.43814,False
2026-07-21T00:06:12+00:00,req-00-0200,churn-pipeline-1.2.0,200,110.12,1.4778559543794028,False,1,0.669556,False
2026-07-21T13:43:40+00:00,req-00-0201,churn-pipeline-1.2.0,200,71.77,0.09511415224683283,False,0,0.384817,False
2026-07-21T13:42:28+00:00,req-00-0202,churn-pipeline-1.2.0,200,78.5,0.6761357329407008,False,1,0.506179,False
2026-07-21T08:43:26+00:00,req-00-0203,churn-pipeline-1.2.0,200,44.98,-2.152680706082574,False,0,0.084728,False
2026-07-21T23:51:28+00:00,req-00-0204,churn-pipeline-1.2.0,200,63.2,-0.05115432202662385,False,0,0.355837,False
2026-07-21T21:11:27+00:00,req-00-0205,churn-pipeline-1.2.0,200,87.82,,True,0,0.365864,False
2026-07-21T00:55:38+00:00,req-00-0206,churn-pipeline-1.2.0,200,85.76,-1.2797537134448094,False,0,0.162766,False
2026-07-21T05:00:43+00:00,req-00-0207,churn-pipeline-1.2.0,200,69.55,-0.9220599852751883,False,0,0.20854,False
2026-07-21T04:59:31+00:00,req-00-0208,churn-pipeline-1.2.0,200,86.32,-0.35082961273585267,False,0,0.299809,False
2026-07-21T21:32:29+00:00,req-00-0209,churn-pipeline-1.2.0,200,76.05,0.9616976694738137,False,1,0.566465,False
2026-07-21T12:27:14+00:00,req-00-0210,churn-pipeline-1.2.0,200,95.44,-1.3927123536265422,False,0,0.150101,False
2026-07-21T17:29:34+00:00,req-00-0211,churn-pipeline-1.2.0,200,71.31,0.03216306722413832,False,0,0.37223,False
2026-07-21T19:26:18+00:00,req-00-0212,churn-pipeline-1.2.0,200,58.01,-0.5083779050002575,False,0,0.272471,False
2026-07-21T18:25:22+00:00,req-00-0213,churn-pipeline-1.2.0,200,72.37,-0.3440567490800589,False,0,0.301019,False
2026-07-21T02:08:13+00:00,req-00-0214,churn-pipeline-1.2.0,200,25.45,1.0528957165698343,False,1,0.585395,False
2026-07-21T03:22:04+00:00,req-00-0215,churn-pipeline-1.2.0,200,73.47,0.5650212088541224,False,0,0.482574,False
2026-07-21T09:29:08+00:00,req-00-0216,churn-pipeline-1.2.0,200,20.22,1.404268012814881,False,1,0.655573,False
2026-07-21T08:07:15+00:00,req-00-0217,churn-pipeline-1.2.0,200,37.45,-0.1622309632123955,False,0,0.334501,False
2026-07-21T17:55:47+00:00,req-00-0218,churn-pipeline-1.2.0,200,75.11,-0.7307397422542382,False,0,0.236651,False
2026-07-21T03:44:58+00:00,req-00-0219,churn-pipeline-1.2.0,200,75.73,-0.2350517577245245,False,0,0.320866,False
2026-07-21T08:55:01+00:00,req-00-0220,churn-pipeline-1.2.0,200,44.81,0.2546216308347827,False,0,0.417372,False
2026-07-21T05:40:40+00:00,req-00-0221,churn-pipeline-1.2.0,200,51.75,0.18540202637639658,False,0,0.403138,False
2026-07-21T04:31:55+00:00,req-00-0222,churn-pipeline-1.2.0,200,100.78,-1.1386074758450349,False,0,0.179783,False
2026-07-21T04:08:50+00:00,req-00-0223,churn-pipeline-1.2.0,200,55.67,0.09501427070926793,False,0,0.384797,False
2026-07-21T04:41:30+00:00,req-00-0224,churn-pipeline-1.2.0,200,133.24,0.23963974664585042,False,0,0.414278,False
2026-07-21T13:32:41+00:00,req-00-0225,churn-pipeline-1.2.0,200,64.96,2.6433477394106166,False,1,0.845122,False
2026-07-21T09:50:28+00:00,req-00-0226,churn-pipeline-1.2.0,200,74.07,1.9706868418457537,False,1,0.75493,False
2026-07-21T10:26:48+00:00,req-00-0227,churn-pipeline-1.2.0,200,109.05,-0.8959055180867611,False,0,0.212233,False
2026-07-21T11:30:21+00:00,req-00-0228,churn-pipeline-1.2.0,200,67.78,-0.3017525296266349,False,0,0.308639,False
2026-07-21T17:47:07+00:00,req-00-0229,churn-pipeline-1.2.0,200,47.16,-1.5366141019288533,False,0,0.135156,False
2026-07-21T20:41:00+00:00,req-00-0230,churn-pipeline-1.2.0,200,62.76,-0.6202423646616608,False,0,0.254035,False
2026-07-21T12:38:04+00:00,req-00-0231,churn-pipeline-1.2.0,200,64.26,0.33138525376985756,False,0,0.433319,False
2026-07-21T15:24:50+00:00,req-00-0232,churn-pipeline-1.2.0,200,42.0,1.2661463019326453,False,1,0.628602,False
2026-07-21T17:43:31+00:00,req-00-0233,churn-pipeline-1.2.0,200,59.89,-0.765538029630789,False,0,0.231349,False
2026-07-21T16:34:10+00:00,req-00-0234,churn-pipeline-1.2.0,200,51.26,-0.6868537620711864,False,0,0.243456,False
2026-07-21T03:13:20+00:00,req-00-0235,churn-pipeline-1.2.0,200,87.37,-2.2546534812255876,False,0,0.078243,False
2026-07-21T23:35:30+00:00,req-00-0236,churn-pipeline-1.2.0,200,65.72,-0.17079921657215305,False,0,0.332882,False
2026-07-21T03:57:19+00:00,req-00-0237,churn-pipeline-1.2.0,200,59.38,-1.1155351324525413,False,0,0.182693,False
2026-07-21T09:53:03+00:00,req-00-0238,churn-pipeline-1.2.0,200,62.83,-0.5559113987343774,False,0,0.264536,False
2026-07-21T15:39:44+00:00,req-00-0239,churn-pipeline-1.2.0,200,69.81,-0.9207038170759677,False,0,0.20873,False
2026-07-21T09:40:49+00:00,req-00-0240,churn-pipeline-1.2.0,200,79.18,-0.09897568196518484,False,0,0.346575,False
2026-07-21T05:50:06+00:00,req-00-0241,churn-pipeline-1.2.0,200,47.2,-1.845614810924463,False,0,0.107286,False
2026-07-21T22:09:37+00:00,req-00-0242,churn-pipeline-1.2.0,200,46.58,-1.54039750766054,False,0,0.13478,False
2026-07-21T01:43:00+00:00,req-00-0243,churn-pipeline-1.2.0,200,92.56,2.235709467629713,False,1,0.794187,False
2026-07-21T05:54:03+00:00,req-00-0244,churn-pipeline-1.2.0,200,56.97,-1.3517937103377327,False,0,0.154593,False
2026-07-21T23:49:54+00:00,req-00-0245,churn-pipeline-1.2.0,200,41.31,-1.1516248573773717,False,0,0.178157,False
2026-07-21T17:30:56+00:00,req-00-0246,churn-pipeline-1.2.0,200,74.92,1.9287592047373798,False,1,0.748277,False
2026-07-21T02:05:14+00:00,req-00-0247,churn-pipeline-1.2.0,200,75.39,3.0503205277024272,False,1,0.885215,False
2026-07-21T18:06:35+00:00,req-00-0248,churn-pipeline-1.2.0,200,39.83,-1.2301449602666088,False,0,0.168594,False
2026-07-21T23:16:05+00:00,req-00-0249,churn-pipeline-1.2.0,200,69.95,-0.3866614046274321,False,0,0.293455,False
2026-07-21T02:20:48+00:00,req-00-0250,churn-pipeline-1.2.0,200,82.25,0.35863332848753504,False,0,0.439015,False
2026-07-21T09:56:14+00:00,req-00-0251,churn-pipeline-1.2.0,200,73.27,1.815132526625872,False,1,0.729653,False
2026-07-21T11:14:15+00:00,req-00-0252,churn-pipeline-1.2.0,200,79.57,-1.0361999323496494,False,0,0.192979,False
2026-07-21T03:08:39+00:00,req-00-0253,churn-pipeline-1.2.0,200,41.47,-0.2575417382392152,False,0,0.316715,False
2026-07-21T04:48:48+00:00,req-00-0254,churn-pipeline-1.2.0,200,72.26,0.8162044548648313,False,1,0.535882,False
2026-07-21T04:10:12+00:00,req-00-0255,churn-pipeline-1.2.0,200,59.0,0.4565043781899496,False,0,0.459595,False
2026-07-21T04:26:56+00:00,req-00-0256,churn-pipeline-1.2.0,200,55.7,-0.3949638747916042,False,0,0.291994,False
2026-07-21T09:41:04+00:00,req-00-0257,churn-pipeline-1.2.0,200,85.88,,True,0,0.365864,False
2026-07-21T11:07:54+00:00,req-00-0258,churn-pipeline-1.2.0,200,104.35,-1.443640598788481,False,0,0.144662,False
2026-07-21T05:42:41+00:00,req-00-0259,churn-pipeline-1.2.0,200,115.42,-0.2500824311733985,False,0,0.318089,False
2026-07-21T06:56:46+00:00,req-00-0260,churn-pipeline-1.2.0,200,99.0,-0.2797068645094029,False,0,0.312652,False
2026-07-21T04:36:49+00:00,req-00-0261,churn-pipeline-1.2.0,200,62.76,0.24377838410756877,False,0,0.415132,False
2026-07-21T19:06:19+00:00,req-00-0262,churn-pipeline-1.2.0,200,72.77,-0.5830935797599669,False,0,0.260065,False
2026-07-21T05:04:55+00:00,req-00-0263,churn-pipeline-1.2.0,200,83.08,0.495115448672396,False,0,0.467757,False
2026-07-21T21:46:57+00:00,req-00-0264,churn-pipeline-1.2.0,200,67.57,1.0633516087108201,False,1,0.587551,False
2026-07-21T12:55:57+00:00,req-00-0265,churn-pipeline-1.2.0,200,67.78,0.16320079405188934,False,0,0.398605,False
2026-07-21T19:15:55+00:00,req-00-0266,churn-pipeline-1.2.0,200,84.6,0.3693442288191637,False,0,0.441258,False
2026-07-21T15:16:24+00:00,req-00-0267,churn-pipeline-1.2.0,200,63.78,0.05581311495676074,False,0,0.37694,False
2026-07-21T06:23:05+00:00,req-00-0268,churn-pipeline-1.2.0,200,51.47,8.861274598488946e-05,False,0,0.365882,False
2026-07-21T14:25:57+00:00,req-00-0269,churn-pipeline-1.2.0,200,56.93,-0.7576359352199898,False,0,0.232546,False
2026-07-21T06:34:45+00:00,req-00-0270,churn-pipeline-1.2.0,200,79.62,0.3323189747569734,False,0,0.433514,False
2026-07-21T02:50:43+00:00,req-00-0271,churn-pipeline-1.2.0,200,65.06,-0.10215092833416395,False,0,0.345964,False
2026-07-21T06:06:48+00:00,req-00-0272,churn-pipeline-1.2.0,200,72.48,2.1978267243771246,False,1,0.788874,False
2026-07-21T06:36:55+00:00,req-00-0273,churn-pipeline-1.2.0,200,80.54,1.6520226475990047,False,1,0.701451,False
2026-07-21T03:14:27+00:00,req-00-0274,churn-pipeline-1.2.0,200,57.65,0.40513888018432587,False,0,0.448772,False
2026-07-21T00:33:59+00:00,req-00-0275,churn-pipeline-1.2.0,200,82.8,-0.801210070179506,False,0,0.226001,False
2026-07-21T22:39:04+00:00,req-00-0276,churn-pipeline-1.2.0,200,73.38,-1.168032045582589,False,0,0.176125,False
2026-07-21T12:19:19+00:00,req-00-0277,churn-pipeline-1.2.0,200,43.78,1.2507001007433083,False,1,0.625532,False
2026-07-21T09:38:56+00:00,req-00-0278,churn-pipeline-1.2.0,200,103.12,0.27588668640449543,False,0,0.421774,False
2026-07-21T22:19:07+00:00,req-00-0279,churn-pipeline-1.2.0,200,55.38,0.5041505735611914,False,0,0.469669,False
2026-07-21T05:23:33+00:00,req-00-0280,churn-pipeline-1.2.0,200,38.27,-1.8318152863229022,False,0,0.108414,False
2026-07-21T09:40:08+00:00,req-00-0281,churn-pipeline-1.2.0,200,46.52,0.9738104056360899,False,1,0.568992,False
2026-07-21T20:19:12+00:00,req-00-0282,churn-pipeline-1.2.0,200,46.88,0.4771413551250811,False,0,0.463955,False
2026-07-21T15:10:07+00:00,req-00-0283,churn-pipeline-1.2.0,200,66.09,-1.165952218635202,False,0,0.176381,False
2026-07-21T09:34:50+00:00,req-00-0284,churn-pipeline-1.2.0,200,59.55,-0.4951010478224464,False,0,0.274714,False
2026-07-21T06:08:23+00:00,req-00-0285,churn-pipeline-1.2.0,200,58.36,0.27690306457434555,False,0,0.421984,False
2026-07-21T00:50:34+00:00,req-00-0286,churn-pipeline-1.2.0,200,79.26,0.05509013827405581,False,0,0.376795,False
2026-07-21T02:02:28+00:00,req-00-0287,churn-pipeline-1.2.0,200,72.47,-0.30677974509373274,False,0,0.307728,False
2026-07-21T03:53:11+00:00,req-00-0288,churn-pipeline-1.2.0,200,71.92,-0.1086626814692589,False,0,0.344713,False
2026-07-21T18:52:43+00:00,req-00-0289,churn-pipeline-1.2.0,200,74.11,-0.26457624711722966,False,0,0.315422,False
2026-07-21T15:20:31+00:00,req-00-0290,churn-pipeline-1.2.0,200,79.17,0.160190637707592,False,0,0.397992,False
2026-07-21T10:24:11+00:00,req-00-0291,churn-pipeline-1.2.0,200,33.11,1.545066571642815,False,1,0.682071,False
2026-07-21T18:47:23+00:00,req-00-0292,churn-pipeline-1.2.0,200,57.85,-2.694991362977863,False,0,0.055162,False
2026-07-21T03:51:31+00:00,req-00-0293,churn-pipeline-1.2.0,200,32.35,-0.24869277773516846,False,0,0.318345,False
2026-07-21T05:03:44+00:00,req-00-0294,churn-pipeline-1.2.0,200,65.75,0.18533804244106933,False,0,0.403125,False
2026-07-21T09:25:31+00:00,req-00-0295,churn-pipeline-1.2.0,200,64.9,0.3107936891714545,False,0,0.429026,False
2026-07-21T22:01:02+00:00,req-00-0296,churn-pipeline-1.2.0,200,90.83,-0.39051031038735434,False,0,0.292777,False
2026-07-21T14:44:29+00:00,req-00-0297,churn-pipeline-1.2.0,200,95.05,-1.8445578716025117,False,0,0.107372,False
2026-07-21T20:25:26+00:00,req-00-0298,churn-pipeline-1.2.0,200,69.36,0.3443952578998151,False,0,0.436036,False
2026-07-21T05:57:21+00:00,req-00-0299,churn-pipeline-1.2.0,200,55.38,1.8137177248723944,False,1,0.729416,False
2026-07-21T20:21:40+00:00,req-00-0300,churn-pipeline-1.2.0,200,75.92,-1.6105544751619445,False,0,0.127976,False
2026-07-21T01:44:22+00:00,req-00-0301,churn-pipeline-1.2.0,200,54.9,0.9070194143830977,False,1,0.555018,False
2026-07-21T05:27:49+00:00,req-00-0302,churn-pipeline-1.2.0,200,64.97,-0.3449514842790386,False,0,0.300859,False
2026-07-21T12:33:09+00:00,req-00-0303,churn-pipeline-1.2.0,200,89.12,-0.06439056312028967,False,0,0.353262,False
2026-07-21T01:12:46+00:00,req-00-0304,churn-pipeline-1.2.0,200,54.37,-1.1055434362391465,False,0,0.183965,False
2026-07-21T20:35:53+00:00,req-00-0305,churn-pipeline-1.2.0,200,84.12,-0.3511789809736705,False,0,0.299747,False
2026-07-21T20:49:05+00:00,req-00-0306,churn-pipeline-1.2.0,200,80.73,1.3650468244339065,False,1,0.648007,False
2026-07-21T12:59:42+00:00,req-00-0307,churn-pipeline-1.2.0,200,47.89,0.6117880040870924,False,0,0.492506,False
2026-07-21T07:20:21+00:00,req-00-0308,churn-pipeline-1.2.0,200,88.77,1.8189271856804414,False,1,0.730289,False
2026-07-21T02:22:30+00:00,req-00-0309,churn-pipeline-1.2.0,200,81.28,1.2362824834265784,False,1,0.622657,False
2026-07-21T14:51:14+00:00,req-00-0310,churn-pipeline-1.2.0,200,67.16,0.46104101287605503,False,0,0.460553,False
2026-07-21T12:54:14+00:00,req-00-0311,churn-pipeline-1.2.0,200,50.93,1.8311312524761818,False,1,0.732327,False
2026-07-21T18:14:21+00:00,req-00-0312,churn-pipeline-1.2.0,200,49.37,0.4609428166752137,False,0,0.460533,False
2026-07-21T14:27:39+00:00,req-00-0313,churn-pipeline-1.2.0,200,54.73,0.8693875856369119,False,1,0.547105,False
2026-07-21T03:04:44+00:00,req-00-0314,churn-pipeline-1.2.0,200,77.33,-0.3113995012114438,False,0,0.306892,False
2026-07-21T02:55:20+00:00,req-00-0315,churn-pipeline-1.2.0,200,47.87,0.06987310665216508,False,0,0.37975,False
2026-07-21T18:44:24+00:00,req-00-0316,churn-pipeline-1.2.0,200,74.77,-0.7322950144652908,False,0,0.236412,False
2026-07-21T03:48:59+00:00,req-00-0317,churn-pipeline-1.2.0,200,43.69,1.0390631313245957,False,1,0.582539,False
2026-07-21T22:31:27+00:00,req-00-0318,churn-pipeline-1.2.0,200,60.89,-1.237218804270609,False,0,0.167753,False
2026-07-21T02:32:33+00:00,req-00-0319,churn-pipeline-1.2.0,200,67.32,0.8214678595385444,False,1,0.536994,False
2026-07-21T17:28:51+00:00,req-00-0320,churn-pipeline-1.2.0,200,142.14,-0.20018361038041743,False,0,0.327359,False
2026-07-21T23:24:19+00:00,req-00-0321,churn-pipeline-1.2.0,200,41.83,1.2298094481406854,False,1,0.621363,False
2026-07-21T10:35:21+00:00,req-00-0322,churn-pipeline-1.2.0,200,104.11,0.7884124381678229,False,1,0.530002,False
2026-07-21T01:21:40+00:00,req-00-0323,churn-pipeline-1.2.0,200,68.19,1.9116784655291417,False,1,0.745533,False
2026-07-21T21:02:24+00:00,req-00-0324,churn-pipeline-1.2.0,200,74.14,0.767313425695577,False,1,0.525532,False
2026-07-21T04:29:43+00:00,req-00-0325,churn-pipeline-1.2.0,200,67.51,-1.6506422684359028,False,0,0.124222,False
2026-07-21T12:39:32+00:00,req-00-0326,churn-pipeline-1.2.0,200,74.94,-0.07030083154311088,False,0,0.352115,False
2026-07-21T23:37:43+00:00,req-00-0327,churn-pipeline-1.2.0,200,61.88,-1.2306075522245568,False,0,0.168539,False
2026-07-21T17:52:28+00:00,req-00-0328,churn-pipeline-1.2.0,200,103.51,-0.5441938344845885,False,0,0.266478,False
2026-07-21T01:06:41+00:00,req-00-0329,churn-pipeline-1.2.0,200,56.17,1.5867898549405577,False,1,0.689712,False
2026-07-21T19:41:31+00:00,req-00-0330,churn-pipeline-1.2.0,200,93.38,0.6694105014425809,False,1,0.50475,False
2026-07-21T03:52:11+00:00,req-00-0331,churn-pipeline-1.2.0,200,52.89,-0.7338769500076837,False,0,0.23617,False
2026-07-21T17:59:04+00:00,req-00-0332,churn-pipeline-1.2.0,200,63.76,-1.0644032347624188,False,0,0.189273,False
2026-07-21T14:54:10+00:00,req-00-0333,churn-pipeline-1.2.0,200,46.13,0.03442119752007383,False,0,0.372679,False
2026-07-21T06:54:30+00:00,req-00-0334,churn-pipeline-1.2.0,200,75.19,-1.2773881568501841,False,0,0.16304,False
2026-07-21T10:09:59+00:00,req-00-0335,churn-pipeline-1.2.0,200,103.22,-0.7046972912664102,False,0,0.240673,False
2026-07-21T02:49:41+00:00,req-00-0336,churn-pipeline-1.2.0,200,63.41,0.3276099451288061,False,0,0.432531,False
2026-07-21T23:40:58+00:00,req-00-0337,churn-pipeline-1.2.0,200,61.03,1.2130776379120312,False,1,0.618011,False
2026-07-21T05:43:12+00:00,req-00-0338,churn-pipeline-1.2.0,200,45.5,0.6391995458356617,False,0,0.49833,False
2026-07-21T07:24:29+00:00,req-00-0339,churn-pipeline-1.2.0,200,60.4,-2.405853984028005,False,0,0.069462,False
2026-07-21T12:04:08+00:00,req-00-0340,churn-pipeline-1.2.0,200,39.04,0.3195850654817728,False,0,0.430858,False
2026-07-21T16:08:13+00:00,req-00-0341,churn-pipeline-1.2.0,200,48.53,0.07563525189420682,False,0,0.380905,False
2026-07-21T12:07:35+00:00,req-00-0342,churn-pipeline-1.2.0,200,69.89,0.43458479964132773,False,0,0.454972,False
2026-07-21T12:07:24+00:00,req-00-0343,churn-pipeline-1.2.0,200,99.13,1.6970201657337678,False,1,0.709399,False
2026-07-21T13:59:00+00:00,req-00-0344,churn-pipeline-1.2.0,200,159.71,-2.16640019064498,False,0,0.083828,False
2026-07-21T20:35:04+00:00,req-00-0345,churn-pipeline-1.2.0,200,53.88,-0.6206585964506609,False,0,0.253968,False
2026-07-21T09:28:56+00:00,req-00-0346,churn-pipeline-1.2.0,200,102.89,0.6204516389330224,False,0,0.494346,False
2026-07-21T19:58:16+00:00,req-00-0347,churn-pipeline-1.2.0,200,70.27,-1.6606741194266395,False,0,0.123297,False
2026-07-21T18:53:07+00:00,req-00-0348,churn-pipeline-1.2.0,200,61.93,1.5497465004561843,False,1,0.682933,False
2026-07-21T23:03:50+00:00,req-00-0349,churn-pipeline-1.2.0,200,74.65,0.38677444333569133,False,0,0.444914,False
2026-07-21T21:54:56+00:00,req-00-0350,churn-pipeline-1.2.0,200,66.3,0.8889131851355743,False,1,0.551214,False
2026-07-21T19:09:22+00:00,req-00-0351,churn-pipeline-1.2.0,200,67.34,,True,0,0.365864,False
2026-07-21T05:55:17+00:00,req-00-0352,churn-pipeline-1.2.0,200,57.04,0.8544518744645211,False,1,0.543957,False
2026-07-21T18:34:59+00:00,req-00-0353,churn-pipeline-1.2.0,200,41.55,1.1218951337884904,False,1,0.599555,False
2026-07-21T17:40:35+00:00,req-00-0354,churn-pipeline-1.2.0,200,39.66,,True,0,0.365864,False
2026-07-21T06:56:52+00:00,req-00-0355,churn-pipeline-1.2.0,200,80.11,0.24612093733363075,False,0,0.415616,False
2026-07-21T16:16:16+00:00,req-00-0356,churn-pipeline-1.2.0,200,59.49,0.2838604012458122,False,0,0.423428,False
2026-07-21T06:04:16+00:00,req-00-0357,churn-pipeline-1.2.0,200,53.71,-0.9065125279763507,False,0,0.210729,False
2026-07-21T12:33:15+00:00,req-00-0358,churn-pipeline-1.2.0,200,65.18,-0.15490511425237058,False,0,0.335889,False
2026-07-21T19:07:19+00:00,req-00-0359,churn-pipeline-1.2.0,200,83.83,-0.16014865907497675,False,0,0.334895,False
2026-07-21T04:31:29+00:00,req-00-0360,churn-pipeline-1.2.0,200,68.86,0.40256355757116985,False,0,0.448231,False
2026-07-21T08:05:12+00:00,req-00-0361,churn-pipeline-1.2.0,200,52.69,1.0498154592558093,False,1,0.58476,False
2026-07-21T19:05:08+00:00,req-00-0362,churn-pipeline-1.2.0,200,96.24,-1.11146288607733,False,0,0.183211,False
2026-07-21T10:53:27+00:00,req-00-0363,churn-pipeline-1.2.0,200,107.74,-0.13125948183555652,False,0,0.340387,False
2026-07-21T23:03:18+00:00,req-00-0364,churn-pipeline-1.2.0,200,76.15,1.555528325041922,False,1,0.683996,False
2026-07-21T00:11:27+00:00,req-00-0365,churn-pipeline-1.2.0,200,88.76,-0.7807676402531923,False,0,0.229055,False
2026-07-21T17:19:26+00:00,req-00-0366,churn-pipeline-1.2.0,200,96.72,-0.8633625181548363,False,0,0.216894,False
2026-07-21T19:32:26+00:00,req-00-0367,churn-pipeline-1.2.0,200,93.32,0.21242150142275326,False,0,0.408676,False
2026-07-21T22:01:43+00:00,req-00-0368,churn-pipeline-1.2.0,200,79.11,0.8866044500095862,False,1,0.550728,False
2026-07-21T03:45:43+00:00,req-00-0369,churn-pipeline-1.2.0,200,78.72,0.011997358338692298,False,0,0.368234,False
2026-07-21T23:37:13+00:00,req-00-0370,churn-pipeline-1.2.0,200,76.76,1.3954086199588387,False,1,0.653871,False
2026-07-21T09:24:52+00:00,req-00-0371,churn-pipeline-1.2.0,200,45.75,0.8996336816948532,False,1,0.553467,False
2026-07-21T08:26:57+00:00,req-00-0372,churn-pipeline-1.2.0,200,81.34,0.8839110702345649,False,1,0.550162,False
2026-07-21T08:31:58+00:00,req-00-0373,churn-pipeline-1.2.0,200,42.12,0.581822326390298,False,0,0.486141,False
2026-07-22T06:45:59+00:00,req-01-0000,churn-pipeline-1.2.0,200,50.07,1.888202085969216,False,1,0.741728,False
2026-07-22T07:44:08+00:00,req-01-0001,churn-pipeline-1.2.0,200,47.75,1.250959122305985,False,1,0.625583,False
2026-07-22T14:21:17+00:00,req-01-0002,churn-pipeline-1.2.0,200,97.48,-0.7310226541588948,False,0,0.236608,False
2026-07-22T09:17:18+00:00,req-01-0003,churn-pipeline-1.2.0,200,100.84,0.23516579979212013,False,0,0.413356,False
2026-07-22T03:22:11+00:00,req-01-0004,churn-pipeline-1.2.0,200,47.33,0.002099324235841595,False,0,0.366279,False
2026-07-22T19:40:57+00:00,req-01-0005,churn-pipeline-1.2.0,200,88.6,0.296053660763865,False,0,0.42596,False
2026-07-22T10:08:00+00:00,req-01-0006,churn-pipeline-1.2.0,200,63.22,-0.7336144577840713,False,0,0.23621,False
2026-07-22T06:09:36+00:00,req-01-0007,churn-pipeline-1.2.0,200,72.47,-0.09378642283577125,False,0,0.347574,False
2026-07-22T17:28:56+00:00,req-01-0008,churn-pipeline-1.2.0,200,75.31,-1.6779549940405496,False,0,0.121718,False
2026-07-22T17:53:12+00:00,req-01-0009,churn-pipeline-1.2.0,200,89.35,0.14187962446148616,False,0,0.394269,False
2026-07-22T03:43:15+00:00,req-01-0010,churn-pipeline-1.2.0,200,66.74,0.4725217070929237,False,0,0.462979,False
2026-07-22T01:46:08+00:00,req-01-0011,churn-pipeline-1.2.0,200,102.07,-0.2387903832760782,False,0,0.320174,False
2026-07-22T01:05:23+00:00,req-01-0012,churn-pipeline-1.2.0,200,71.77,-1.6958034351140272,False,0,0.120105,False
2026-07-22T18:22:39+00:00,req-01-0013,churn-pipeline-1.2.0,200,79.37,1.0379584559940356,False,1,0.58231,False
2026-07-22T15:01:04+00:00,req-01-0014,churn-pipeline-1.2.0,200,49.79,0.3827512898924424,False,0,0.44407,False
2026-07-22T19:00:30+00:00,req-01-0015,churn-pipeline-1.2.0,200,129.69,-0.7623158525860257,False,0,0.231837,False
2026-07-22T15:02:01+00:00,req-01-0016,churn-pipeline-1.2.0,200,75.55,-0.29463046917996716,False,0,0.309932,False
2026-07-22T09:38:26+00:00,req-01-0017,churn-pipeline-1.2.0,200,81.66,-1.5757028729209308,False,0,0.131319,False
2026-07-22T14:08:57+00:00,req-01-0018,churn-pipeline-1.2.0,200,38.85,-1.0766806341667996,False,0,0.187677,False
2026-07-22T17:20:22+00:00,req-01-0019,churn-pipeline-1.2.0,200,49.96,-0.5647019136749964,False,0,0.263085,False
2026-07-22T09:34:20+00:00,req-01-0020,churn-pipeline-1.2.0,200,96.59,1.2898418528941589,False,1,0.633292,False
2026-07-22T21:57:47+00:00,req-01-0021,churn-pipeline-1.2.0,200,71.25,-0.6714785604318495,False,0,0.245871,False
2026-07-22T21:35:25+00:00,req-01-0022,churn-pipeline-1.2.0,200,35.23,0.6722243422951967,False,1,0.505347,False
2026-07-22T19:13:01+00:00,req-01-0023,churn-pipeline-1.2.0,200,90.62,-0.5652320130046588,False,0,0.262997,False
2026-07-22T23:48:51+00:00,req-01-0024,churn-pipeline-1.2.0,200,54.62,0.26034493889446864,False,0,0.418555,False
2026-07-22T09:22:14+00:00,req-01-0025,churn-pipeline-1.2.0,200,102.11,-0.1484652772509923,False,0,0.337111,False
2026-07-22T02:44:18+00:00,req-01-0026,churn-pipeline-1.2.0,200,63.2,0.9167094300973806,False,1,0.557051,False
2026-07-22T11:37:16+00:00,req-01-0027,churn-pipeline-1.2.0,200,69.4,-0.5615519051294858,False,0,0.263604,False
2026-07-22T17:54:04+00:00,req-01-0028,churn-pipeline-1.2.0,200,94.79,-1.651154662502563,False,0,0.124174,False
2026-07-22T18:42:16+00:00,req-01-0029,churn-pipeline-1.2.0,200,48.77,-1.4510464829318144,False,0,0.143885,False
2026-07-22T09:19:28+00:00,req-01-0030,churn-pipeline-1.2.0,200,47.31,-0.5584713686398953,False,0,0.264113,False
2026-07-22T07:01:20+00:00,req-01-0031,churn-pipeline-1.2.0,200,61.04,-1.3115129692119554,False,0,0.159121,False
2026-07-22T10:41:28+00:00,req-01-0032,churn-pipeline-1.2.0,200,84.7,0.4307226164635289,False,0,0.454158,False
2026-07-22T19:17:35+00:00,req-01-0033,churn-pipeline-1.2.0,200,42.46,-0.4890565731009817,False,0,0.275739,False
2026-07-22T01:27:15+00:00,req-01-0034,churn-pipeline-1.2.0,200,38.12,2.4933368775277533,False,1,0.827689,False
2026-07-22T07:52:25+00:00,req-01-0035,churn-pipeline-1.2.0,200,84.6,-1.8246003248939886,False,0,0.109008,False
2026-07-22T05:31:01+00:00,req-01-0036,churn-pipeline-1.2.0,200,53.59,0.21381483764529127,False,0,0.408962,False
2026-07-22T19:20:37+00:00,req-01-0037,churn-pipeline-1.2.0,200,57.33,-1.1843506746809525,False,0,0.174121,False
2026-07-22T11:16:18+00:00,req-01-0038,churn-pipeline-1.2.0,500,35.88,-0.5180714074018126,False,0,0.270841,True
2026-07-22T02:04:59+00:00,req-01-0039,churn-pipeline-1.2.0,200,52.31,0.14849044700757139,False,0,0.395612,False
2026-07-22T06:16:58+00:00,req-01-0040,churn-pipeline-1.2.0,200,64.84,-2.4416399436180014,False,0,0.067522,False
2026-07-22T01:03:55+00:00,req-01-0041,churn-pipeline-1.2.0,200,87.54,0.24866742262742886,False,0,0.416142,False
2026-07-22T11:24:48+00:00,req-01-0042,churn-pipeline-1.2.0,200,50.78,1.9980528353878761,False,1,0.759208,False
2026-07-22T23:56:39+00:00,req-01-0043,churn-pipeline-1.2.0,200,110.47,-0.4761102132870225,False,0,0.277942,False
2026-07-22T13:36:48+00:00,req-01-0044,churn-pipeline-1.2.0,200,52.21,0.272798249645785,False,0,0.421134,False
2026-07-22T20:52:01+00:00,req-01-0045,churn-pipeline-1.2.0,200,52.24,1.0761677777816694,False,1,0.590188,False
2026-07-22T17:49:19+00:00,req-01-0046,churn-pipeline-1.2.0,200,106.31,-0.17215117502834637,False,0,0.332627,False
2026-07-22T21:11:18+00:00,req-01-0047,churn-pipeline-1.2.0,200,69.55,-0.6100081979580574,False,0,0.255687,False
2026-07-22T07:27:51+00:00,req-01-0048,churn-pipeline-1.2.0,200,54.47,-2.38952322390784,False,0,0.070365,False
2026-07-22T22:49:50+00:00,req-01-0049,churn-pipeline-1.2.0,200,61.85,0.673040255364722,False,1,0.505521,False
2026-07-22T05:43:38+00:00,req-01-0050,churn-pipeline-1.2.0,200,100.22,-0.1188268302153421,False,0,0.342764,False
2026-07-22T10:31:10+00:00,req-01-0051,churn-pipeline-1.2.0,200,103.91,-1.0633180439575698,False,0,0.189414,False
2026-07-22T16:21:02+00:00,req-01-0052,churn-pipeline-1.2.0,200,50.05,0.13292654579157825,False,0,0.392453,False
2026-07-22T06:53:02+00:00,req-01-0053,churn-pipeline-1.2.0,200,64.12,-0.6128643746464905,False,0,0.255225,False
2026-07-22T06:20:49+00:00,req-01-0054,churn-pipeline-1.2.0,200,66.9,-0.554847437671302,False,0,0.264712,False
2026-07-22T03:07:14+00:00,req-01-0055,churn-pipeline-1.2.0,200,47.41,0.6366057139141437,False,0,0.497779,False
2026-07-22T00:06:03+00:00,req-01-0056,churn-pipeline-1.2.0,200,63.85,-1.4053015318900368,False,0,0.148741,False
2026-07-22T12:01:44+00:00,req-01-0057,churn-pipeline-1.2.0,200,65.11,1.0996810503774463,False,1,0.595013,False
2026-07-22T23:40:55+00:00,req-01-0058,churn-pipeline-1.2.0,200,93.62,-1.4675704712743238,False,0,0.142164,False
2026-07-22T05:16:52+00:00,req-01-0059,churn-pipeline-1.2.0,200,95.66,-0.695836478773027,False,0,0.242052,False
2026-07-22T10:33:49+00:00,req-01-0060,churn-pipeline-1.2.0,200,58.5,2.019093503769906,False,1,0.762463,False
2026-07-22T22:27:11+00:00,req-01-0061,churn-pipeline-1.2.0,200,60.7,1.1837224997245435,False,1,0.612104,False
2026-07-22T18:32:07+00:00,req-01-0062,churn-pipeline-1.2.0,200,80.4,0.1024841921202122,False,0,0.386301,False
2026-07-22T00:05:45+00:00,req-01-0063,churn-pipeline-1.2.0,200,53.9,-0.9875567262762773,False,0,0.1995,False
2026-07-22T12:00:51+00:00,req-01-0064,churn-pipeline-1.2.0,200,78.47,-0.5557359220348879,False,0,0.264565,False
2026-07-22T03:26:12+00:00,req-01-0065,churn-pipeline-1.2.0,200,63.2,0.07693908031498123,False,0,0.381166,False
2026-07-22T05:55:42+00:00,req-01-0066,churn-pipeline-1.2.0,500,47.66,0.03939939395657834,False,0,0.373669,True
2026-07-22T05:54:55+00:00,req-01-0067,churn-pipeline-1.2.0,200,47.86,-0.095414476107261,False,0,0.347261,False
2026-07-22T14:41:58+00:00,req-01-0068,churn-pipeline-1.2.0,200,103.28,-0.03237413978839355,False,0,0.359504,False
2026-07-22T04:46:29+00:00,req-01-0069,churn-pipeline-1.2.0,200,61.83,-0.2250938651903698,False,0,0.322713,False
2026-07-22T06:02:41+00:00,req-01-0070,churn-pipeline-1.2.0,200,109.87,-1.5140776724220135,False,0,0.137411,False
2026-07-22T05:25:07+00:00,req-01-0071,churn-pipeline-1.2.0,200,55.15,-0.5423362792688745,False,0,0.266787,False
2026-07-22T08:33:54+00:00,req-01-0072,churn-pipeline-1.2.0,200,71.35,0.9603552566861889,False,1,0.566185,False
2026-07-22T15:44:42+00:00,req-01-0073,churn-pipeline-1.2.0,200,139.78,-1.4367510124286733,False,0,0.145388,False
2026-07-22T09:35:57+00:00,req-01-0074,churn-pipeline-1.2.0,200,46.34,-0.19903328711624246,False,0,0.327574,False
2026-07-22T07:51:37+00:00,req-01-0075,churn-pipeline-1.2.0,200,35.41,-0.8607416252093862,False,0,0.217273,False
2026-07-22T12:25:20+00:00,req-01-0076,churn-pipeline-1.2.0,200,98.11,0.11691795086801689,False,0,0.389213,False
2026-07-22T14:45:38+00:00,req-01-0077,churn-pipeline-1.2.0,200,49.89,-0.4080648401201591,False,0,0.289697,False
2026-07-22T00:22:07+00:00,req-01-0078,churn-pipeline-1.2.0,200,64.57,1.5512633482234026,False,1,0.683212,False
2026-07-22T21:21:58+00:00,req-01-0079,churn-pipeline-1.2.0,200,53.89,0.5319123118997665,False,0,0.475551,False
2026-07-22T21:59:39+00:00,req-01-0080,churn-pipeline-1.2.0,200,70.82,-1.377393324066072,False,0,0.15177,False
2026-07-22T14:27:40+00:00,req-01-0081,churn-pipeline-1.2.0,200,47.95,0.7047894121943835,False,1,0.512265,False
2026-07-22T13:47:25+00:00,req-01-0082,churn-pipeline-1.2.0,200,61.36,-0.8133844490751662,False,0,0.224196,False
2026-07-22T16:40:07+00:00,req-01-0083,churn-pipeline-1.2.0,200,75.06,-0.6058461899464103,False,0,0.256361,False
2026-07-22T10:34:50+00:00,req-01-0084,churn-pipeline-1.2.0,200,47.07,0.32950997111247793,False,0,0.432928,False
2026-07-22T08:46:19+00:00,req-01-0085,churn-pipeline-1.2.0,200,51.95,-0.5163347907166415,False,0,0.271132,False
2026-07-22T08:27:52+00:00,req-01-0086,churn-pipeline-1.2.0,200,58.16,0.9374986071391032,False,1,0.561407,False
2026-07-22T03:50:01+00:00,req-01-0087,churn-pipeline-1.2.0,200,41.15,-0.8132355645890652,False,0,0.224218,False
2026-07-22T20:11:16+00:00,req-01-0088,churn-pipeline-1.2.0,200,56.78,-0.6498938802209314,False,0,0.249289,False
2026-07-22T07:41:38+00:00,req-01-0089,churn-pipeline-1.2.0,200,67.52,-0.6891894382255144,False,0,0.24309,False
2026-07-22T06:49:32+00:00,req-01-0090,churn-pipeline-1.2.0,200,57.2,-0.5939206857727909,False,0,0.258298,False
2026-07-22T23:08:34+00:00,req-01-0091,churn-pipeline-1.2.0,200,59.59,1.1541511333252037,False,1,0.606119,False
2026-07-22T12:09:39+00:00,req-01-0092,churn-pipeline-1.2.0,200,64.59,0.6602361082908182,False,1,0.5028,False
2026-07-22T14:55:24+00:00,req-01-0093,churn-pipeline-1.2.0,200,52.7,1.7954411517126747,False,1,0.726339,False
2026-07-22T05:53:26+00:00,req-01-0094,churn-pipeline-1.2.0,500,81.09,2.3810264140942174,False,1,0.813645,True
2026-07-22T06:39:36+00:00,req-01-0095,churn-pipeline-1.2.0,200,102.91,-1.0822528835289569,False,0,0.186956,False
2026-07-22T17:28:48+00:00,req-01-0096,churn-pipeline-1.2.0,200,56.02,0.07394008369365333,False,0,0.380565,False
2026-07-22T10:49:19+00:00,req-01-0097,churn-pipeline-1.2.0,200,75.92,-1.2350103324756045,False,0,0.168015,False
2026-07-22T03:32:45+00:00,req-01-0098,churn-pipeline-1.2.0,200,60.2,-0.8164862241356805,False,0,0.223738,False
2026-07-22T20:03:08+00:00,req-01-0099,churn-pipeline-1.2.0,200,73.06,-0.6615866357684529,False,0,0.247433,False
2026-07-22T09:39:58+00:00,req-01-0100,churn-pipeline-1.2.0,200,107.28,-1.1100126178451881,False,0,0.183395,False
2026-07-22T16:02:33+00:00,req-01-0101,churn-pipeline-1.2.0,200,76.49,-1.1044816365433343,False,0,0.1841,False
2026-07-22T08:11:26+00:00,req-01-0102,churn-pipeline-1.2.0,200,36.85,-0.15149859744626762,False,0,0.336535,False
2026-07-22T13:27:20+00:00,req-01-0103,churn-pipeline-1.2.0,200,75.16,-1.2775543393057274,False,0,0.163021,False
2026-07-22T18:36:54+00:00,req-01-0104,churn-pipeline-1.2.0,200,96.44,0.8842333070945145,False,1,0.55023,False
2026-07-22T21:14:38+00:00,req-01-0105,churn-pipeline-1.2.0,200,60.55,-0.96364121428839,False,0,0.202766,False
2026-07-22T04:58:34+00:00,req-01-0106,churn-pipeline-1.2.0,200,89.39,2.950047418601212,False,1,0.876267,False
2026-07-22T16:08:18+00:00,req-01-0107,churn-pipeline-1.2.0,200,52.12,-0.47395367351261497,False,0,0.27831,False
2026-07-22T21:57:04+00:00,req-01-0108,churn-pipeline-1.2.0,200,40.41,0.07561852401290484,False,0,0.380901,False
2026-07-22T15:25:31+00:00,req-01-0109,churn-pipeline-1.2.0,200,68.0,-1.360108243689337,False,0,0.153671,False
2026-07-22T03:26:02+00:00,req-01-0110,churn-pipeline-1.2.0,200,37.05,1.7913963460340214,False,1,0.725655,False
2026-07-22T04:33:15+00:00,req-01-0111,churn-pipeline-1.2.0,200,60.2,1.1754757148430621,False,1,0.610438,False
2026-07-22T04:52:02+00:00,req-01-0112,churn-pipeline-1.2.0,200,98.12,0.3117616642729182,False,0,0.429228,False
2026-07-22T02:33:11+00:00,req-01-0113,churn-pipeline-1.2.0,200,35.28,-1.414142676218544,False,0,0.147792,False
2026-07-22T18:05:22+00:00,req-01-0114,churn-pipeline-1.2.0,200,43.16,0.22120022161085132,False,0,0.41048,False
2026-07-22T23:09:48+00:00,req-01-0115,churn-pipeline-1.2.0,200,46.72,-1.1775025983181178,False,0,0.17496,False
2026-07-22T12:24:18+00:00,req-01-0116,churn-pipeline-1.2.0,200,63.7,1.535473026647029,False,1,0.6803,False
2026-07-22T14:22:21+00:00,req-01-0117,churn-pipeline-1.2.0,200,57.82,0.8496544684458314,False,1,0.542945,False
2026-07-22T18:34:07+00:00,req-01-0118,churn-pipeline-1.2.0,200,101.71,0.10021099041212293,False,0,0.385843,False
2026-07-22T09:58:35+00:00,req-01-0119,churn-pipeline-1.2.0,200,88.22,-2.5581944464096886,False,0,0.061545,False
2026-07-22T11:20:20+00:00,req-01-0120,churn-pipeline-1.2.0,200,76.16,-1.0325867775919821,False,0,0.193457,False
2026-07-22T14:08:11+00:00,req-01-0121,churn-pipeline-1.2.0,200,68.1,0.7221491881798661,False,1,0.515951,False
2026-07-22T07:18:41+00:00,req-01-0122,churn-pipeline-1.2.0,200,73.72,1.2735278763093136,False,1,0.630066,False
2026-07-22T01:29:00+00:00,req-01-0123,churn-pipeline-1.2.0,200,49.33,1.1646283020667383,False,1,0.608243,False
2026-07-22T13:37:35+00:00,req-01-0124,churn-pipeline-1.2.0,200,85.52,-1.671613652353528,False,0,0.122295,False
2026-07-22T19:43:51+00:00,req-01-0125,churn-pipeline-1.2.0,200,45.54,,True,0,0.365864,False
2026-07-22T01:45:26+00:00,req-01-0126,churn-pipeline-1.2.0,200,84.92,1.0662909773070761,False,1,0.588156,False
2026-07-22T05:11:58+00:00,req-01-0127,churn-pipeline-1.2.0,200,95.01,-1.7412523438613574,False,0,0.116082,False
2026-07-22T06:18:42+00:00,req-01-0128,churn-pipeline-1.2.0,200,69.54,-0.008299741141898164,False,0,0.364229,False
2026-07-22T19:18:32+00:00,req-01-0129,churn-pipeline-1.2.0,200,61.44,0.2875345182238791,False,0,0.42419,False
2026-07-22T12:06:37+00:00,req-01-0130,churn-pipeline-1.2.0,200,73.88,-0.3158028140890717,False,0,0.306097,False
2026-07-22T12:49:30+00:00,req-01-0131,churn-pipeline-1.2.0,200,26.02,-1.9447699481712617,False,0,0.099477,False
2026-07-22T15:29:10+00:00,req-01-0132,churn-pipeline-1.2.0,200,71.6,-0.3419830155774151,False,0,0.30139,False
2026-07-22T06:38:15+00:00,req-01-0133,churn-pipeline-1.2.0,200,62.68,-0.3436707017677752,False,0,0.301088,False
2026-07-22T17:07:30+00:00,req-01-0134,churn-pipeline-1.2.0,200,63.96,-0.1554760247751419,False,0,0.335781,False
2026-07-22T00:43:30+00:00,req-01-0135,churn-pipeline-1.2.0,200,81.49,-0.5916449966963231,False,0,0.258669,False
2026-07-22T02:43:45+00:00,req-01-0136,churn-pipeline-1.2.0,200,63.46,-0.4651627609035407,False,0,0.279813,False
2026-07-22T19:34:48+00:00,req-01-0137,churn-pipeline-1.2.0,200,45.13,-0.0416915964643268,False,0,0.357682,False
2026-07-22T15:47:48+00:00,req-01-0138,churn-pipeline-1.2.0,200,62.12,0.4645773352181967,False,0,0.4613,False
2026-07-22T04:14:06+00:00,req-01-0139,churn-pipeline-1.2.0,200,66.42,-0.3196481009995006,False,0,0.305403,False
2026-07-22T10:31:48+00:00,req-01-0140,churn-pipeline-1.2.0,200,67.44,-0.430131374786402,False,0,0.285853,False
2026-07-22T01:14:35+00:00,req-01-0141,churn-pipeline-1.2.0,200,68.46,0.09697174016718099,False,0,0.385191,False
2026-07-22T16:07:27+00:00,req-01-0142,churn-pipeline-1.2.0,200,90.65,-2.0169617221899405,False,0,0.094113,False
2026-07-22T18:08:27+00:00,req-01-0143,churn-pipeline-1.2.0,200,45.92,0.500886883587781,False,0,0.468978,False
2026-07-22T06:40:53+00:00,req-01-0144,churn-pipeline-1.2.0,200,68.76,-0.0005912519791067487,False,0,0.365748,False
2026-07-22T08:24:03+00:00,req-01-0145,churn-pipeline-1.2.0,200,98.22,0.04167820292743992,False,0,0.374122,False
2026-07-22T05:41:01+00:00,req-01-0146,churn-pipeline-1.2.0,200,37.31,1.0087710229741873,False,1,0.576264,False
2026-07-22T09:20:38+00:00,req-01-0147,churn-pipeline-1.2.0,200,68.85,-2.0504563065506605,False,0,0.091714,False
2026-07-22T06:32:07+00:00,req-01-0148,churn-pipeline-1.2.0,200,53.9,-2.072525563351912,False,0,0.090163,False
2026-07-22T05:55:46+00:00,req-01-0149,churn-pipeline-1.2.0,200,57.73,0.28749403758969555,False,0,0.424182,False
2026-07-22T10:19:29+00:00,req-01-0150,churn-pipeline-1.2.0,200,48.66,-0.007472697884941561,False,0,0.364392,False
2026-07-22T20:37:13+00:00,req-01-0151,churn-pipeline-1.2.0,200,61.57,0.17868579035152884,False,0,0.401765,False
2026-07-22T18:18:20+00:00,req-01-0152,churn-pipeline-1.2.0,200,117.17,-0.48523342893106786,False,0,0.276388,False
2026-07-22T07:08:09+00:00,req-01-0153,churn-pipeline-1.2.0,200,43.37,0.6975713579519278,False,1,0.510732,False
2026-07-22T22:37:41+00:00,req-01-0154,churn-pipeline-1.2.0,200,44.71,0.979270785140676,False,1,0.57013,False
2026-07-22T05:02:40+00:00,req-01-0155,churn-pipeline-1.2.0,200,42.85,0.5081814086491034,False,0,0.470523,False
2026-07-22T21:51:27+00:00,req-01-0156,churn-pipeline-1.2.0,200,112.97,-0.2738698813248123,False,0,0.313719,False
2026-07-22T07:25:19+00:00,req-01-0157,churn-pipeline-1.2.0,200,56.06,-2.2130738569951234,False,0,0.080831,False
2026-07-22T12:57:58+00:00,req-01-0158,churn-pipeline-1.2.0,200,64.47,0.8076980184389846,False,1,0.534083,False
2026-07-22T04:52:32+00:00,req-01-0159,churn-pipeline-1.2.0,200,57.14,1.2828150995284724,False,1,0.631904,False
2026-07-22T18:17:18+00:00,req-01-0160,churn-pipeline-1.2.0,200,48.05,0.676786332583179,False,1,0.506317,False
2026-07-22T07:37:25+00:00,req-01-0161,churn-pipeline-1.2.0,200,60.29,-0.9236245487358818,False,0,0.20832,False
2026-07-22T20:56:30+00:00,req-01-0162,churn-pipeline-1.2.0,200,142.74,0.7074841133511458,False,1,0.512838,False
2026-07-22T01:59:25+00:00,req-01-0163,churn-pipeline-1.2.0,200,101.48,0.9035561933595178,False,1,0.554291,False
2026-07-22T12:02:52+00:00,req-01-0164,churn-pipeline-1.2.0,200,49.47,1.63675706018904,False,1,0.698727,False
2026-07-22T03:48:16+00:00,req-01-0165,churn-pipeline-1.2.0,200,79.97,-0.9199154204393556,False,0,0.208841,False
2026-07-22T21:20:05+00:00,req-01-0166,churn-pipeline-1.2.0,200,49.81,-0.2377773137713454,False,0,0.320362,False
2026-07-22T10:00:33+00:00,req-01-0167,churn-pipeline-1.2.0,200,36.82,0.7846356537006279,False,1,0.529202,False
2026-07-22T16:11:14+00:00,req-01-0168,churn-pipeline-1.2.0,200,90.07,0.06028057501006568,False,0,0.377832,False
2026-07-22T21:06:25+00:00,req-01-0169,churn-pipeline-1.2.0,200,94.22,-1.1731939821538386,False,0,0.175489,False
2026-07-22T12:51:19+00:00,req-01-0170,churn-pipeline-1.2.0,200,90.84,0.43534709927803816,False,0,0.455132,False
2026-07-22T01:22:29+00:00,req-01-0171,churn-pipeline-1.2.0,200,55.93,0.607594715505925,False,0,0.491615,False
2026-07-22T05:17:50+00:00,req-01-0172,churn-pipeline-1.2.0,200,61.62,0.09236104114755209,False,0,0.384263,False
2026-07-22T05:06:15+00:00,req-01-0173,churn-pipeline-1.2.0,200,82.62,0.23056417353894137,False,0,0.412408,False
2026-07-22T21:56:25+00:00,req-01-0174,churn-pipeline-1.2.0,200,73.68,-0.2716411967700167,False,0,0.314127,False
2026-07-22T21:48:01+00:00,req-01-0175,churn-pipeline-1.2.0,200,57.31,1.5521928825018623,False,1,0.683383,False
2026-07-22T11:26:49+00:00,req-01-0176,churn-pipeline-1.2.0,200,38.72,-0.9457267928983104,False,0,0.205239,False
2026-07-22T21:21:37+00:00,req-01-0177,churn-pipeline-1.2.0,200,67.41,-0.6166868009019678,False,0,0.254608,False
2026-07-22T05:54:15+00:00,req-01-0178,churn-pipeline-1.2.0,200,91.81,0.011534789203901902,False,0,0.368142,False
2026-07-22T16:18:24+00:00,req-01-0179,churn-pipeline-1.2.0,200,44.31,0.9229017290859373,False,1,0.55835,False
2026-07-22T09:24:23+00:00,req-01-0180,churn-pipeline-1.2.0,200,79.74,-1.5722418285992636,False,0,0.131655,False
2026-07-22T05:46:16+00:00,req-01-0181,churn-pipeline-1.2.0,200,72.28,-1.375811587253711,False,0,0.151943,False
2026-07-22T06:00:00+00:00,req-01-0182,churn-pipeline-1.2.0,200,82.64,-2.139614933121454,False,0,0.085593,False
2026-07-22T10:04:31+00:00,req-01-0183,churn-pipeline-1.2.0,200,85.92,0.03432998651593433,False,0,0.372661,False
2026-07-22T08:09:06+00:00,req-01-0184,churn-pipeline-1.2.0,200,52.05,-1.1742211080668712,False,0,0.175363,False
2026-07-22T05:04:09+00:00,req-01-0185,churn-pipeline-1.2.0,200,38.74,-0.4037776155188126,False,0,0.290448,False
2026-07-22T08:01:10+00:00,req-01-0186,churn-pipeline-1.2.0,200,54.8,0.6944470993862935,False,1,0.510069,False
2026-07-22T03:05:10+00:00,req-01-0187,churn-pipeline-1.2.0,200,86.39,-0.6736198568219889,False,0,0.245534,False
2026-07-22T23:16:19+00:00,req-01-0188,churn-pipeline-1.2.0,200,54.65,0.2428461238805328,False,0,0.41494,False
2026-07-22T09:07:11+00:00,req-01-0189,churn-pipeline-1.2.0,200,52.05,-0.31430480313930814,False,0,0.306367,False
2026-07-22T02:34:37+00:00,req-01-0190,churn-pipeline-1.2.0,200,36.29,0.7057200308512587,False,1,0.512463,False
2026-07-22T13:49:10+00:00,req-01-0191,churn-pipeline-1.2.0,200,113.89,0.49888447071540926,False,0,0.468555,False
2026-07-22T21:11:41+00:00,req-01-0192,churn-pipeline-1.2.0,200,84.66,-0.7265303809833406,False,0,0.237298,False
2026-07-22T08:38:18+00:00,req-01-0193,churn-pipeline-1.2.0,200,83.16,-0.17708434107047527,False,0,0.331697,False
2026-07-22T20:17:08+00:00,req-01-0194,churn-pipeline-1.2.0,200,88.59,1.0959305676065192,False,1,0.594245,False
2026-07-22T14:39:35+00:00,req-01-0195,churn-pipeline-1.2.0,200,78.17,0.4130457137668019,False,0,0.450436,False
2026-07-22T17:44:31+00:00,req-01-0196,churn-pipeline-1.2.0,200,60.11,-1.466810160638688,False,0,0.142242,False
2026-07-22T07:06:36+00:00,req-01-0197,churn-pipeline-1.2.0,200,61.68,0.6883989642299518,False,1,0.508784,False
2026-07-22T00:53:11+00:00,req-01-0198,churn-pipeline-1.2.0,200,56.69,-1.13884115355805,False,0,0.179754,False
2026-07-22T08:18:01+00:00,req-01-0199,churn-pipeline-1.2.0,200,151.03,1.4831387234590563,False,1,0.670549,False
2026-07-22T22:11:13+00:00,req-01-0200,churn-pipeline-1.2.0,200,77.66,1.0753037818330762,False,1,0.59001,False
2026-07-22T18:58:34+00:00,req-01-0201,churn-pipeline-1.2.0,200,56.03,0.30437974971432086,False,0,0.427691,False
2026-07-22T18:49:11+00:00,req-01-0202,churn-pipeline-1.2.0,200,75.44,0.16509448560800308,False,0,0.398991,False
2026-07-22T21:04:46+00:00,req-01-0203,churn-pipeline-1.2.0,200,47.04,-0.219483868828791,False,0,0.323757,False
2026-07-22T08:57:30+00:00,req-01-0204,churn-pipeline-1.2.0,200,105.2,0.7124501489700296,False,1,0.513892,False
2026-07-22T07:43:43+00:00,req-01-0205,churn-pipeline-1.2.0,200,52.61,-0.38931707793516473,False,0,0.292987,False
2026-07-22T22:12:16+00:00,req-01-0206,churn-pipeline-1.2.0,200,76.3,0.24734836417188857,False,0,0.415869,False
2026-07-22T13:42:58+00:00,req-01-0207,churn-pipeline-1.2.0,200,91.42,0.9155310848454237,False,1,0.556804,False
2026-07-22T07:09:03+00:00,req-01-0208,churn-pipeline-1.2.0,200,73.52,-0.5898968707018691,False,0,0.258954,False
2026-07-22T06:40:33+00:00,req-01-0209,churn-pipeline-1.2.0,200,66.99,-0.6470023769902293,False,0,0.249749,False
2026-07-22T21:03:16+00:00,req-01-0210,churn-pipeline-1.2.0,200,65.23,,True,0,0.365864,False
2026-07-22T01:16:48+00:00,req-01-0211,churn-pipeline-1.2.0,200,63.84,-1.117696383432481,False,0,0.182419,False
2026-07-22T01:28:50+00:00,req-01-0212,churn-pipeline-1.2.0,200,54.05,-1.9198150770135776,False,0,0.101393,False
2026-07-22T17:42:30+00:00,req-01-0213,churn-pipeline-1.2.0,200,56.29,0.7663202284663061,False,1,0.525321,False
2026-07-22T00:01:56+00:00,req-01-0214,churn-pipeline-1.2.0,200,104.36,1.8993602691869094,False,1,0.743541,False
2026-07-22T04:06:14+00:00,req-01-0215,churn-pipeline-1.2.0,200,62.78,1.496595390643821,False,1,0.673071,False
2026-07-22T23:46:30+00:00,req-01-0216,churn-pipeline-1.2.0,200,50.55,-1.7073887130578422,False,0,0.119069,False
2026-07-22T10:13:01+00:00,req-01-0217,churn-pipeline-1.2.0,200,55.1,0.76109740513401,False,1,0.524214,False
2026-07-22T17:27:50+00:00,req-01-0218,churn-pipeline-1.2.0,200,92.44,1.4932116674197344,False,1,0.672437,False
2026-07-22T11:41:20+00:00,req-01-0219,churn-pipeline-1.2.0,200,80.69,-0.47965047977559727,False,0,0.277338,False
2026-07-22T02:10:25+00:00,req-01-0220,churn-pipeline-1.2.0,200,77.77,,True,0,0.365864,False
2026-07-22T04:25:38+00:00,req-01-0221,churn-pipeline-1.2.0,200,59.86,-2.108287703344904,False,0,0.0877,False
2026-07-22T18:15:58+00:00,req-01-0222,churn-pipeline-1.2.0,200,78.09,0.2800729763754736,False,0,0.422642,False
2026-07-22T02:16:09+00:00,req-01-0223,churn-pipeline-1.2.0,200,52.9,-1.1167377159064533,False,0,0.182541,False
2026-07-22T14:16:14+00:00,req-01-0224,churn-pipeline-1.2.0,200,59.82,0.20961676880709026,False,0,0.4081,False
2026-07-22T08:21:08+00:00,req-01-0225,churn-pipeline-1.2.0,200,88.65,-1.6392630682983245,False,0,0.125278,False
2026-07-22T08:53:13+00:00,req-01-0226,churn-pipeline-1.2.0,200,85.98,0.5700011357014757,False,0,0.483631,False
2026-07-22T22:51:17+00:00,req-01-0227,churn-pipeline-1.2.0,200,47.47,1.0757383091980244,False,1,0.5901,False
2026-07-22T14:32:32+00:00,req-01-0228,churn-pipeline-1.2.0,200,49.43,-0.8223388548009261,False,0,0.222875,False
2026-07-22T14:45:47+00:00,req-01-0229,churn-pipeline-1.2.0,200,67.3,-1.1937687104809562,False,0,0.172973,False
2026-07-22T08:24:30+00:00,req-01-0230,churn-pipeline-1.2.0,200,112.93,-2.2638241946774804,False,0,0.077683,False
2026-07-22T09:09:13+00:00,req-01-0231,churn-pipeline-1.2.0,200,35.21,-0.2797342107789359,False,0,0.312647,False
2026-07-22T16:27:30+00:00,req-01-0232,churn-pipeline-1.2.0,200,71.05,-0.6106736309956854,False,0,0.255579,False
2026-07-22T00:56:01+00:00,req-01-0233,churn-pipeline-1.2.0,200,41.85,-1.6285703829654576,False,0,0.126277,False
2026-07-22T05:41:42+00:00,req-01-0234,churn-pipeline-1.2.0,200,53.06,0.47566969412778026,False,0,0.463644,False
2026-07-22T14:24:23+00:00,req-01-0235,churn-pipeline-1.2.0,200,57.85,-0.47246890095788163,False,0,0.278563,False
2026-07-22T14:57:53+00:00,req-01-0236,churn-pipeline-1.2.0,200,56.82,-1.1295227565774941,False,0,0.180925,False
2026-07-22T02:12:51+00:00,req-01-0237,churn-pipeline-1.2.0,200,54.79,-0.5823010259224695,False,0,0.260195,False
2026-07-22T18:54:28+00:00,req-01-0238,churn-pipeline-1.2.0,200,65.15,1.1248697658760964,False,1,0.600162,False
2026-07-22T13:01:15+00:00,req-01-0239,churn-pipeline-1.2.0,200,54.77,0.6330837909429834,False,0,0.49703,False
2026-07-22T05:42:18+00:00,req-01-0240,churn-pipeline-1.2.0,200,40.71,-0.13652736457341433,False,0,0.339382,False
2026-07-22T18:02:48+00:00,req-01-0241,churn-pipeline-1.2.0,200,83.42,0.6500602693880952,False,1,0.500638,False
2026-07-22T23:46:51+00:00,req-01-0242,churn-pipeline-1.2.0,200,82.71,-1.218957554206076,False,0,0.169931,False
2026-07-22T10:09:57+00:00,req-01-0243,churn-pipeline-1.2.0,200,85.13,0.03398860576338206,False,0,0.372593,False
2026-07-22T06:48:09+00:00,req-01-0244,churn-pipeline-1.2.0,200,39.7,0.1546884470107941,False,0,0.396872,False
2026-07-22T07:11:09+00:00,req-01-0245,churn-pipeline-1.2.0,200,71.52,-0.49332833392366326,False,0,0.275014,False
2026-07-22T14:13:20+00:00,req-01-0246,churn-pipeline-1.2.0,200,80.7,0.45723125275528875,False,0,0.459749,False
2026-07-22T01:08:13+00:00,req-01-0247,churn-pipeline-1.2.0,200,46.73,-0.8194551273766738,False,0,0.2233,False
2026-07-22T11:36:08+00:00,req-01-0248,churn-pipeline-1.2.0,200,65.19,0.5353117431649238,False,0,0.476272,False
2026-07-22T00:35:40+00:00,req-01-0249,churn-pipeline-1.2.0,200,62.63,0.5794517101078566,False,0,0.485637,False
2026-07-22T00:55:33+00:00,req-01-0250,churn-pipeline-1.2.0,200,117.2,-3.0630178747319197,False,0,0.040951,False
2026-07-22T10:19:14+00:00,req-01-0251,churn-pipeline-1.2.0,200,120.33,1.2498209886856235,False,1,0.625357,False
2026-07-22T17:53:32+00:00,req-01-0252,churn-pipeline-1.2.0,200,38.16,-3.200014193620392,False,0,0.036614,False
2026-07-22T21:12:01+00:00,req-01-0253,churn-pipeline-1.2.0,200,144.38,-0.6468514768339316,False,0,0.249773,False
2026-07-22T02:06:11+00:00,req-01-0254,churn-pipeline-1.2.0,200,48.5,1.0766154359706428,False,1,0.59028,False
2026-07-22T05:51:27+00:00,req-01-0255,churn-pipeline-1.2.0,200,88.96,-0.33315106151506274,False,0,0.302973,False
2026-07-22T10:07:11+00:00,req-01-0256,churn-pipeline-1.2.0,200,88.67,-1.5394952815930192,False,0,0.13487,False
2026-07-22T13:46:38+00:00,req-01-0257,churn-pipeline-1.2.0,200,47.26,-1.1484239148025042,False,0,0.178556,False
2026-07-22T23:41:21+00:00,req-01-0258,churn-pipeline-1.2.0,200,76.11,1.0782510336366506,False,1,0.590616,False
2026-07-22T16:25:24+00:00,req-01-0259,churn-pipeline-1.2.0,200,62.8,-2.0175797570760703,False,0,0.094068,False
2026-07-22T12:55:14+00:00,req-01-0260,churn-pipeline-1.2.0,200,77.62,1.1854406560101183,False,1,0.612451,False
2026-07-22T01:27:35+00:00,req-01-0261,churn-pipeline-1.2.0,200,69.98,-0.05785720399440381,False,0,0.354532,False
2026-07-22T01:56:22+00:00,req-01-0262,churn-pipeline-1.2.0,200,95.32,-1.2520150969645552,False,0,0.166005,False
2026-07-22T03:40:27+00:00,req-01-0263,churn-pipeline-1.2.0,200,66.59,-0.6122708259178257,False,0,0.255321,False
2026-07-22T15:51:32+00:00,req-01-0264,churn-pipeline-1.2.0,200,61.6,-1.0680855581567235,False,0,0.188793,False
2026-07-22T07:57:02+00:00,req-01-0265,churn-pipeline-1.2.0,200,92.31,0.9095364609014551,False,1,0.555546,False
2026-07-22T05:46:57+00:00,req-01-0266,churn-pipeline-1.2.0,200,78.27,0.7690492002509802,False,1,0.5259,False
2026-07-22T16:04:56+00:00,req-01-0267,churn-pipeline-1.2.0,200,82.15,-1.805119190569849,False,0,0.110627,False
2026-07-22T19:34:07+00:00,req-01-0268,churn-pipeline-1.2.0,200,52.55,-0.4237717244453008,False,0,0.286958,False
2026-07-22T10:32:12+00:00,req-01-0269,churn-pipeline-1.2.0,200,46.52,-0.9063449454614909,False,0,0.210753,False
2026-07-22T21:09:52+00:00,req-01-0270,churn-pipeline-1.2.0,200,54.2,1.3581854668823388,False,1,0.646675,False
2026-07-22T17:37:14+00:00,req-01-0271,churn-pipeline-1.2.0,200,53.29,-1.4176040740327422,False,0,0.147422,False
2026-07-22T17:11:25+00:00,req-01-0272,churn-pipeline-1.2.0,200,83.59,1.6844405599192647,False,1,0.70719,False
2026-07-22T20:49:20+00:00,req-01-0273,churn-pipeline-1.2.0,200,88.83,-0.03495947649278445,False,0,0.358998,False
2026-07-22T04:24:41+00:00,req-01-0274,churn-pipeline-1.2.0,200,61.85,-1.220031126699092,False,0,0.169803,False
2026-07-22T18:12:03+00:00,req-01-0275,churn-pipeline-1.2.0,200,102.75,-0.7111378932097417,False,0,0.239674,False
2026-07-22T22:59:08+00:00,req-01-0276,churn-pipeline-1.2.0,200,100.72,-0.8416997828068732,False,0,0.220038,False
2026-07-22T23:48:50+00:00,req-01-0277,churn-pipeline-1.2.0,200,70.27,-1.3383493221162814,False,0,0.156092,False
2026-07-22T13:52:22+00:00,req-01-0278,churn-pipeline-1.2.0,200,49.97,0.09956820271689446,False,0,0.385713,False
2026-07-22T18:06:16+00:00,req-01-0279,churn-pipeline-1.2.0,200,107.61,-1.2893113282264355,False,0,0.161662,False
2026-07-22T21:19:35+00:00,req-01-0280,churn-pipeline-1.2.0,200,63.74,-2.289384519175098,False,0,0.076141,False
2026-07-22T20:27:08+00:00,req-01-0281,churn-pipeline-1.2.0,200,67.68,-0.39866029439058176,False,0,0.291345,False
2026-07-22T21:32:49+00:00,req-01-0282,churn-pipeline-1.2.0,200,58.31,-1.892999006238777,False,0,0.103489,False
2026-07-22T19:58:36+00:00,req-01-0283,churn-pipeline-1.2.0,200,48.89,-0.7897689114708965,False,0,0.227707,False
2026-07-22T09:09:05+00:00,req-01-0284,churn-pipeline-1.2.0,200,40.63,-0.9545580330335237,False,0,0.204017,False
2026-07-22T17:31:34+00:00,req-01-0285,churn-pipeline-1.2.0,200,79.59,-0.914776875627105,False,0,0.209563,False
2026-07-22T09:51:01+00:00,req-01-0286,churn-pipeline-1.2.0,200,50.59,2.1010112566696613,False,1,0.774842,False
2026-07-22T19:14:35+00:00,req-01-0287,churn-pipeline-1.2.0,200,173.03,0.059232145528049306,False,0,0.377622,False
2026-07-22T19:26:45+00:00,req-01-0288,churn-pipeline-1.2.0,200,45.92,0.25763955944509875,False,0,0.417996,False
2026-07-22T22:25:56+00:00,req-01-0289,churn-pipeline-1.2.0,200,43.47,-1.8652182111594093,False,0,0.1057,False
2026-07-22T14:07:10+00:00,req-01-0290,churn-pipeline-1.2.0,200,76.53,-0.6866612903187681,False,0,0.243486,False
2026-07-22T11:24:17+00:00,req-01-0291,churn-pipeline-1.2.0,200,106.03,0.2260677614385876,False,0,0.411482,False
2026-07-22T03:58:23+00:00,req-01-0292,churn-pipeline-1.2.0,200,66.36,-1.0757553585586568,False,0,0.187796,False
2026-07-22T15:19:07+00:00,req-01-0293,churn-pipeline-1.2.0,200,78.06,0.9534659856938847,False,1,0.564746,False
2026-07-22T13:35:37+00:00,req-01-0294,churn-pipeline-1.2.0,200,36.03,-1.2628314151960818,False,0,0.164736,False
2026-07-22T12:21:30+00:00,req-01-0295,churn-pipeline-1.2.0,200,52.33,-0.3006844426584344,False,0,0.308833,False
2026-07-22T16:13:54+00:00,req-01-0296,churn-pipeline-1.2.0,200,46.1,-0.6153542219743366,False,0,0.254823,False
2026-07-22T20:25:29+00:00,req-01-0297,churn-pipeline-1.2.0,200,35.44,0.1725366923510118,False,0,0.400509,False
2026-07-22T03:34:05+00:00,req-01-0298,churn-pipeline-1.2.0,200,67.48,-0.6725145754481973,False,0,0.245708,False
2026-07-22T10:21:09+00:00,req-01-0299,churn-pipeline-1.2.0,200,31.71,-0.2844383084244842,False,0,0.311788,False
2026-07-22T17:20:07+00:00,req-01-0300,churn-pipeline-1.2.0,200,42.58,-0.24793659636688484,False,0,0.318484,False
2026-07-22T19:40:24+00:00,req-01-0301,churn-pipeline-1.2.0,200,54.73,-0.7711071452608661,False,0,0.230509,False
2026-07-22T18:40:52+00:00,req-01-0302,churn-pipeline-1.2.0,200,49.82,0.5093485619219683,False,0,0.47077,False
2026-07-22T19:11:04+00:00,req-01-0303,churn-pipeline-1.2.0,200,73.79,0.25030779357929656,False,0,0.41648,False
2026-07-22T20:31:15+00:00,req-01-0304,churn-pipeline-1.2.0,200,71.68,-0.09304464251582567,False,0,0.347717,False
2026-07-22T23:05:06+00:00,req-01-0305,churn-pipeline-1.2.0,200,86.52,-0.451981250135056,False,0,0.282077,False
2026-07-22T14:35:36+00:00,req-01-0306,churn-pipeline-1.2.0,200,82.69,0.8363712320459968,False,1,0.540142,False
2026-07-22T05:58:26+00:00,req-01-0307,churn-pipeline-1.2.0,200,93.64,-0.24762595600489043,False,0,0.318542,False
2026-07-22T13:31:30+00:00,req-01-0308,churn-pipeline-1.2.0,200,64.96,-0.3220321522172341,False,0,0.304973,False
2026-07-22T17:01:51+00:00,req-01-0309,churn-pipeline-1.2.0,200,71.63,0.10992453138253232,False,0,0.387801,False
2026-07-22T02:25:00+00:00,req-01-0310,churn-pipeline-1.2.0,200,76.56,1.7814160171193933,False,1,0.723963,False
2026-07-22T18:09:57+00:00,req-01-0311,churn-pipeline-1.2.0,200,68.01,-1.4073740184222643,False,0,0.148519,False
2026-07-22T13:03:39+00:00,req-01-0312,churn-pipeline-1.2.0,200,57.24,0.8083497377081225,False,1,0.534221,False
2026-07-22T22:28:14+00:00,req-01-0313,churn-pipeline-1.2.0,200,58.44,-1.9878297193000103,False,0,0.096246,False
2026-07-22T05:05:01+00:00,req-01-0314,churn-pipeline-1.2.0,200,50.04,0.22813681614005515,False,0,0.411908,False
2026-07-22T21:45:56+00:00,req-01-0315,churn-pipeline-1.2.0,200,74.39,1.6538369689891674,False,1,0.701774,False
2026-07-22T10:45:07+00:00,req-01-0316,churn-pipeline-1.2.0,200,63.07,0.5131019506906725,False,0,0.471565,False
2026-07-22T13:45:52+00:00,req-01-0317,churn-pipeline-1.2.0,200,52.57,0.17915633246678245,False,0,0.401861,False
2026-07-22T15:50:24+00:00,req-01-0318,churn-pipeline-1.2.0,200,52.59,-0.5884719422432294,False,0,0.259186,False
2026-07-22T13:53:58+00:00,req-01-0319,churn-pipeline-1.2.0,200,44.13,0.032599560512981955,False,0,0.372317,False
2026-07-22T21:41:31+00:00,req-01-0320,churn-pipeline-1.2.0,200,88.91,-0.2646659561735241,False,0,0.315406,False
2026-07-22T04:00:53+00:00,req-01-0321,churn-pipeline-1.2.0,200,66.66,-0.8252754383279232,False,0,0.222443,False
2026-07-22T17:31:01+00:00,req-01-0322,churn-pipeline-1.2.0,200,49.32,-0.30436939624861337,False,0,0.308165,False
2026-07-22T23:23:56+00:00,req-01-0323,churn-pipeline-1.2.0,200,84.19,0.20830021865776152,False,0,0.40783,False
2026-07-22T05:16:58+00:00,req-01-0324,churn-pipeline-1.2.0,200,54.33,-0.8055779219571724,False,0,0.225353,False
2026-07-22T06:07:13+00:00,req-01-0325,churn-pipeline-1.2.0,200,41.44,-0.8465959117189183,False,0,0.219325,False
2026-07-22T11:24:00+00:00,req-01-0326,churn-pipeline-1.2.0,500,90.12,-1.428255609471783,False,0,0.146288,True
2026-07-22T17:23:37+00:00,req-01-0327,churn-pipeline-1.2.0,200,54.74,0.4102612773933409,False,0,0.44985,False
2026-07-22T23:00:55+00:00,req-01-0328,churn-pipeline-1.2.0,200,57.03,0.5725894250654134,False,0,0.484181,False
2026-07-22T19:05:56+00:00,req-01-0329,churn-pipeline-1.2.0,200,65.86,0.24324346644834335,False,0,0.415022,False
2026-07-22T19:03:23+00:00,req-01-0330,churn-pipeline-1.2.0,200,93.69,1.0134290173650993,False,1,0.577231,False
2026-07-22T10:35:21+00:00,req-01-0331,churn-pipeline-1.2.0,200,65.42,0.0922610189347639,False,0,0.384243,False
2026-07-22T15:29:21+00:00,req-01-0332,churn-pipeline-1.2.0,200,44.29,0.41161148423404453,False,0,0.450134,False
2026-07-22T05:04:07+00:00,req-01-0333,churn-pipeline-1.2.0,200,77.36,0.319029296919441,False,0,0.430742,False
2026-07-22T11:06:56+00:00,req-01-0334,churn-pipeline-1.2.0,200,55.66,-0.09611702038911826,False,0,0.347125,False
2026-07-22T04:32:06+00:00,req-01-0335,churn-pipeline-1.2.0,200,118.93,-0.5573629195361297,False,0,0.264296,False
2026-07-22T00:39:03+00:00,req-01-0336,churn-pipeline-1.2.0,200,64.98,2.324860246581507,False,1,0.806298,False
2026-07-22T20:33:21+00:00,req-01-0337,churn-pipeline-1.2.0,200,31.79,-0.474548528846184,False,0,0.278208,False
2026-07-22T19:18:48+00:00,req-01-0338,churn-pipeline-1.2.0,200,72.87,-0.6991715966764582,False,0,0.241533,False
2026-07-22T12:15:29+00:00,req-01-0339,churn-pipeline-1.2.0,200,121.11,0.45571031462261236,False,0,0.459428,False
2026-07-22T00:20:52+00:00,req-01-0340,churn-pipeline-1.2.0,500,107.63,0.2644471360597554,False,0,0.419404,True
2026-07-22T02:09:47+00:00,req-01-0341,churn-pipeline-1.2.0,200,116.78,-1.4750311249908439,False,0,0.141392,False
2026-07-22T02:40:56+00:00,req-01-0342,churn-pipeline-1.2.0,200,46.9,1.1788121672919256,False,1,0.611112,False
2026-07-22T17:12:30+00:00,req-01-0343,churn-pipeline-1.2.0,200,87.03,-0.09890430411837497,False,0,0.346589,False
2026-07-22T04:53:01+00:00,req-01-0344,churn-pipeline-1.2.0,200,51.59,-1.1664776499765066,False,0,0.176316,False
2026-07-22T06:00:14+00:00,req-01-0345,churn-pipeline-1.2.0,200,69.84,1.2482233200715678,False,1,0.625038,False
2026-07-22T20:39:58+00:00,req-01-0346,churn-pipeline-1.2.0,200,43.25,0.6569593501759616,False,1,0.502104,False
2026-07-22T21:02:00+00:00,req-01-0347,churn-pipeline-1.2.0,200,52.89,-1.32776909154531,False,0,0.15728,False
2026-07-22T18:18:47+00:00,req-01-0348,churn-pipeline-1.2.0,200,52.35,1.8660419822706107,False,1,0.738104,False
2026-07-22T07:25:47+00:00,req-01-0349,churn-pipeline-1.2.0,200,86.65,0.6917372367845024,False,1,0.509493,False
2026-07-22T13:55:06+00:00,req-01-0350,churn-pipeline-1.2.0,500,83.98,-0.010705921406298438,False,0,0.363756,True
2026-07-22T04:48:23+00:00,req-01-0351,churn-pipeline-1.2.0,200,71.02,1.6697297459028684,False,1,0.704594,False
2026-07-22T20:35:23+00:00,req-01-0352,churn-pipeline-1.2.0,200,42.19,0.1672626730211226,False,0,0.399433,False
2026-07-22T02:02:11+00:00,req-01-0353,churn-pipeline-1.2.0,200,58.83,-0.02948722885923358,False,0,0.360069,False
2026-07-22T17:51:56+00:00,req-01-0354,churn-pipeline-1.2.0,200,51.19,-0.6933151218230885,False,0,0.242446,False
2026-07-22T12:16:36+00:00,req-01-0355,churn-pipeline-1.2.0,200,85.86,0.6109429612724325,False,0,0.492326,False
2026-07-22T18:10:45+00:00,req-01-0356,churn-pipeline-1.2.0,200,94.77,0.5004331156901789,False,0,0.468882,False
2026-07-22T10:49:03+00:00,req-01-0357,churn-pipeline-1.2.0,200,91.14,0.015414146884196853,False,0,0.368909,False
2026-07-22T03:47:41+00:00,req-01-0358,churn-pipeline-1.2.0,200,51.05,-0.8294856715609832,False,0,0.221825,False
2026-07-22T18:01:53+00:00,req-01-0359,churn-pipeline-1.2.0,200,27.05,0.13642634687437755,False,0,0.393163,False
2026-07-22T15:08:45+00:00,req-01-0360,churn-pipeline-1.2.0,200,36.93,-0.07328872505024478,False,0,0.351536,False
2026-07-22T11:09:01+00:00,req-01-0361,churn-pipeline-1.2.0,200,102.44,-1.4001480346709112,False,0,0.149297,False
2026-07-22T08:56:43+00:00,req-01-0362,churn-pipeline-1.2.0,200,57.17,-1.545402968890395,False,0,0.134285,False
2026-07-22T08:15:05+00:00,req-01-0363,churn-pipeline-1.2.0,200,51.12,0.593411047750258,False,0,0.488602,False
2026-07-22T11:32:50+00:00,req-01-0364,churn-pipeline-1.2.0,200,109.95,-2.7319827308042735,False,0,0.053546,False
2026-07-22T06:16:46+00:00,req-01-0365,churn-pipeline-1.2.0,200,97.44,0.21568105330932297,False,0,0.409346,False
2026-07-22T06:46:36+00:00,req-01-0366,churn-pipeline-1.2.0,200,65.51,-0.5019872106415157,False,0,0.273549,False
2026-07-22T06:40:31+00:00,req-01-0367,churn-pipeline-1.2.0,200,59.17,1.3736589372239056,False,1,0.649675,False
2026-07-22T00:18:15+00:00,req-01-0368,churn-pipeline-1.2.0,200,62.31,-0.5181416196115696,False,0,0.270829,False
2026-07-22T22:16:06+00:00,req-01-0369,churn-pipeline-1.2.0,200,69.9,0.6924584249644908,False,1,0.509646,False
2026-07-22T05:40:38+00:00,req-01-0370,churn-pipeline-1.2.0,200,108.46,-0.4167595332996812,False,0,0.288179,False
2026-07-22T03:57:42+00:00,req-01-0371,churn-pipeline-1.2.0,200,74.41,0.11943556116045062,False,0,0.389722,False
2026-07-22T03:37:41+00:00,req-01-0372,churn-pipeline-1.2.0,200,82.0,0.7736783574660537,False,1,0.526881,False
2026-07-22T23:42:58+00:00,req-01-0373,churn-pipeline-1.2.0,200,94.5,-0.4856835021408092,False,0,0.276312,False
2026-07-22T11:26:30+00:00,req-01-0374,churn-pipeline-1.2.0,200,44.71,1.0463826287233242,False,1,0.584051,False
2026-07-22T07:50:45+00:00,req-01-0375,churn-pipeline-1.2.0,200,82.76,-1.0433827709618073,False,0,0.19203,False
2026-07-22T09:41:36+00:00,req-01-0376,churn-pipeline-1.2.0,200,59.15,0.309322484686298,False,0,0.42872,False
2026-07-22T02:07:16+00:00,req-01-0377,churn-pipeline-1.2.0,200,29.06,0.9687717089272455,False,1,0.567941,False
2026-07-22T07:31:40+00:00,req-01-0378,churn-pipeline-1.2.0,200,32.9,0.6930393663798516,False,1,0.50977,False
2026-07-22T05:58:06+00:00,req-01-0379,churn-pipeline-1.2.0,500,46.93,2.0122671205721807,False,1,0.76141,True
2026-07-22T19:16:38+00:00,req-01-0380,churn-pipeline-1.2.0,200,77.04,-0.8016112831761936,False,0,0.225942,False
2026-07-22T01:24:07+00:00,req-01-0381,churn-pipeline-1.2.0,200,67.41,-1.4481067139160173,False,0,0.144193,False
2026-07-22T10:12:38+00:00,req-01-0382,churn-pipeline-1.2.0,200,68.95,-1.0440518639198755,False,0,0.191941,False
2026-07-22T18:57:38+00:00,req-01-0383,churn-pipeline-1.2.0,200,121.35,0.6934646948758589,False,1,0.50986,False
2026-07-22T20:00:22+00:00,req-01-0384,churn-pipeline-1.2.0,200,43.31,0.5228190809828476,False,0,0.473624,False
2026-07-22T12:18:04+00:00,req-01-0385,churn-pipeline-1.2.0,200,64.43,0.10736949262978657,False,0,0.387286,False
2026-07-22T05:20:26+00:00,req-01-0386,churn-pipeline-1.2.0,200,71.65,-1.1791049015624864,False,0,0.174763,False
2026-07-22T08:05:15+00:00,req-01-0387,churn-pipeline-1.2.0,200,51.36,0.8052106579955138,False,1,0.533557,False
2026-07-22T05:20:05+00:00,req-01-0388,churn-pipeline-1.2.0,200,65.59,-1.2859400165330674,False,0,0.162051,False
2026-07-22T15:53:21+00:00,req-01-0389,churn-pipeline-1.2.0,200,38.95,1.2168970614957448,False,1,0.618777,False
2026-07-22T07:01:24+00:00,req-01-0390,churn-pipeline-1.2.0,500,102.06,3.0003103442968584,False,1,0.880825,True
2026-07-22T15:08:07+00:00,req-01-0391,churn-pipeline-1.2.0,200,52.26,0.384773703900128,False,0,0.444494,False
2026-07-22T15:44:11+00:00,req-01-0392,churn-pipeline-1.2.0,200,124.52,0.6122635424406303,False,0,0.492607,False
2026-07-22T22:33:24+00:00,req-01-0393,churn-pipeline-1.2.0,200,64.33,-0.5175027573403373,False,0,0.270936,False
2026-07-22T08:53:18+00:00,req-01-0394,churn-pipeline-1.2.0,200,90.32,-1.9007239871411572,False,0,0.102881,False
2026-07-22T23:04:12+00:00,req-01-0395,churn-pipeline-1.2.0,200,63.9,-0.6328553311817334,False,0,0.252009,False
2026-07-22T09:37:01+00:00,req-01-0396,churn-pipeline-1.2.0,200,64.36,-1.1475400031536869,False,0,0.178666,False
2026-07-22T16:20:11+00:00,req-01-0397,churn-pipeline-1.2.0,200,53.92,-1.5193548052357666,False,0,0.13688,False
2026-07-22T15:52:43+00:00,req-01-0398,churn-pipeline-1.2.0,200,67.53,1.8084779390954318,False,1,0.728536,False
2026-07-22T19:37:39+00:00,req-01-0399,churn-pipeline-1.2.0,200,71.96,0.2865056439270617,False,0,0.423977,False
2026-07-22T11:15:31+00:00,req-01-0400,churn-pipeline-1.2.0,200,50.57,0.3986719596446829,False,0,0.447413,False
2026-07-22T19:01:05+00:00,req-01-0401,churn-pipeline-1.2.0,200,62.45,-0.32447348345606203,False,0,0.304533,False
2026-07-22T08:31:41+00:00,req-01-0402,churn-pipeline-1.2.0,200,53.47,-0.18151463656560818,False,0,0.330862,False
2026-07-22T11:47:28+00:00,req-01-0403,churn-pipeline-1.2.0,200,135.68,1.0127782163513002,False,1,0.577096,False
2026-07-22T11:59:31+00:00,req-01-0404,churn-pipeline-1.2.0,200,63.16,-0.033953974629976215,False,0,0.359195,False
2026-07-22T16:54:25+00:00,req-01-0405,churn-pipeline-1.2.0,200,106.58,0.5572286349259694,False,0,0.48092,False
2026-07-22T14:50:25+00:00,req-01-0406,churn-pipeline-1.2.0,200,61.06,-0.20580451273726666,False,0,0.326307,False
2026-07-22T01:52:41+00:00,req-01-0407,churn-pipeline-1.2.0,200,70.62,-0.35926053526864954,False,0,0.298307,False
2026-07-22T19:25:03+00:00,req-01-0408,churn-pipeline-1.2.0,200,42.59,-1.4772598738819551,False,0,0.141162,False
2026-07-22T18:11:33+00:00,req-01-0409,churn-pipeline-1.2.0,200,56.34,-2.0766365154854847,False,0,0.089877,False
2026-07-22T02:30:33+00:00,req-01-0410,churn-pipeline-1.2.0,200,69.53,-0.2746399961197219,False,0,0.313578,False
2026-07-22T23:05:02+00:00,req-01-0411,churn-pipeline-1.2.0,200,107.98,,True,0,0.365864,False
2026-07-22T15:51:26+00:00,req-01-0412,churn-pipeline-1.2.0,200,69.79,-1.3504365385442305,False,0,0.154744,False
2026-07-22T02:02:21+00:00,req-01-0413,churn-pipeline-1.2.0,200,101.21,-0.03619860828636452,False,0,0.358756,False
2026-07-22T11:47:36+00:00,req-01-0414,churn-pipeline-1.2.0,200,79.79,0.05644019114002713,False,0,0.377065,False
2026-07-22T20:04:00+00:00,req-01-0415,churn-pipeline-1.2.0,200,109.42,-2.2638084063623483,False,0,0.077684,False
2026-07-22T06:42:57+00:00,req-01-0416,churn-pipeline-1.2.0,200,63.78,-0.9608808924534763,False,0,0.203146,False
2026-07-22T22:23:29+00:00,req-01-0417,churn-pipeline-1.2.0,200,139.67,0.42762708842224195,False,0,0.453505,False
2026-07-22T10:02:30+00:00,req-01-0418,churn-pipeline-1.2.0,200,55.65,0.40641166586553107,False,0,0.44904,False
2026-07-22T05:25:42+00:00,req-01-0419,churn-pipeline-1.2.0,200,50.86,-1.2113586622197487,False,0,0.170844,False
2026-07-22T08:33:17+00:00,req-01-0420,churn-pipeline-1.2.0,200,44.13,0.1663704530247217,False,0,0.399251,False
2026-07-22T12:35:43+00:00,req-01-0421,churn-pipeline-1.2.0,200,137.05,1.0735275866284957,False,1,0.589645,False
2026-07-22T16:30:54+00:00,req-01-0422,churn-pipeline-1.2.0,200,84.49,0.8159266069404432,False,1,0.535823,False
2026-07-22T22:16:06+00:00,req-01-0423,churn-pipeline-1.2.0,200,58.41,-0.10005007636463129,False,0,0.346368,False
2026-07-22T04:40:38+00:00,req-01-0424,churn-pipeline-1.2.0,200,96.94,-0.49137512899050706,False,0,0.275345,False
2026-07-22T23:02:43+00:00,req-01-0425,churn-pipeline-1.2.0,200,81.0,-0.6608117085512296,False,0,0.247556,False
2026-07-22T12:39:53+00:00,req-01-0426,churn-pipeline-1.2.0,200,121.94,0.49121077205513997,False,0,0.466931,False
2026-07-22T03:04:09+00:00,req-01-0427,churn-pipeline-1.2.0,200,39.61,0.20485917180003244,False,0,0.407123,False
2026-07-22T22:14:06+00:00,req-01-0428,churn-pipeline-1.2.0,200,59.71,0.6608742064073104,False,1,0.502936,False
2026-07-22T08:22:33+00:00,req-01-0429,churn-pipeline-1.2.0,200,56.06,0.1384675037772096,False,0,0.393577,False
2026-07-22T14:53:38+00:00,req-01-0430,churn-pipeline-1.2.0,200,34.56,0.859702147864814,False,1,0.545064,False
2026-07-22T16:45:19+00:00,req-01-0431,churn-pipeline-1.2.0,200,91.26,0.09932215960558517,False,0,0.385664,False
2026-07-22T00:19:18+00:00,req-01-0432,churn-pipeline-1.2.0,200,59.61,0.8239231519382708,False,1,0.537513,False
2026-07-22T05:19:02+00:00,req-01-0433,churn-pipeline-1.2.0,200,82.36,0.9143639088849709,False,1,0.556559,False
2026-07-22T16:28:29+00:00,req-01-0434,churn-pipeline-1.2.0,200,138.31,-0.8447529617360542,False,0,0.219593,False
2026-07-22T07:47:40+00:00,req-01-0435,churn-pipeline-1.2.0,200,58.05,-1.8985512492142833,False,0,0.103052,False
2026-07-22T00:13:26+00:00,req-01-0436,churn-pipeline-1.2.0,200,56.8,1.6206674988152812,False,1,0.69584,False
2026-07-22T00:33:32+00:00,req-01-0437,churn-pipeline-1.2.0,200,67.52,0.26949166724787477,False,0,0.420449,False
2026-07-22T19:50:04+00:00,req-01-0438,churn-pipeline-1.2.0,200,89.15,-1.8002101902709278,False,0,0.111038,False
2026-07-22T03:41:04+00:00,req-01-0439,churn-pipeline-1.2.0,200,54.22,-0.7495104720796466,False,0,0.233781,False
2026-07-22T02:24:36+00:00,req-01-0440,churn-pipeline-1.2.0,200,53.12,0.8104680069883199,False,1,0.534669,False
2026-07-22T13:29:45+00:00,req-01-0441,churn-pipeline-1.2.0,200,91.17,-0.29366067268953766,False,0,0.310109,False
2026-07-22T02:51:16+00:00,req-01-0442,churn-pipeline-1.2.0,200,73.37,-0.5376644902850835,False,0,0.267564,False
2026-07-22T15:40:26+00:00,req-01-0443,churn-pipeline-1.2.0,200,33.79,1.470925953328615,False,1,0.668251,False
2026-07-22T13:03:29+00:00,req-01-0444,churn-pipeline-1.2.0,200,43.92,-1.099651503703001,False,0,0.184718,False
2026-07-22T15:34:25+00:00,req-01-0445,churn-pipeline-1.2.0,200,105.09,-0.8380610256425756,False,0,0.220569,False
2026-07-22T11:47:54+00:00,req-01-0446,churn-pipeline-1.2.0,200,73.92,0.22195579880068092,False,0,0.410636,False
2026-07-22T18:40:50+00:00,req-01-0447,churn-pipeline-1.2.0,200,50.93,0.4099776786565764,False,0,0.44979,False
2026-07-22T15:28:26+00:00,req-01-0448,churn-pipeline-1.2.0,200,61.55,0.5211601860577681,False,0,0.473272,False
2026-07-22T09:58:00+00:00,req-01-0449,churn-pipeline-1.2.0,200,65.28,0.9567999467973942,False,1,0.565442,False
2026-07-22T00:22:08+00:00,req-01-0450,churn-pipeline-1.2.0,200,82.25,0.2085075517155927,False,0,0.407872,False
2026-07-22T06:33:49+00:00,req-01-0451,churn-pipeline-1.2.0,200,42.09,0.5138531358853297,False,0,0.471724,False
2026-07-22T03:09:15+00:00,req-01-0452,churn-pipeline-1.2.0,200,49.66,-0.27216972228083736,False,0,0.31403,False
2026-07-22T00:22:26+00:00,req-01-0453,churn-pipeline-1.2.0,200,70.93,0.06583321839854996,False,0,0.378942,False
2026-07-22T06:33:21+00:00,req-01-0454,churn-pipeline-1.2.0,200,62.96,0.11291088905631615,False,0,0.388404,False
2026-07-22T04:57:32+00:00,req-01-0455,churn-pipeline-1.2.0,200,78.05,0.2258530426099879,False,0,0.411438,False
2026-07-22T01:50:30+00:00,req-01-0456,churn-pipeline-1.2.0,200,43.86,0.8111667979618988,False,1,0.534817,False
2026-07-22T07:29:50+00:00,req-01-0457,churn-pipeline-1.2.0,200,72.87,0.5829029660420726,False,0,0.48637,False
2026-07-22T12:09:27+00:00,req-01-0458,churn-pipeline-1.2.0,200,92.18,0.04642785304519226,False,0,0.375068,False
2026-07-22T04:16:37+00:00,req-01-0459,churn-pipeline-1.2.0,200,75.96,-0.8495822841880919,False,0,0.21889,False
2026-07-22T06:33:16+00:00,req-01-0460,churn-pipeline-1.2.0,200,67.96,0.07105482096584502,False,0,0.379987,False
2026-07-22T00:29:00+00:00,req-01-0461,churn-pipeline-1.2.0,200,63.04,-0.02941867414053113,False,0,0.360083,False
2026-07-23T03:46:43+00:00,req-02-0000,churn-pipeline-1.2.0,200,74.45,0.29489706616179834,False,0,0.425719,False
2026-07-23T12:41:03+00:00,req-02-0001,churn-pipeline-1.2.0,200,65.4,0.04851343960570125,False,0,0.375483,False
2026-07-23T08:03:02+00:00,req-02-0002,churn-pipeline-1.2.0,200,101.75,0.7312324853639077,False,1,0.517879,False
2026-07-23T03:55:56+00:00,req-02-0003,churn-pipeline-1.2.0,200,65.14,0.9818641990739231,False,1,0.57067,False
2026-07-23T00:17:38+00:00,req-02-0004,churn-pipeline-1.2.0,200,50.83,0.95678940545018,False,1,0.56544,False
2026-07-23T08:37:45+00:00,req-02-0005,churn-pipeline-1.2.0,200,60.06,-0.10581681174328617,False,0,0.345259,False
2026-07-23T15:10:24+00:00,req-02-0006,churn-pipeline-1.2.0,200,42.28,1.45634236640428,False,1,0.665498,False
2026-07-23T00:54:13+00:00,req-02-0007,churn-pipeline-1.2.0,200,74.02,0.23988371581893725,False,0,0.414329,False
2026-07-23T23:58:07+00:00,req-02-0008,churn-pipeline-1.2.0,200,78.5,0.6639950021940885,False,1,0.503599,False
2026-07-23T14:03:46+00:00,req-02-0009,churn-pipeline-1.2.0,200,143.24,0.29619228537662373,False,0,0.425989,False
2026-07-23T07:04:09+00:00,req-02-0010,churn-pipeline-1.2.0,200,53.27,0.25935704285838285,False,0,0.418351,False
2026-07-23T23:05:26+00:00,req-02-0011,churn-pipeline-1.2.0,200,59.66,-0.7725395897628357,False,0,0.230293,False
2026-07-23T04:24:51+00:00,req-02-0012,churn-pipeline-1.2.0,200,54.06,0.7364183802620674,False,1,0.51898,False
2026-07-23T22:58:56+00:00,req-02-0013,churn-pipeline-1.2.0,200,69.57,2.987559114653021,False,1,0.879682,False
2026-07-23T06:45:44+00:00,req-02-0014,churn-pipeline-1.2.0,200,73.44,-0.3935348285295875,False,0,0.292245,False
2026-07-23T09:06:48+00:00,req-02-0015,churn-pipeline-1.2.0,200,63.9,0.07454445119619557,False,0,0.380686,False
2026-07-23T10:12:35+00:00,req-02-0016,churn-pipeline-1.2.0,200,92.02,-0.4685155275646255,False,0,0.279239,False
2026-07-23T23:52:33+00:00,req-02-0017,churn-pipeline-1.2.0,200,53.35,-0.5124208966400313,False,0,0.27179,False
2026-07-23T06:01:18+00:00,req-02-0018,churn-pipeline-1.2.0,200,89.12,1.6216719520246066,False,1,0.696021,False
2026-07-23T23:20:56+00:00,req-02-0019,churn-pipeline-1.2.0,200,77.22,-0.706619568613838,False,0,0.240375,False
2026-07-23T08:19:37+00:00,req-02-0020,churn-pipeline-1.2.0,200,64.75,-0.49778449703467936,False,0,0.27426,False
2026-07-23T06:50:39+00:00,req-02-0021,churn-pipeline-1.2.0,200,58.77,-1.6668674649178665,False,0,0.122729,False
2026-07-23T15:19:01+00:00,req-02-0022,churn-pipeline-1.2.0,200,141.31,-0.7954923107693598,False,0,0.226853,False
2026-07-23T16:38:59+00:00,req-02-0023,churn-pipeline-1.2.0,200,50.05,-1.7938198876010152,False,0,0.111576,False
2026-07-23T08:16:50+00:00,req-02-0024,churn-pipeline-1.2.0,200,71.5,0.6633949341725253,False,1,0.503471,False
2026-07-23T03:13:03+00:00,req-02-0025,churn-pipeline-1.2.0,200,51.13,2.939682082929175,False,1,0.875308,False
2026-07-23T09:30:19+00:00,req-02-0026,churn-pipeline-1.2.0,200,115.1,-0.38501273333304825,False,0,0.293746,False
2026-07-23T12:58:12+00:00,req-02-0027,churn-pipeline-1.2.0,200,86.33,-1.7500958296397493,False,0,0.115313,False
2026-07-23T00:57:38+00:00,req-02-0028,churn-pipeline-1.2.0,200,52.32,0.9449996476512199,False,1,0.562976,False
2026-07-23T01:53:15+00:00,req-02-0029,churn-pipeline-1.2.0,200,76.59,-0.7632712068766647,False,0,0.231692,False
2026-07-23T22:01:50+00:00,req-02-0030,churn-pipeline-1.2.0,200,70.59,1.3643142770812173,False,1,0.647865,False
2026-07-23T00:51:38+00:00,req-02-0031,churn-pipeline-1.2.0,200,55.1,-0.2961305001794419,False,0,0.30966,False
2026-07-23T09:45:54+00:00,req-02-0032,churn-pipeline-1.2.0,200,82.85,-0.6634064735369198,False,0,0.247145,False
2026-07-23T18:20:00+00:00,req-02-0033,churn-pipeline-1.2.0,200,73.62,-0.1868554335329708,False,0,0.329858,False
2026-07-23T07:52:31+00:00,req-02-0034,churn-pipeline-1.2.0,200,69.64,0.7956655989829966,False,1,0.531537,False
2026-07-23T11:52:28+00:00,req-02-0035,churn-pipeline-1.2.0,200,64.13,-0.23879166229343926,False,0,0.320174,False
2026-07-23T02:04:32+00:00,req-02-0036,churn-pipeline-1.2.0,200,74.61,-0.5215609379333908,False,0,0.270255,False
2026-07-23T19:03:59+00:00,req-02-0037,churn-pipeline-1.2.0,200,69.95,-0.20877318312781543,False,0,0.325753,False
2026-07-23T15:13:13+00:00,req-02-0038,churn-pipeline-1.2.0,200,66.24,-1.3354479437259292,False,0,0.156417,False
2026-07-23T20:26:22+00:00,req-02-0039,churn-pipeline-1.2.0,200,52.95,0.41688318240867916,False,0,0.451243,False
2026-07-23T20:43:54+00:00,req-02-0040,churn-pipeline-1.2.0,200,111.76,-1.8760629235371558,False,0,0.104832,False
2026-07-23T08:25:09+00:00,req-02-0041,churn-pipeline-1.2.0,200,46.44,-0.46632752708379116,False,0,0.279614,False
2026-07-23T00:59:15+00:00,req-02-0042,churn-pipeline-1.2.0,200,74.53,0.7973544692722804,False,1,0.531894,False
2026-07-23T08:18:44+00:00,req-02-0043,churn-pipeline-1.2.0,200,58.67,0.31820069707935267,False,0,0.430569,False
2026-07-23T03:29:11+00:00,req-02-0044,churn-pipeline-1.2.0,200,114.14,0.6198366016357099,False,0,0.494216,False
2026-07-23T12:47:56+00:00,req-02-0045,churn-pipeline-1.2.0,200,48.68,-0.06829795635474957,False,0,0.352503,False
2026-07-23T03:30:48+00:00,req-02-0046,churn-pipeline-1.2.0,200,51.37,1.2282334900347927,False,1,0.621048,False
2026-07-23T22:07:32+00:00,req-02-0047,churn-pipeline-1.2.0,200,47.66,0.9709341566082816,False,1,0.568392,False
2026-07-23T14:27:16+00:00,req-02-0048,churn-pipeline-1.2.0,200,72.09,0.4684480544600583,False,0,0.462118,False
2026-07-23T06:04:22+00:00,req-02-0049,churn-pipeline-1.2.0,200,41.89,0.9739230661792202,False,1,0.569015,False
2026-07-23T22:06:34+00:00,req-02-0050,churn-pipeline-1.2.0,200,55.77,0.7879447321237556,False,1,0.529903,False
2026-07-23T18:28:21+00:00,req-02-0051,churn-pipeline-1.2.0,200,32.64,-0.4614366890142348,False,0,0.280452,False
2026-07-23T10:30:23+00:00,req-02-0052,churn-pipeline-1.2.0,200,70.2,-1.4110938572759004,False,0,0.148119,False
2026-07-23T03:30:58+00:00,req-02-0053,churn-pipeline-1.2.0,200,55.39,0.441380232134755,False,0,0.456404,False
2026-07-23T08:15:04+00:00,req-02-0054,churn-pipeline-1.2.0,200,40.37,0.5733936923730002,False,0,0.484351,False
2026-07-23T14:00:58+00:00,req-02-0055,churn-pipeline-1.2.0,500,92.0,1.1449955906954938,False,1,0.60426,True
2026-07-23T18:22:48+00:00,req-02-0056,churn-pipeline-1.2.0,200,42.77,-0.9831373387975583,False,0,0.2001,False
2026-07-23T06:17:10+00:00,req-02-0057,churn-pipeline-1.2.0,200,83.88,-0.9517526122410215,False,0,0.204405,False
2026-07-23T17:49:17+00:00,req-02-0058,churn-pipeline-1.2.0,200,51.94,0.4828952796231589,False,0,0.465172,False
2026-07-23T06:47:17+00:00,req-02-0059,churn-pipeline-1.2.0,200,108.52,-0.07472533829574098,False,0,0.351257,False
2026-07-23T05:55:19+00:00,req-02-0060,churn-pipeline-1.2.0,200,82.62,-1.9800496910996845,False,0,0.096822,False
2026-07-23T10:43:42+00:00,req-02-0061,churn-pipeline-1.2.0,200,47.08,0.3938635719419003,False,0,0.446403,False
2026-07-23T03:51:35+00:00,req-02-0062,churn-pipeline-1.2.0,200,48.47,-1.9450440607384025,False,0,0.099456,False
2026-07-23T09:42:42+00:00,req-02-0063,churn-pipeline-1.2.0,200,78.9,-0.992519379467045,False,0,0.198827,False
2026-07-23T08:35:14+00:00,req-02-0064,churn-pipeline-1.2.0,200,59.77,1.4192654415031125,False,1,0.658446,False
2026-07-23T06:43:15+00:00,req-02-0065,churn-pipeline-1.2.0,200,61.57,1.916122968697471,False,1,0.746249,False
2026-07-23T18:36:52+00:00,req-02-0066,churn-pipeline-1.2.0,200,97.66,-1.2764391868955598,False,0,0.16315,False
2026-07-23T07:57:41+00:00,req-02-0067,churn-pipeline-1.2.0,200,51.15,-0.345861114283329,False,0,0.300697,False
2026-07-23T16:40:53+00:00,req-02-0068,churn-pipeline-1.2.0,200,66.93,0.04475364923264128,False,0,0.374734,False
2026-07-23T17:17:12+00:00,req-02-0069,churn-pipeline-1.2.0,200,88.22,1.8702882739606466,False,1,0.738801,False
2026-07-23T15:58:49+00:00,req-02-0070,churn-pipeline-1.2.0,200,84.21,-0.5175123952156216,False,0,0.270935,False
2026-07-23T06:27:50+00:00,req-02-0071,churn-pipeline-1.2.0,200,61.76,-0.500728224184942,False,0,0.273762,False
2026-07-23T19:54:22+00:00,req-02-0072,churn-pipeline-1.2.0,200,59.26,1.626161836386005,False,1,0.696828,False
2026-07-23T05:40:38+00:00,req-02-0073,churn-pipeline-1.2.0,200,37.26,-0.3935286103541709,False,0,0.292246,False
2026-07-23T06:39:04+00:00,req-02-0074,churn-pipeline-1.2.0,200,46.36,0.7583117944147805,False,1,0.523624,False
2026-07-23T20:59:59+00:00,req-02-0075,churn-pipeline-1.2.0,200,71.97,-1.5510001133680489,False,0,0.133733,False
2026-07-23T08:09:08+00:00,req-02-0076,churn-pipeline-1.2.0,200,62.19,-0.17979438129694253,False,0,0.331186,False
2026-07-23T16:43:42+00:00,req-02-0077,churn-pipeline-1.2.0,200,66.58,-1.742576680242725,False,0,0.115967,False
2026-07-23T01:00:58+00:00,req-02-0078,churn-pipeline-1.2.0,200,90.64,-1.1082054700034896,False,0,0.183626,False
2026-07-23T14:44:37+00:00,req-02-0079,churn-pipeline-1.2.0,200,44.45,0.8811614229098765,False,1,0.549583,False
2026-07-23T20:50:59+00:00,req-02-0080,churn-pipeline-1.2.0,200,60.27,-0.052400660641048265,False,0,0.355594,False
2026-07-23T17:00:32+00:00,req-02-0081,churn-pipeline-1.2.0,200,69.05,-0.3350610275806234,False,0,0.302631,False
2026-07-23T13:58:41+00:00,req-02-0082,churn-pipeline-1.2.0,200,51.89,-0.7861871051799635,False,0,0.228243,False
2026-07-23T20:22:36+00:00,req-02-0083,churn-pipeline-1.2.0,200,102.77,-0.2316888769033469,False,0,0.321489,False
2026-07-23T07:09:17+00:00,req-02-0084,churn-pipeline-1.2.0,200,86.93,0.31616882545572833,False,0,0.430146,False
2026-07-23T09:02:33+00:00,req-02-0085,churn-pipeline-1.2.0,200,71.32,1.03206201678485,False,1,0.581091,False
2026-07-23T01:39:57+00:00,req-02-0086,churn-pipeline-1.2.0,200,115.42,-2.7564040183016427,False,0,0.052503,False
2026-07-23T16:45:39+00:00,req-02-0087,churn-pipeline-1.2.0,200,40.24,-0.8733492329759502,False,0,0.215456,False
2026-07-23T17:21:42+00:00,req-02-0088,churn-pipeline-1.2.0,200,64.84,0.16705105429845601,False,0,0.39939,False
2026-07-23T18:01:59+00:00,req-02-0089,churn-pipeline-1.2.0,200,73.08,-0.10380627176040017,False,0,0.345646,False
2026-07-23T17:58:10+00:00,req-02-0090,churn-pipeline-1.2.0,200,48.51,0.42354505465306125,False,0,0.452646,False
2026-07-23T03:03:25+00:00,req-02-0091,churn-pipeline-1.2.0,200,71.57,0.28091730043288154,False,0,0.422817,False
2026-07-23T15:59:17+00:00,req-02-0092,churn-pipeline-1.2.0,200,45.62,-0.3201112561430776,False,0,0.305319,False
2026-07-23T18:19:11+00:00,req-02-0093,churn-pipeline-1.2.0,200,81.07,-0.553195855786536,False,0,0.264985,False
2026-07-23T04:53:26+00:00,req-02-0094,churn-pipeline-1.2.0,200,91.19,-0.25777656422227596,False,0,0.316672,False
2026-07-23T11:26:07+00:00,req-02-0095,churn-pipeline-1.2.0,500,70.92,1.20617946731388,False,1,0.616626,True
2026-07-23T21:55:01+00:00,req-02-0096,churn-pipeline-1.2.0,200,35.93,-0.7686083295510002,False,0,0.230886,False
2026-07-23T09:57:19+00:00,req-02-0097,churn-pipeline-1.2.0,200,47.7,,True,0,0.365864,False
2026-07-23T18:04:32+00:00,req-02-0098,churn-pipeline-1.2.0,200,77.87,0.1925093246983421,False,0,0.404592,False
2026-07-23T12:43:41+00:00,req-02-0099,churn-pipeline-1.2.0,200,65.44,1.638368476368181,False,1,0.699015,False
2026-07-23T15:47:10+00:00,req-02-0100,churn-pipeline-1.2.0,200,27.45,-0.3153236711481289,False,0,0.306183,False
2026-07-23T15:02:10+00:00,req-02-0101,churn-pipeline-1.2.0,200,96.75,1.006746988811509,False,1,0.575844,False
2026-07-23T15:37:21+00:00,req-02-0102,churn-pipeline-1.2.0,200,67.91,1.2935783734282733,False,1,0.634029,False
2026-07-23T18:42:18+00:00,req-02-0103,churn-pipeline-1.2.0,200,50.01,-0.06694197824018067,False,0,0.352767,False
2026-07-23T21:42:16+00:00,req-02-0104,churn-pipeline-1.2.0,200,89.37,-0.22125492803060065,False,0,0.323427,False
2026-07-23T07:05:45+00:00,req-02-0105,churn-pipeline-1.2.0,200,52.33,-0.34550635565062693,False,0,0.30076,False
2026-07-23T22:16:45+00:00,req-02-0106,churn-pipeline-1.2.0,200,52.15,-0.26861429095471145,False,0,0.314682,False
2026-07-23T15:04:07+00:00,req-02-0107,churn-pipeline-1.2.0,200,72.9,0.8969518536056744,False,1,0.552904,False
2026-07-23T14:17:43+00:00,req-02-0108,churn-pipeline-1.2.0,200,114.93,0.2425604761182896,False,0,0.414881,False
2026-07-23T07:51:55+00:00,req-02-0109,churn-pipeline-1.2.0,200,109.28,0.2470541946283629,False,0,0.415809,False
2026-07-23T10:00:00+00:00,req-02-0110,churn-pipeline-1.2.0,200,72.93,-1.1814846858988268,False,0,0.174472,False
2026-07-23T15:38:20+00:00,req-02-0111,churn-pipeline-1.2.0,200,75.37,-1.0158645812439964,False,0,0.195685,False
2026-07-23T08:43:46+00:00,req-02-0112,churn-pipeline-1.2.0,200,83.74,2.250619166015829,False,1,0.796251,False
2026-07-23T06:53:41+00:00,req-02-0113,churn-pipeline-1.2.0,200,43.47,-0.1867170115531241,False,0,0.329884,False
2026-07-23T19:39:28+00:00,req-02-0114,churn-pipeline-1.2.0,200,79.88,-0.8135105953572782,False,0,0.224178,False
2026-07-23T09:58:13+00:00,req-02-0115,churn-pipeline-1.2.0,200,51.39,1.5026541238687623,False,1,0.674203,False
2026-07-23T15:28:13+00:00,req-02-0116,churn-pipeline-1.2.0,200,71.97,0.2958989761177297,False,0,0.425928,False
2026-07-23T00:44:54+00:00,req-02-0117,churn-pipeline-1.2.0,200,60.44,0.6070626627077477,False,0,0.491502,False
2026-07-23T01:51:15+00:00,req-02-0118,churn-pipeline-1.2.0,200,76.31,-0.14494942904561028,False,0,0.337779,False
2026-07-23T20:21:22+00:00,req-02-0119,churn-pipeline-1.2.0,200,67.5,-0.33460674510564437,False,0,0.302712,False
2026-07-23T03:24:44+00:00,req-02-0120,churn-pipeline-1.2.0,200,24.31,-0.1780656911221549,False,0,0.331512,False
2026-07-23T19:05:57+00:00,req-02-0121,churn-pipeline-1.2.0,200,68.83,-1.4518750788135582,False,0,0.143798,False
2026-07-23T21:36:16+00:00,req-02-0122,churn-pipeline-1.2.0,200,79.83,-0.09232377989089235,False,0,0.347856,False
2026-07-23T11:33:12+00:00,req-02-0123,churn-pipeline-1.2.0,200,74.97,0.3108347308947482,False,0,0.429035,False
2026-07-23T21:13:40+00:00,req-02-0124,churn-pipeline-1.2.0,200,62.9,1.9429863955359417,False,1,0.750548,False
2026-07-23T10:15:12+00:00,req-02-0125,churn-pipeline-1.2.0,200,109.93,0.09029901825547627,False,0,0.383848,False
2026-07-23T22:50:38+00:00,req-02-0126,churn-pipeline-1.2.0,200,71.81,-2.4508858943208205,False,0,0.067029,False
2026-07-23T05:41:26+00:00,req-02-0127,churn-pipeline-1.2.0,200,74.77,-0.09868470442385249,False,0,0.346631,False
2026-07-23T10:16:06+00:00,req-02-0128,churn-pipeline-1.2.0,200,90.8,2.8764793397637214,False,1,0.869325,False
2026-07-23T09:20:02+00:00,req-02-0129,churn-pipeline-1.2.0,200,73.0,0.9096845467342918,False,1,0.555577,False
2026-07-23T18:49:02+00:00,req-02-0130,churn-pipeline-1.2.0,200,48.77,-0.8514333909990182,False,0,0.218621,False
2026-07-23T01:02:57+00:00,req-02-0131,churn-pipeline-1.2.0,200,29.79,,True,0,0.365864,False
2026-07-23T19:52:38+00:00,req-02-0132,churn-pipeline-1.2.0,200,55.8,-0.7791140961342273,False,0,0.229304,False
2026-07-23T00:33:44+00:00,req-02-0133,churn-pipeline-1.2.0,200,82.92,-1.4214978955242004,False,0,0.147007,False
2026-07-23T07:34:36+00:00,req-02-0134,churn-pipeline-1.2.0,200,58.06,-0.3657878313957758,False,0,0.297147,False
2026-07-23T14:18:20+00:00,req-02-0135,churn-pipeline-1.2.0,200,84.0,0.09610276120080427,False,0,0.385016,False
2026-07-23T03:29:17+00:00,req-02-0136,churn-pipeline-1.2.0,200,68.17,-1.9657632775550657,False,0,0.097889,False
2026-07-23T11:45:46+00:00,req-02-0137,churn-pipeline-1.2.0,200,98.16,-1.2066172550655676,False,0,0.171416,False
2026-07-23T23:55:43+00:00,req-02-0138,churn-pipeline-1.2.0,200,59.14,0.010852341341472463,False,0,0.368007,False
2026-07-23T19:45:25+00:00,req-02-0139,churn-pipeline-1.2.0,200,75.49,-0.42858183478840184,False,0,0.286122,False
2026-07-23T00:43:30+00:00,req-02-0140,churn-pipeline-1.2.0,200,76.42,0.41455183470339535,False,0,0.450752,False
2026-07-23T14:12:08+00:00,req-02-0141,churn-pipeline-1.2.0,200,105.1,-1.2754017436739895,False,0,0.163271,False
2026-07-23T14:20:09+00:00,req-02-0142,churn-pipeline-1.2.0,200,37.65,0.7498194359809658,False,1,0.521823,False
2026-07-23T01:38:14+00:00,req-02-0143,churn-pipeline-1.2.0,200,56.13,-1.2429470519132049,False,0,0.167074,False
2026-07-23T15:36:18+00:00,req-02-0144,churn-pipeline-1.2.0,200,85.28,1.7248710170345114,False,1,0.714255,False
2026-07-23T12:30:14+00:00,req-02-0145,churn-pipeline-1.2.0,200,106.6,-1.8015461985972325,False,0,0.110926,False
2026-07-23T16:21:46+00:00,req-02-0146,churn-pipeline-1.2.0,200,70.19,-1.1471819839025832,False,0,0.178711,False
2026-07-23T07:08:24+00:00,req-02-0147,churn-pipeline-1.2.0,200,59.19,0.43823934318342067,False,0,0.455742,False
2026-07-23T06:08:06+00:00,req-02-0148,churn-pipeline-1.2.0,200,82.82,1.7474449140725201,False,1,0.718155,False
2026-07-23T17:39:46+00:00,req-02-0149,churn-pipeline-1.2.0,200,85.83,0.3307951879219793,False,0,0.433196,False
2026-07-23T17:19:04+00:00,req-02-0150,churn-pipeline-1.2.0,200,57.93,0.5910008161915107,False,0,0.48809,False
2026-07-23T03:52:52+00:00,req-02-0151,churn-pipeline-1.2.0,200,72.25,0.018413746756711407,False,0,0.369503,False
2026-07-23T05:11:36+00:00,req-02-0152,churn-pipeline-1.2.0,200,94.84,-1.077718376820953,False,0,0.187542,False
2026-07-23T14:04:21+00:00,req-02-0153,churn-pipeline-1.2.0,200,119.03,-0.5146452656513483,False,0,0.271416,False
2026-07-23T19:53:48+00:00,req-02-0154,churn-pipeline-1.2.0,200,82.44,-1.2725052059803406,False,0,0.163607,False
2026-07-23T04:50:35+00:00,req-02-0155,churn-pipeline-1.2.0,200,65.92,-1.3426454661657152,False,0,0.155612,False
2026-07-23T05:15:31+00:00,req-02-0156,churn-pipeline-1.2.0,200,63.88,0.42183636528573376,False,0,0.452286,False
2026-07-23T19:23:12+00:00,req-02-0157,churn-pipeline-1.2.0,200,77.69,-1.17933688119236,False,0,0.174735,False
2026-07-23T16:43:15+00:00,req-02-0158,churn-pipeline-1.2.0,200,62.64,0.33553170705952945,False,0,0.434185,False
2026-07-23T21:39:17+00:00,req-02-0159,churn-pipeline-1.2.0,200,69.07,-1.3669138898321527,False,0,0.15292,False
2026-07-23T18:48:06+00:00,req-02-0160,churn-pipeline-1.2.0,200,46.33,0.3112021711225924,False,0,0.429111,False
2026-07-23T22:52:43+00:00,req-02-0161,churn-pipeline-1.2.0,200,98.44,-0.5131166974111107,False,0,0.271673,False
2026-07-23T04:32:04+00:00,req-02-0162,churn-pipeline-1.2.0,200,45.13,1.4769463103331768,False,1,0.669385,False
2026-07-23T06:31:35+00:00,req-02-0163,churn-pipeline-1.2.0,200,56.61,0.3399048403580182,False,0,0.435098,False
2026-07-23T05:42:42+00:00,req-02-0164,churn-pipeline-1.2.0,200,67.06,1.2975720376438487,False,1,0.634817,False
2026-07-23T01:19:49+00:00,req-02-0165,churn-pipeline-1.2.0,200,122.92,-0.7934290522464522,False,0,0.22716,False
2026-07-23T18:41:54+00:00,req-02-0166,churn-pipeline-1.2.0,200,56.78,0.05895050725637565,False,0,0.377566,False
2026-07-23T15:52:55+00:00,req-02-0167,churn-pipeline-1.2.0,200,52.52,-1.0301415160220924,False,0,0.193782,False
2026-07-23T02:03:50+00:00,req-02-0168,churn-pipeline-1.2.0,200,54.5,-0.43428550488163903,False,0,0.285133,False
2026-07-23T04:45:18+00:00,req-02-0169,churn-pipeline-1.2.0,200,110.52,-0.27520943388186053,False,0,0.313474,False
2026-07-23T04:34:41+00:00,req-02-0170,churn-pipeline-1.2.0,200,26.43,-0.7621511317214962,False,0,0.231862,False
2026-07-23T09:40:13+00:00,req-02-0171,churn-pipeline-1.2.0,200,47.16,-1.2762780017879798,False,0,0.163169,False
2026-07-23T10:55:57+00:00,req-02-0172,churn-pipeline-1.2.0,200,155.77,-1.4841931898352856,False,0,0.140449,False
2026-07-23T06:56:08+00:00,req-02-0173,churn-pipeline-1.2.0,200,78.53,-2.4567355214927673,False,0,0.066718,False
2026-07-23T22:19:27+00:00,req-02-0174,churn-pipeline-1.2.0,200,45.63,-1.1091637866786308,False,0,0.183503,False
2026-07-23T05:06:23+00:00,req-02-0175,churn-pipeline-1.2.0,200,64.13,0.6588685915054368,False,1,0.50251,False
2026-07-23T13:29:06+00:00,req-02-0176,churn-pipeline-1.2.0,200,66.42,-1.6784234586139473,False,0,0.121675,False
2026-07-23T10:30:41+00:00,req-02-0177,churn-pipeline-1.2.0,200,85.21,-1.4365289885659704,False,0,0.145412,False
2026-07-23T09:18:15+00:00,req-02-0178,churn-pipeline-1.2.0,200,117.1,1.880443499794561,False,1,0.740463,False
2026-07-23T19:49:08+00:00,req-02-0179,churn-pipeline-1.2.0,200,73.61,-0.6683208523406667,False,0,0.246369,False
2026-07-23T23:28:51+00:00,req-02-0180,churn-pipeline-1.2.0,200,54.69,0.3370983096230776,False,0,0.434512,False
2026-07-23T00:08:27+00:00,req-02-0181,churn-pipeline-1.2.0,200,83.62,0.6744330038255194,False,1,0.505817,False
2026-07-23T11:07:44+00:00,req-02-0182,churn-pipeline-1.2.0,200,51.98,0.6956524362703442,False,1,0.510325,False
2026-07-23T02:51:35+00:00,req-02-0183,churn-pipeline-1.2.0,200,46.7,-1.5984299421384627,False,0,0.129131,False
2026-07-23T10:24:34+00:00,req-02-0184,churn-pipeline-1.2.0,200,37.01,-0.24261266389446473,False,0,0.319467,False
2026-07-23T14:48:31+00:00,req-02-0185,churn-pipeline-1.2.0,200,39.39,-1.699138632994312,False,0,0.119806,False
2026-07-23T09:52:46+00:00,req-02-0186,churn-pipeline-1.2.0,200,48.79,2.5686337518558395,False,1,0.836626,False
2026-07-23T07:25:05+00:00,req-02-0187,churn-pipeline-1.2.0,200,44.59,-1.6746190272163801,False,0,0.122021,False
2026-07-23T07:29:32+00:00,req-02-0188,churn-pipeline-1.2.0,200,71.85,-1.1002322298133111,False,0,0.184644,False
2026-07-23T07:11:48+00:00,req-02-0189,churn-pipeline-1.2.0,200,44.28,-1.09263089758358,False,0,0.185618,False
2026-07-23T07:49:00+00:00,req-02-0190,churn-pipeline-1.2.0,200,23.77,-1.5714935005590245,False,0,0.131728,False
2026-07-23T08:58:32+00:00,req-02-0191,churn-pipeline-1.2.0,200,46.54,1.4202236052443726,False,1,0.658629,False
2026-07-23T16:30:29+00:00,req-02-0192,churn-pipeline-1.2.0,200,55.89,2.5435702961376707,False,1,0.833694,False
2026-07-23T02:18:14+00:00,req-02-0193,churn-pipeline-1.2.0,200,53.55,-0.49953657527824824,False,0,0.273963,False
2026-07-23T00:58:48+00:00,req-02-0194,churn-pipeline-1.2.0,200,105.7,-1.3864443041866306,False,0,0.150782,False
2026-07-23T12:24:06+00:00,req-02-0195,churn-pipeline-1.2.0,200,53.41,-2.3487717736623224,False,0,0.072665,False
2026-07-23T16:21:48+00:00,req-02-0196,churn-pipeline-1.2.0,200,86.17,-0.25631415444820654,False,0,0.316941,False
2026-07-23T06:12:33+00:00,req-02-0197,churn-pipeline-1.2.0,200,64.61,-0.33218369431951605,False,0,0.303147,False
2026-07-23T04:49:44+00:00,req-02-0198,churn-pipeline-1.2.0,200,64.13,-0.6838609326781518,False,0,0.243925,False
2026-07-23T14:59:39+00:00,req-02-0199,churn-pipeline-1.2.0,200,49.75,0.23244401667503983,False,0,0.412795,False
2026-07-23T09:13:15+00:00,req-02-0200,churn-pipeline-1.2.0,200,63.79,0.41493179995626067,False,0,0.450832,False
2026-07-23T17:39:56+00:00,req-02-0201,churn-pipeline-1.2.0,200,50.88,0.3392374208347957,False,0,0.434959,False
2026-07-23T03:31:00+00:00,req-02-0202,churn-pipeline-1.2.0,200,68.63,-0.33193111556691157,False,0,0.303192,False
2026-07-23T02:54:24+00:00,req-02-0203,churn-pipeline-1.2.0,200,60.27,-1.1567029210529751,False,0,0.177526,False
2026-07-23T13:15:57+00:00,req-02-0204,churn-pipeline-1.2.0,200,48.04,0.6991247526970517,False,1,0.511062,False
2026-07-23T09:25:10+00:00,req-02-0205,churn-pipeline-1.2.0,200,89.28,0.013139447392606977,False,0,0.368459,False
2026-07-23T17:30:15+00:00,req-02-0206,churn-pipeline-1.2.0,200,74.51,0.9327754010763828,False,1,0.560418,False
2026-07-23T12:08:49+00:00,req-02-0207,churn-pipeline-1.2.0,200,56.32,0.8295793269458429,False,1,0.538708,False
2026-07-23T08:30:42+00:00,req-02-0208,churn-pipeline-1.2.0,200,68.1,-1.4928501724994714,False,0,0.139563,False
2026-07-23T03:49:56+00:00,req-02-0209,churn-pipeline-1.2.0,200,63.28,-1.5059333178304835,False,0,0.138233,False
2026-07-23T03:55:19+00:00,req-02-0210,churn-pipeline-1.2.0,200,49.24,-0.7933177546775548,False,0,0.227177,False
2026-07-23T18:08:25+00:00,req-02-0211,churn-pipeline-1.2.0,200,66.48,-1.1090786787052014,False,0,0.183514,False
2026-07-23T05:26:10+00:00,req-02-0212,churn-pipeline-1.2.0,200,53.29,0.7930143647749058,False,1,0.530976,False
2026-07-23T12:03:31+00:00,req-02-0213,churn-pipeline-1.2.0,200,48.04,0.3688751597873136,False,0,0.44116,False
2026-07-23T19:38:04+00:00,req-02-0214,churn-pipeline-1.2.0,200,38.67,1.1541431934745763,False,1,0.606118,False
2026-07-23T21:32:52+00:00,req-02-0215,churn-pipeline-1.2.0,200,57.95,0.4163111582814642,False,0,0.451123,False
2026-07-23T06:25:24+00:00,req-02-0216,churn-pipeline-1.2.0,200,77.93,0.21908206096703747,False,0,0.410045,False
2026-07-23T02:37:51+00:00,req-02-0217,churn-pipeline-1.2.0,200,52.04,1.259716269361379,False,1,0.627325,False
2026-07-23T18:35:34+00:00,req-02-0218,churn-pipeline-1.2.0,200,145.62,0.4932137067218009,False,0,0.467354,False
2026-07-23T16:29:40+00:00,req-02-0219,churn-pipeline-1.2.0,200,86.3,0.07150601160960475,False,0,0.380077,False
2026-07-23T07:56:55+00:00,req-02-0220,churn-pipeline-1.2.0,500,98.67,1.5544756856272197,False,1,0.683803,True
2026-07-23T14:14:44+00:00,req-02-0221,churn-pipeline-1.2.0,200,83.84,0.12093992731042956,False,0,0.390026,False
2026-07-23T04:31:46+00:00,req-02-0222,churn-pipeline-1.2.0,200,117.6,-0.31955763516381774,False,0,0.305419,False
2026-07-23T16:48:58+00:00,req-02-0223,churn-pipeline-1.2.0,200,50.53,-0.8797144217165321,False,0,0.214543,False
2026-07-23T17:27:19+00:00,req-02-0224,churn-pipeline-1.2.0,200,28.64,0.7381767319976819,False,1,0.519353,False
2026-07-23T07:11:05+00:00,req-02-0225,churn-pipeline-1.2.0,200,56.35,1.2989030689345924,False,1,0.635079,False
2026-07-23T11:14:42+00:00,req-02-0226,churn-pipeline-1.2.0,200,77.71,-0.05311677150510157,False,0,0.355454,False
2026-07-23T08:01:03+00:00,req-02-0227,churn-pipeline-1.2.0,200,68.23,1.3733114049688306,False,1,0.649608,False
2026-07-23T00:45:02+00:00,req-02-0228,churn-pipeline-1.2.0,200,70.99,-2.0685157835701546,False,0,0.090443,False
2026-07-23T03:03:19+00:00,req-02-0229,churn-pipeline-1.2.0,200,99.19,-0.05822604354831054,False,0,0.35446,False
2026-07-23T23:02:19+00:00,req-02-0230,churn-pipeline-1.2.0,200,73.45,-0.042099657709658005,False,0,0.357603,False
2026-07-23T10:56:41+00:00,req-02-0231,churn-pipeline-1.2.0,200,83.93,-0.7633440910277144,False,0,0.231681,False
2026-07-23T03:32:45+00:00,req-02-0232,churn-pipeline-1.2.0,200,48.12,2.503054089880967,False,1,0.828864,False
2026-07-23T01:03:44+00:00,req-02-0233,churn-pipeline-1.2.0,200,45.78,-0.06950226432319923,False,0,0.35227,False
2026-07-23T08:28:54+00:00,req-02-0234,churn-pipeline-1.2.0,200,108.95,-0.42811731018465493,False,0,0.286202,False
2026-07-23T23:35:15+00:00,req-02-0235,churn-pipeline-1.2.0,200,67.13,,True,0,0.365864,False
2026-07-23T09:14:06+00:00,req-02-0236,churn-pipeline-1.2.0,200,53.25,-2.102954425452121,False,0,0.088064,False
2026-07-23T23:59:13+00:00,req-02-0237,churn-pipeline-1.2.0,200,53.28,-0.7978613216121608,False,0,0.2265,False
2026-07-23T11:44:46+00:00,req-02-0238,churn-pipeline-1.2.0,200,52.81,1.0324019679176744,False,1,0.581161,False
2026-07-23T18:20:05+00:00,req-02-0239,churn-pipeline-1.2.0,200,51.81,-0.6603926226794135,False,0,0.247622,False
2026-07-23T18:51:02+00:00,req-02-0240,churn-pipeline-1.2.0,200,43.11,-0.8703189209402852,False,0,0.215892,False
2026-07-23T00:40:33+00:00,req-02-0241,churn-pipeline-1.2.0,200,40.22,1.3750019183401205,False,1,0.649935,False
2026-07-23T00:08:46+00:00,req-02-0242,churn-pipeline-1.2.0,500,61.07,1.4072671209994203,False,1,0.656148,True
2026-07-23T22:08:21+00:00,req-02-0243,churn-pipeline-1.2.0,200,53.77,0.542839995769199,False,0,0.477868,False
2026-07-23T22:22:45+00:00,req-02-0244,churn-pipeline-1.2.0,200,92.64,-0.47787320074060063,False,0,0.277641,False
2026-07-23T03:10:58+00:00,req-02-0245,churn-pipeline-1.2.0,200,71.39,-0.2514446183721397,False,0,0.317837,False
2026-07-23T15:30:13+00:00,req-02-0246,churn-pipeline-1.2.0,200,70.76,-0.844357459653707,False,0,0.219651,False
2026-07-23T22:10:10+00:00,req-02-0247,churn-pipeline-1.2.0,500,51.24,-1.0445117749800772,False,0,0.191881,True
2026-07-23T22:48:56+00:00,req-02-0248,churn-pipeline-1.2.0,200,62.53,-1.096637312723854,False,0,0.185104,False
2026-07-23T07:06:46+00:00,req-02-0249,churn-pipeline-1.2.0,200,72.96,-0.648957127124468,False,0,0.249438,False
2026-07-23T19:37:02+00:00,req-02-0250,churn-pipeline-1.2.0,200,81.74,-1.0864570402189824,False,0,0.186413,False
2026-07-23T15:30:43+00:00,req-02-0251,churn-pipeline-1.2.0,200,63.08,-1.6418903744703064,False,0,0.125033,False
2026-07-23T22:16:05+00:00,req-02-0252,churn-pipeline-1.2.0,200,91.81,0.23037280324160103,False,0,0.412368,False
2026-07-23T03:31:16+00:00,req-02-0253,churn-pipeline-1.2.0,200,65.17,0.24632535993810895,False,0,0.415658,False
2026-07-23T14:25:26+00:00,req-02-0254,churn-pipeline-1.2.0,200,83.77,1.7858323963497327,False,1,0.724712,False
2026-07-23T00:35:15+00:00,req-02-0255,churn-pipeline-1.2.0,200,55.57,-0.7017552867724378,False,0,0.24113,False
2026-07-23T08:34:31+00:00,req-02-0256,churn-pipeline-1.2.0,200,36.39,0.3109056191044341,False,0,0.429049,False
2026-07-23T00:16:25+00:00,req-02-0257,churn-pipeline-1.2.0,200,70.83,0.32834820823854177,False,0,0.432685,False
2026-07-23T10:37:47+00:00,req-02-0258,churn-pipeline-1.2.0,200,81.98,-0.2665294391818097,False,0,0.315064,False
2026-07-23T19:27:57+00:00,req-02-0259,churn-pipeline-1.2.0,200,78.14,0.78155026818716,False,1,0.528548,False
2026-07-23T15:47:33+00:00,req-02-0260,churn-pipeline-1.2.0,200,74.4,0.8139906461932501,False,1,0.535414,False
2026-07-23T07:36:17+00:00,req-02-0261,churn-pipeline-1.2.0,200,58.14,0.343781649957417,False,0,0.435908,False
2026-07-23T10:14:46+00:00,req-02-0262,churn-pipeline-1.2.0,200,50.21,-0.2684216903001853,False,0,0.314717,False
2026-07-23T08:49:07+00:00,req-02-0263,churn-pipeline-1.2.0,200,77.55,-0.3754066139822618,False,0,0.295443,False
2026-07-23T17:33:36+00:00,req-02-0264,churn-pipeline-1.2.0,200,74.5,-1.4361415937369122,False,0,0.145453,False
2026-07-23T06:23:20+00:00,req-02-0265,churn-pipeline-1.2.0,200,54.32,-0.8462136675485763,False,0,0.21938,False
2026-07-23T02:12:15+00:00,req-02-0266,churn-pipeline-1.2.0,200,92.7,-0.6531079000967723,False,0,0.248778,False
2026-07-23T12:09:41+00:00,req-02-0267,churn-pipeline-1.2.0,200,49.0,-1.1801703505509058,False,0,0.174633,False
2026-07-23T19:55:10+00:00,req-02-0268,churn-pipeline-1.2.0,200,53.93,0.46192016502204747,False,0,0.460739,False
2026-07-23T11:27:04+00:00,req-02-0269,churn-pipeline-1.2.0,200,109.73,1.2564592624363606,False,1,0.626678,False
2026-07-23T04:54:01+00:00,req-02-0270,churn-pipeline-1.2.0,200,85.83,-0.9534655539456076,False,0,0.204168,False
2026-07-23T01:06:19+00:00,req-02-0271,churn-pipeline-1.2.0,200,57.96,0.297613507531869,False,0,0.426284,False
2026-07-23T22:39:17+00:00,req-02-0272,churn-pipeline-1.2.0,200,71.26,-1.0858166965061957,False,0,0.186496,False
2026-07-23T18:15:26+00:00,req-02-0273,churn-pipeline-1.2.0,200,68.3,-0.32016827948612026,False,0,0.305309,False
2026-07-23T03:43:59+00:00,req-02-0274,churn-pipeline-1.2.0,200,27.0,-0.7248460581366647,False,0,0.237557,False
2026-07-23T01:46:27+00:00,req-02-0275,churn-pipeline-1.2.0,200,48.63,0.6319904310367637,False,0,0.496798,False
2026-07-23T03:05:59+00:00,req-02-0276,churn-pipeline-1.2.0,200,63.95,-0.7127275825342873,False,0,0.239428,False
2026-07-23T09:02:12+00:00,req-02-0277,churn-pipeline-1.2.0,200,57.99,1.062243434391979,False,1,0.587322,False
2026-07-23T19:29:06+00:00,req-02-0278,churn-pipeline-1.2.0,200,70.35,-0.258006812345309,False,0,0.316629,False
2026-07-23T03:50:13+00:00,req-02-0279,churn-pipeline-1.2.0,200,93.3,-0.6820838950745723,False,0,0.244203,False
2026-07-23T19:38:55+00:00,req-02-0280,churn-pipeline-1.2.0,200,58.64,-1.3159705254624212,False,0,0.158614,False
2026-07-23T00:02:43+00:00,req-02-0281,churn-pipeline-1.2.0,200,46.34,0.26586473581011727,False,0,0.419698,False
2026-07-23T17:43:48+00:00,req-02-0282,churn-pipeline-1.2.0,200,72.12,0.9399793223374893,False,1,0.561926,False
2026-07-23T06:46:40+00:00,req-02-0283,churn-pipeline-1.2.0,200,58.55,0.28698731936371796,False,0,0.424077,False
2026-07-23T23:03:09+00:00,req-02-0284,churn-pipeline-1.2.0,200,61.83,2.3507732497351452,False,1,0.809715,False
2026-07-23T11:25:13+00:00,req-02-0285,churn-pipeline-1.2.0,200,59.21,1.5012768250939392,False,1,0.673946,False
2026-07-23T06:29:34+00:00,req-02-0286,churn-pipeline-1.2.0,200,133.19,-0.3229041529528664,False,0,0.304816,False
2026-07-23T05:49:48+00:00,req-02-0287,churn-pipeline-1.2.0,200,31.73,-0.33392880549742276,False,0,0.302834,False
2026-07-23T19:50:22+00:00,req-02-0288,churn-pipeline-1.2.0,200,57.4,0.4931815554596209,False,0,0.467348,False
2026-07-23T09:40:19+00:00,req-02-0289,churn-pipeline-1.2.0,200,64.92,-0.8799201394469695,False,0,0.214513,False
2026-07-23T08:26:56+00:00,req-02-0290,churn-pipeline-1.2.0,200,50.62,1.2246027218591111,False,1,0.620321,False
2026-07-23T17:39:21+00:00,req-02-0291,churn-pipeline-1.2.0,200,86.69,0.3796805479357629,False,0,0.443425,False
2026-07-23T12:53:51+00:00,req-02-0292,churn-pipeline-1.2.0,500,84.32,0.26928185640145946,False,0,0.420405,True
2026-07-23T15:55:55+00:00,req-02-0293,churn-pipeline-1.2.0,200,64.01,0.7213013511593572,False,1,0.515771,False
2026-07-23T10:41:39+00:00,req-02-0294,churn-pipeline-1.2.0,200,59.61,1.808971377537512,False,1,0.728619,False
2026-07-23T01:32:09+00:00,req-02-0295,churn-pipeline-1.2.0,200,62.71,0.17950311979688044,False,0,0.401932,False
2026-07-23T00:08:25+00:00,req-02-0296,churn-pipeline-1.2.0,200,62.86,-0.11869238941495358,False,0,0.342789,False
2026-07-23T00:56:18+00:00,req-02-0297,churn-pipeline-1.2.0,200,63.39,1.5841556044887073,False,1,0.689232,False
2026-07-23T13:47:13+00:00,req-02-0298,churn-pipeline-1.2.0,200,61.2,1.0159279367906922,False,1,0.577749,False
2026-07-23T12:19:37+00:00,req-02-0299,churn-pipeline-1.2.0,200,70.47,-0.33702883240290843,False,0,0.302278,False
2026-07-23T17:56:24+00:00,req-02-0300,churn-pipeline-1.2.0,200,82.72,0.00544577109197109,False,0,0.366939,False
2026-07-23T21:28:16+00:00,req-02-0301,churn-pipeline-1.2.0,200,43.85,0.20514996173573852,False,0,0.407183,False
2026-07-23T04:11:21+00:00,req-02-0302,churn-pipeline-1.2.0,200,46.44,0.37990359183523204,False,0,0.443472,False
2026-07-23T22:58:29+00:00,req-02-0303,churn-pipeline-1.2.0,200,37.15,-1.4244298434860696,False,0,0.146695,False
2026-07-23T22:21:35+00:00,req-02-0304,churn-pipeline-1.2.0,200,85.77,-1.6196088381916383,False,0,0.12712,False
2026-07-23T14:46:56+00:00,req-02-0305,churn-pipeline-1.2.0,200,70.42,-0.9317595231025765,False,0,0.207182,False
2026-07-23T12:43:46+00:00,req-02-0306,churn-pipeline-1.2.0,200,76.41,-1.0129753651619093,False,0,0.196072,False
2026-07-23T04:14:23+00:00,req-02-0307,churn-pipeline-1.2.0,200,41.14,-0.6760152146711277,False,0,0.245157,False
2026-07-23T04:16:40+00:00,req-02-0308,churn-pipeline-1.2.0,200,115.07,0.6664461741945045,False,1,0.50412,False
2026-07-23T00:26:52+00:00,req-02-0309,churn-pipeline-1.2.0,200,53.49,-0.17737561414097527,False,0,0.331642,False
2026-07-23T15:30:09+00:00,req-02-0310,churn-pipeline-1.2.0,200,68.59,0.20621433526069768,False,0,0.407402,False
2026-07-23T10:23:43+00:00,req-02-0311,churn-pipeline-1.2.0,200,85.44,-1.2855185805443747,False,0,0.162099,False
2026-07-23T04:36:22+00:00,req-02-0312,churn-pipeline-1.2.0,200,47.4,-0.48472431306699243,False,0,0.276475,False
2026-07-23T03:12:44+00:00,req-02-0313,churn-pipeline-1.2.0,200,54.57,0.6166205448320824,False,0,0.493532,False
2026-07-23T01:31:29+00:00,req-02-0314,churn-pipeline-1.2.0,200,68.84,0.6247000810856419,False,0,0.495249,False
2026-07-23T15:22:58+00:00,req-02-0315,churn-pipeline-1.2.0,200,162.19,-0.7608025195973034,False,0,0.232066,False
2026-07-23T16:26:51+00:00,req-02-0316,churn-pipeline-1.2.0,200,71.58,0.16974550569853128,False,0,0.39994,False
2026-07-23T15:09:33+00:00,req-02-0317,churn-pipeline-1.2.0,200,108.68,2.3087902461564487,False,1,0.804156,False
2026-07-23T02:39:24+00:00,req-02-0318,churn-pipeline-1.2.0,200,95.6,-0.018477825718420045,False,0,0.362228,False
2026-07-23T00:59:33+00:00,req-02-0319,churn-pipeline-1.2.0,200,73.12,-0.7278462934495676,False,0,0.237096,False
2026-07-23T02:32:57+00:00,req-02-0320,churn-pipeline-1.2.0,200,47.36,-0.18245050883026825,False,0,0.330686,False
2026-07-23T18:02:18+00:00,req-02-0321,churn-pipeline-1.2.0,200,91.24,0.0967859629031747,False,0,0.385153,False
2026-07-23T17:45:31+00:00,req-02-0322,churn-pipeline-1.2.0,200,40.25,-0.15872679972507686,False,0,0.335165,False
2026-07-23T07:04:33+00:00,req-02-0323,churn-pipeline-1.2.0,200,108.49,-0.03292243571032688,False,0,0.359397,False
2026-07-23T01:19:29+00:00,req-02-0324,churn-pipeline-1.2.0,200,69.3,-1.5156191367836818,False,0,0.137255,False
2026-07-23T07:40:25+00:00,req-02-0325,churn-pipeline-1.2.0,200,27.84,-1.0107619988402488,False,0,0.196369,False
2026-07-23T19:26:04+00:00,req-02-0326,churn-pipeline-1.2.0,200,58.29,-0.15680199892507243,False,0,0.335529,False
2026-07-23T03:26:31+00:00,req-02-0327,churn-pipeline-1.2.0,200,80.13,-0.17353136852355855,False,0,0.332366,False
2026-07-23T19:06:27+00:00,req-02-0328,churn-pipeline-1.2.0,200,60.25,-0.5944987386030006,False,0,0.258204,False
2026-07-23T11:07:12+00:00,req-02-0329,churn-pipeline-1.2.0,200,81.71,-0.1858642653802588,False,0,0.330044,False
2026-07-23T03:23:36+00:00,req-02-0330,churn-pipeline-1.2.0,200,49.52,0.06406559818491563,False,0,0.378588,False
2026-07-23T22:24:48+00:00,req-02-0331,churn-pipeline-1.2.0,200,42.8,0.9338841293507516,False,1,0.56065,False
2026-07-23T12:26:28+00:00,req-02-0332,churn-pipeline-1.2.0,200,63.53,-0.10417232198735343,False,0,0.345575,False
2026-07-23T16:07:02+00:00,req-02-0333,churn-pipeline-1.2.0,200,65.66,0.4190583655631659,False,0,0.451701,False
2026-07-23T02:19:08+00:00,req-02-0334,churn-pipeline-1.2.0,200,58.14,-0.5686803165056171,False,0,0.26243,False
2026-07-23T08:55:09+00:00,req-02-0335,churn-pipeline-1.2.0,200,96.27,0.600700509778406,False,0,0.49015,False
2026-07-23T15:10:54+00:00,req-02-0336,churn-pipeline-1.2.0,200,49.52,0.39451681249297454,False,0,0.44654,False
2026-07-23T15:29:18+00:00,req-02-0337,churn-pipeline-1.2.0,200,71.85,0.9091078533388105,False,1,0.555456,False
2026-07-23T01:30:37+00:00,req-02-0338,churn-pipeline-1.2.0,200,66.43,0.7491334855667122,False,1,0.521677,False
2026-07-23T14:30:09+00:00,req-02-0339,churn-pipeline-1.2.0,200,39.5,0.6181724040252035,False,0,0.493862,False
2026-07-23T22:40:03+00:00,req-02-0340,churn-pipeline-1.2.0,200,42.62,-0.10333827909066928,False,0,0.345736,False
2026-07-23T18:52:23+00:00,req-02-0341,churn-pipeline-1.2.0,200,65.25,0.2571861883966916,False,0,0.417902,False
2026-07-23T04:59:07+00:00,req-02-0342,churn-pipeline-1.2.0,200,122.53,1.1166843748741029,False,1,0.598491,False
2026-07-23T21:54:08+00:00,req-02-0343,churn-pipeline-1.2.0,200,78.24,-0.6846782978729341,False,0,0.243797,False
2026-07-23T16:23:22+00:00,req-02-0344,churn-pipeline-1.2.0,200,37.42,-0.6598281676317089,False,0,0.247712,False
2026-07-23T01:22:00+00:00,req-02-0345,churn-pipeline-1.2.0,200,24.02,0.1905029678478801,False,0,0.404181,False
2026-07-23T03:04:44+00:00,req-02-0346,churn-pipeline-1.2.0,200,82.18,0.4360436747787262,False,0,0.455279,False
2026-07-23T22:06:36+00:00,req-02-0347,churn-pipeline-1.2.0,200,63.03,-0.8653118242272048,False,0,0.216613,False
2026-07-23T05:01:49+00:00,req-02-0348,churn-pipeline-1.2.0,200,93.65,-0.07850069158397378,False,0,0.350527,False
2026-07-23T02:19:20+00:00,req-02-0349,churn-pipeline-1.2.0,200,49.04,-0.09869871294022403,False,0,0.346628,False
2026-07-23T10:49:22+00:00,req-02-0350,churn-pipeline-1.2.0,200,72.71,-2.3260441213836445,False,0,0.073978,False
2026-07-23T12:36:52+00:00,req-02-0351,churn-pipeline-1.2.0,200,85.21,-0.23057368872169773,False,0,0.321696,False
2026-07-23T13:45:15+00:00,req-02-0352,churn-pipeline-1.2.0,200,56.33,-0.1651837244908896,False,0,0.333943,False
2026-07-23T15:48:45+00:00,req-02-0353,churn-pipeline-1.2.0,200,56.72,-0.1683075899641701,False,0,0.333352,False
2026-07-23T23:58:21+00:00,req-02-0354,churn-pipeline-1.2.0,200,65.53,1.4867099883061317,False,1,0.671219,False
2026-07-23T18:13:18+00:00,req-02-0355,churn-pipeline-1.2.0,200,77.33,-1.2765882134343192,False,0,0.163133,False
2026-07-23T00:37:20+00:00,req-02-0356,churn-pipeline-1.2.0,200,64.7,-0.8658536997648434,False,0,0.216535,False
2026-07-23T02:07:32+00:00,req-02-0357,churn-pipeline-1.2.0,200,88.77,-2.7428055882353006,False,0,0.053081,False
2026-07-23T00:00:27+00:00,req-02-0358,churn-pipeline-1.2.0,200,56.07,-0.5049624994828478,False,0,0.273047,False
2026-07-23T09:29:08+00:00,req-02-0359,churn-pipeline-1.2.0,200,42.49,-0.415425731832301,False,0,0.288411,False
2026-07-23T08:24:31+00:00,req-02-0360,churn-pipeline-1.2.0,200,122.37,-0.5354760351509691,False,0,0.267929,False
2026-07-23T22:24:17+00:00,req-02-0361,churn-pipeline-1.2.0,200,53.57,1.163061206457948,False,1,0.607926,False
2026-07-23T08:47:15+00:00,req-02-0362,churn-pipeline-1.2.0,200,54.19,0.9036483984538114,False,1,0.55431,False
2026-07-23T00:44:08+00:00,req-02-0363,churn-pipeline-1.2.0,200,63.65,0.08174956048066935,False,0,0.382131,False
2026-07-23T21:12:43+00:00,req-02-0364,churn-pipeline-1.2.0,200,66.41,-0.38914370621685535,False,0,0.293018,False
2026-07-23T06:14:47+00:00,req-02-0365,churn-pipeline-1.2.0,200,57.43,1.077499151512207,False,1,0.590462,False
2026-07-23T21:54:07+00:00,req-02-0366,churn-pipeline-1.2.0,200,64.64,-0.020745752827644213,False,0,0.361783,False
2026-07-23T18:35:12+00:00,req-02-0367,churn-pipeline-1.2.0,200,64.18,-0.8591835408643808,False,0,0.217498,False
2026-07-24T16:11:52+00:00,req-03-0000,churn-pipeline-1.2.0,200,38.71,-0.5267099841904981,False,0,0.269393,False
2026-07-24T20:21:31+00:00,req-03-0001,churn-pipeline-1.2.0,500,36.12,0.14450583546766038,False,0,0.394802,True
2026-07-24T17:58:52+00:00,req-03-0002,churn-pipeline-1.2.0,200,73.39,2.0198085814438542,False,1,0.762573,False
2026-07-24T14:54:59+00:00,req-03-0003,churn-pipeline-1.2.0,200,42.03,-0.3401185976249786,False,0,0.301724,False
2026-07-24T00:44:27+00:00,req-03-0004,churn-pipeline-1.2.0,200,97.14,0.30629655954881196,False,0,0.42809,False
2026-07-24T14:00:26+00:00,req-03-0005,churn-pipeline-1.2.0,500,65.63,2.0944837393295686,False,1,0.773873,True
2026-07-24T03:06:29+00:00,req-03-0006,churn-pipeline-1.2.0,200,60.11,-0.5775163572911831,False,0,0.260979,False
2026-07-24T14:28:35+00:00,req-03-0007,churn-pipeline-1.2.0,200,49.62,1.9054091163754177,False,1,0.74452,False
2026-07-24T16:50:00+00:00,req-03-0008,churn-pipeline-1.2.0,200,79.32,0.005589156958462597,False,0,0.366967,False
2026-07-24T13:05:03+00:00,req-03-0009,churn-pipeline-1.2.0,200,50.25,1.8709910371581726,False,1,0.738916,False
2026-07-24T07:24:09+00:00,req-03-0010,churn-pipeline-1.2.0,200,47.42,0.787711181193635,False,1,0.529853,False
2026-07-24T01:25:28+00:00,req-03-0011,churn-pipeline-1.2.0,200,95.07,0.3224637807115428,False,0,0.431458,False
2026-07-24T16:06:18+00:00,req-03-0012,churn-pipeline-1.2.0,200,72.81,-0.06891221598091586,False,0,0.352384,False
2026-07-24T16:45:32+00:00,req-03-0013,churn-pipeline-1.2.0,200,60.29,-0.6552435118731711,False,0,0.248439,False
2026-07-24T11:28:13+00:00,req-03-0014,churn-pipeline-1.2.0,200,79.81,,True,0,0.365864,False
2026-07-24T17:11:31+00:00,req-03-0015,churn-pipeline-1.2.0,200,65.19,0.9422295319710254,False,1,0.562397,False
2026-07-24T18:41:55+00:00,req-03-0016,churn-pipeline-1.2.0,200,73.48,-0.013767002546504105,False,0,0.363154,False
2026-07-24T12:17:58+00:00,req-03-0017,churn-pipeline-1.2.0,200,50.05,-0.3324539453149506,False,0,0.303099,False
2026-07-24T01:08:39+00:00,req-03-0018,churn-pipeline-1.2.0,200,126.08,-0.2633216608866616,False,0,0.315653,False
2026-07-24T20:53:21+00:00,req-03-0019,churn-pipeline-1.2.0,200,54.0,1.042100444262206,False,1,0.583166,False
2026-07-24T11:12:06+00:00,req-03-0020,churn-pipeline-1.2.0,200,106.94,1.2864195278548485,False,1,0.632616,False
2026-07-24T16:08:18+00:00,req-03-0021,churn-pipeline-1.2.0,200,61.19,-0.700508039456789,False,0,0.241324,False
2026-07-24T21:51:43+00:00,req-03-0022,churn-pipeline-1.2.0,200,84.15,-0.7020172503198643,False,0,0.24109,False
2026-07-24T08:42:14+00:00,req-03-0023,churn-pipeline-1.2.0,500,82.22,0.398326865650468,False,0,0.44734,True
2026-07-24T14:55:40+00:00,req-03-0024,churn-pipeline-1.2.0,200,93.82,1.6039086679951176,False,1,0.692817,False
2026-07-24T00:28:21+00:00,req-03-0025,churn-pipeline-1.2.0,200,49.67,1.203289823728188,False,1,0.616045,False
2026-07-24T21:14:28+00:00,req-03-0026,churn-pipeline-1.2.0,200,91.71,-1.3144448227889072,False,0,0.158787,False
2026-07-24T01:25:11+00:00,req-03-0027,churn-pipeline-1.2.0,200,117.36,-0.27727976849145525,False,0,0.313095,False
2026-07-24T12:59:13+00:00,req-03-0028,churn-pipeline-1.2.0,200,59.84,-0.9771337324239879,False,0,0.200918,False
2026-07-24T08:26:35+00:00,req-03-0029,churn-pipeline-1.2.0,200,65.73,-0.2808881480110212,False,0,0.312436,False
2026-07-24T00:51:32+00:00,req-03-0030,churn-pipeline-1.2.0,200,54.98,1.684630495837122,False,1,0.707223,False
2026-07-24T11:05:25+00:00,req-03-0031,churn-pipeline-1.2.0,200,58.18,-1.493730681222168,False,0,0.139473,False
2026-07-24T22:27:15+00:00,req-03-0032,churn-pipeline-1.2.0,200,112.4,-1.6998085579441997,False,0,0.119746,False
2026-07-24T04:00:17+00:00,req-03-0033,churn-pipeline-1.2.0,200,47.14,-0.8699818611052825,False,0,0.21594,False
2026-07-24T07:00:52+00:00,req-03-0034,churn-pipeline-1.2.0,200,48.08,0.30167613270479243,False,0,0.427129,False
2026-07-24T04:32:37+00:00,req-03-0035,churn-pipeline-1.2.0,200,108.84,0.6517925616727946,False,1,0.501006,False
2026-07-24T02:59:57+00:00,req-03-0036,churn-pipeline-1.2.0,200,79.38,0.45932085660460986,False,0,0.46019,False
2026-07-24T05:31:30+00:00,req-03-0037,churn-pipeline-1.2.0,200,128.11,1.2344696733925673,False,1,0.622295,False
2026-07-24T13:43:26+00:00,req-03-0038,churn-pipeline-1.2.0,200,56.27,-1.8512398739456257,False,0,0.106828,False
2026-07-24T18:43:56+00:00,req-03-0039,churn-pipeline-1.2.0,200,67.68,1.247753365276884,False,1,0.624945,False
2026-07-24T16:34:02+00:00,req-03-0040,churn-pipeline-1.2.0,200,52.61,-0.32770008604860607,False,0,0.303953,False
2026-07-24T18:30:39+00:00,req-03-0041,churn-pipeline-1.2.0,200,68.05,0.768069025295111,False,1,0.525692,False
2026-07-24T17:10:27+00:00,req-03-0042,churn-pipeline-1.2.0,200,36.84,-1.3895966981013648,False,0,0.15044,False
2026-07-24T09:11:25+00:00,req-03-0043,churn-pipeline-1.2.0,200,80.93,,True,0,0.365864,False
2026-07-24T21:36:21+00:00,req-03-0044,churn-pipeline-1.2.0,200,72.09,0.24808430911846427,False,0,0.416021,False
2026-07-24T04:08:12+00:00,req-03-0045,churn-pipeline-1.2.0,200,63.81,1.213538589373339,False,1,0.618104,False
2026-07-24T16:47:40+00:00,req-03-0046,churn-pipeline-1.2.0,200,57.37,-1.6645173537381537,False,0,0.122944,False
2026-07-24T02:39:42+00:00,req-03-0047,churn-pipeline-1.2.0,200,48.82,0.03229017596164937,False,0,0.372255,False
2026-07-24T18:22:26+00:00,req-03-0048,churn-pipeline-1.2.0,200,82.04,-1.1394970556992503,False,0,0.179672,False
2026-07-24T02:05:27+00:00,req-03-0049,churn-pipeline-1.2.0,200,44.69,0.5307708464186889,False,0,0.475309,False
2026-07-24T05:11:18+00:00,req-03-0050,churn-pipeline-1.2.0,200,76.57,0.8160773632789325,False,1,0.535855,False
2026-07-24T09:23:26+00:00,req-03-0051,churn-pipeline-1.2.0,200,126.24,1.3515287546334922,False,1,0.645382,False
2026-07-24T16:40:02+00:00,req-03-0052,churn-pipeline-1.2.0,200,104.56,-0.5617809270237932,False,0,0.263566,False
2026-07-24T01:05:34+00:00,req-03-0053,churn-pipeline-1.2.0,200,40.15,0.9735878099732299,False,1,0.568945,False
2026-07-24T06:10:35+00:00,req-03-0054,churn-pipeline-1.2.0,200,54.74,1.4289466668509059,False,1,0.660294,False
2026-07-24T08:00:26+00:00,req-03-0055,churn-pipeline-1.2.0,200,74.38,-1.7254093183482402,False,0,0.117471,False
2026-07-24T17:32:40+00:00,req-03-0056,churn-pipeline-1.2.0,200,63.55,0.6429621661033731,False,0,0.499129,False
2026-07-24T23:04:36+00:00,req-03-0057,churn-pipeline-1.2.0,200,41.54,1.0064368164691113,False,1,0.575779,False
2026-07-24T14:44:24+00:00,req-03-0058,churn-pipeline-1.2.0,200,73.53,-0.2716627057068093,False,0,0.314123,False
2026-07-24T12:10:48+00:00,req-03-0059,churn-pipeline-1.2.0,200,64.79,-1.271312256401364,False,0,0.163746,False
2026-07-24T08:04:14+00:00,req-03-0060,churn-pipeline-1.2.0,200,119.94,0.9901035439151464,False,1,0.572385,False
2026-07-24T19:44:36+00:00,req-03-0061,churn-pipeline-1.2.0,200,59.94,-1.2594842689356447,False,0,0.165127,False
2026-07-24T02:34:25+00:00,req-03-0062,churn-pipeline-1.2.0,200,94.46,-0.1872690062364475,False,0,0.32978,False
2026-07-24T03:06:08+00:00,req-03-0063,churn-pipeline-1.2.0,200,43.33,-0.04213026069349548,False,0,0.357597,False
2026-07-24T04:49:42+00:00,req-03-0064,churn-pipeline-1.2.0,200,46.78,0.7513149542891995,False,1,0.52214,False
2026-07-24T06:26:02+00:00,req-03-0065,churn-pipeline-1.2.0,200,81.89,-0.6579631374881593,False,0,0.248007,False
2026-07-24T11:04:41+00:00,req-03-0066,churn-pipeline-1.2.0,200,91.94,-0.7188128732692478,False,0,0.238487,False
2026-07-24T22:43:01+00:00,req-03-0067,churn-pipeline-1.2.0,200,47.85,0.10386125270126646,False,0,0.386578,False
2026-07-24T15:36:34+00:00,req-03-0068,churn-pipeline-1.2.0,200,65.5,1.0567100015007367,False,1,0.586182,False
2026-07-24T09:12:18+00:00,req-03-0069,churn-pipeline-1.2.0,200,41.77,2.4018225006858045,False,1,0.816311,False
2026-07-24T05:04:35+00:00,req-03-0070,churn-pipeline-1.2.0,200,61.34,-1.5828552597677132,False,0,0.130627,False
2026-07-24T15:33:42+00:00,req-03-0071,churn-pipeline-1.2.0,200,84.96,0.33110911867590703,False,0,0.433261,False
2026-07-24T06:04:30+00:00,req-03-0072,churn-pipeline-1.2.0,200,56.55,-1.1408617775460066,False,0,0.179501,False
2026-07-24T23:25:37+00:00,req-03-0073,churn-pipeline-1.2.0,200,60.02,1.0697518053670798,False,1,0.588868,False
2026-07-24T11:27:55+00:00,req-03-0074,churn-pipeline-1.2.0,200,45.28,-0.9854717746746947,False,0,0.199783,False
2026-07-24T13:13:08+00:00,req-03-0075,churn-pipeline-1.2.0,200,52.82,-0.7083806290914401,False,0,0.240101,False
2026-07-24T21:41:02+00:00,req-03-0076,churn-pipeline-1.2.0,200,114.09,-0.6187344020171961,False,0,0.254278,False
2026-07-24T07:19:41+00:00,req-03-0077,churn-pipeline-1.2.0,200,66.53,-0.08000888565579409,False,0,0.350235,False
2026-07-24T11:19:23+00:00,req-03-0078,churn-pipeline-1.2.0,200,47.16,0.33935747670164285,False,0,0.434984,False
2026-07-24T12:46:00+00:00,req-03-0079,churn-pipeline-1.2.0,200,58.77,0.5078864632889393,False,0,0.47046,False
2026-07-24T06:30:20+00:00,req-03-0080,churn-pipeline-1.2.0,200,38.99,-0.006055923491922406,False,0,0.364671,False
2026-07-24T01:18:40+00:00,req-03-0081,churn-pipeline-1.2.0,200,46.99,-1.3963855735626105,False,0,0.149704,False
2026-07-24T06:48:35+00:00,req-03-0082,churn-pipeline-1.2.0,200,100.45,0.7641754578256987,False,1,0.524867,False
2026-07-24T02:41:48+00:00,req-03-0083,churn-pipeline-1.2.0,200,62.1,-0.05560659684617933,False,0,0.35497,False
2026-07-24T16:12:58+00:00,req-03-0084,churn-pipeline-1.2.0,200,119.04,1.2198215295154338,False,1,0.619364,False
2026-07-24T00:10:19+00:00,req-03-0085,churn-pipeline-1.2.0,200,63.05,-0.7431257184539336,False,0,0.234754,False
2026-07-24T07:35:45+00:00,req-03-0086,churn-pipeline-1.2.0,200,64.26,-1.6823884637185442,False,0,0.121316,False
2026-07-24T21:13:15+00:00,req-03-0087,churn-pipeline-1.2.0,200,79.8,-0.03572730281722904,False,0,0.358848,False
2026-07-24T13:38:48+00:00,req-03-0088,churn-pipeline-1.2.0,200,27.64,1.3607503226984783,False,1,0.647173,False
2026-07-24T16:06:38+00:00,req-03-0089,churn-pipeline-1.2.0,200,69.41,0.16898924344685334,False,0,0.399785,False
2026-07-24T16:02:39+00:00,req-03-0090,churn-pipeline-1.2.0,200,63.99,-0.2096532891314994,False,0,0.325589,False
2026-07-24T07:09:35+00:00,req-03-0091,churn-pipeline-1.2.0,200,104.58,-0.9138643685403048,False,0,0.209692,False
2026-07-24T15:10:32+00:00,req-03-0092,churn-pipeline-1.2.0,200,88.51,1.8456547900148637,False,1,0.73474,False
2026-07-24T05:18:28+00:00,req-03-0093,churn-pipeline-1.2.0,200,45.22,-1.0810827246290184,False,0,0.187107,False
2026-07-24T15:15:07+00:00,req-03-0094,churn-pipeline-1.2.0,200,96.72,-0.761663970509652,False,0,0.231936,False
2026-07-24T16:23:37+00:00,req-03-0095,churn-pipeline-1.2.0,200,59.77,0.598535905888224,False,0,0.48969,False
2026-07-24T21:01:38+00:00,req-03-0096,churn-pipeline-1.2.0,200,48.67,-1.9488217243811292,False,0,0.099168,False
2026-07-24T22:04:07+00:00,req-03-0097,churn-pipeline-1.2.0,200,69.23,1.3383201986504067,False,1,0.642808,False
2026-07-24T00:34:32+00:00,req-03-0098,churn-pipeline-1.2.0,200,60.92,0.6554027699282233,False,1,0.501773,False
2026-07-24T07:10:45+00:00,req-03-0099,churn-pipeline-1.2.0,200,106.35,0.9441926254016653,False,1,0.562807,False
2026-07-24T13:07:50+00:00,req-03-0100,churn-pipeline-1.2.0,200,72.49,0.5860228625471369,False,0,0.487033,False
2026-07-24T07:43:02+00:00,req-03-0101,churn-pipeline-1.2.0,200,69.42,-0.16917969332918859,False,0,0.333188,False
2026-07-24T14:50:45+00:00,req-03-0102,churn-pipeline-1.2.0,200,86.71,-1.1163061456631942,False,0,0.182596,False
2026-07-24T20:30:06+00:00,req-03-0103,churn-pipeline-1.2.0,200,92.21,-0.14707921328620865,False,0,0.337374,False
2026-07-24T06:11:34+00:00,req-03-0104,churn-pipeline-1.2.0,200,83.52,-1.0239981273402665,False,0,0.194599,False
2026-07-24T21:26:27+00:00,req-03-0105,churn-pipeline-1.2.0,200,102.37,0.5104630755802028,False,0,0.471006,False
2026-07-24T21:10:06+00:00,req-03-0106,churn-pipeline-1.2.0,200,78.98,0.8471188220755068,False,1,0.542411,False
2026-07-24T21:56:12+00:00,req-03-0107,churn-pipeline-1.2.0,200,68.58,1.550649062758118,False,1,0.683099,False
2026-07-24T01:45:53+00:00,req-03-0108,churn-pipeline-1.2.0,200,96.63,0.3903560225805064,False,0,0.445666,False
2026-07-24T07:02:08+00:00,req-03-0109,churn-pipeline-1.2.0,200,63.14,0.9708041244249456,False,1,0.568365,False
2026-07-24T02:58:42+00:00,req-03-0110,churn-pipeline-1.2.0,200,65.7,-0.3120019740916493,False,0,0.306783,False
2026-07-24T02:53:15+00:00,req-03-0111,churn-pipeline-1.2.0,200,112.76,-0.5021909949086045,False,0,0.273515,False
2026-07-24T01:16:31+00:00,req-03-0112,churn-pipeline-1.2.0,200,109.22,0.4973554853576415,False,0,0.468231,False
2026-07-24T10:33:35+00:00,req-03-0113,churn-pipeline-1.2.0,200,64.83,-0.4057965163527542,False,0,0.290094,False
2026-07-24T02:05:36+00:00,req-03-0114,churn-pipeline-1.2.0,500,56.22,0.2826450782690406,False,0,0.423175,True
2026-07-24T07:05:54+00:00,req-03-0115,churn-pipeline-1.2.0,200,103.81,-1.114251798802192,False,0,0.182856,False
2026-07-24T23:33:09+00:00,req-03-0116,churn-pipeline-1.2.0,200,83.98,-0.9257090666001162,False,0,0.208028,False
2026-07-24T21:12:46+00:00,req-03-0117,churn-pipeline-1.2.0,200,71.91,0.6671797660692047,False,1,0.504276,False
2026-07-24T22:29:24+00:00,req-03-0118,churn-pipeline-1.2.0,200,58.64,0.931024579176401,False,1,0.560051,False
2026-07-24T00:52:45+00:00,req-03-0119,churn-pipeline-1.2.0,200,72.28,-1.0349389774150146,False,0,0.193146,False
2026-07-24T15:51:42+00:00,req-03-0120,churn-pipeline-1.2.0,200,64.55,0.7041450260317418,False,1,0.512128,False
2026-07-24T15:12:47+00:00,req-03-0121,churn-pipeline-1.2.0,200,52.55,,True,0,0.365864,False
2026-07-24T03:11:10+00:00,req-03-0122,churn-pipeline-1.2.0,200,67.74,0.017330435010325416,False,0,0.369289,False
2026-07-24T21:44:54+00:00,req-03-0123,churn-pipeline-1.2.0,200,70.76,1.4877916365801793,False,1,0.671422,False
2026-07-24T09:42:18+00:00,req-03-0124,churn-pipeline-1.2.0,200,57.64,0.847861595724096,False,1,0.542567,False
2026-07-24T23:26:24+00:00,req-03-0125,churn-pipeline-1.2.0,200,86.8,0.8356655874233025,False,1,0.539993,False
2026-07-24T02:44:07+00:00,req-03-0126,churn-pipeline-1.2.0,200,98.18,2.004229876379815,False,1,0.760167,False
2026-07-24T15:36:11+00:00,req-03-0127,churn-pipeline-1.2.0,200,88.66,-0.7390733081022877,False,0,0.235374,False
2026-07-24T03:08:15+00:00,req-03-0128,churn-pipeline-1.2.0,200,59.5,-1.035168723742173,False,0,0.193115,False
2026-07-24T22:47:53+00:00,req-03-0129,churn-pipeline-1.2.0,200,82.79,,True,0,0.365864,False
2026-07-24T14:34:56+00:00,req-03-0130,churn-pipeline-1.2.0,200,66.64,-0.2672261060769458,False,0,0.314936,False
2026-07-24T01:48:56+00:00,req-03-0131,churn-pipeline-1.2.0,200,43.77,-2.4722781450064883,False,0,0.065901,False
2026-07-24T05:09:20+00:00,req-03-0132,churn-pipeline-1.2.0,200,80.61,-0.2177996485316509,False,0,0.32407,False
2026-07-24T08:37:21+00:00,req-03-0133,churn-pipeline-1.2.0,200,68.11,-0.5717992684896576,False,0,0.261917,False
2026-07-24T00:18:31+00:00,req-03-0134,churn-pipeline-1.2.0,200,149.06,0.822947755767689,False,1,0.537307,False
2026-07-24T00:12:32+00:00,req-03-0135,churn-pipeline-1.2.0,200,103.62,0.3700403479605421,False,0,0.441404,False
2026-07-24T22:12:41+00:00,req-03-0136,churn-pipeline-1.2.0,200,81.61,-0.6307314591578038,False,0,0.252349,False
2026-07-24T23:32:54+00:00,req-03-0137,churn-pipeline-1.2.0,200,70.39,0.6194588876310492,False,0,0.494135,False
2026-07-24T12:52:08+00:00,req-03-0138,churn-pipeline-1.2.0,200,68.5,0.7594262128149581,False,1,0.52386,False
2026-07-24T21:39:55+00:00,req-03-0139,churn-pipeline-1.2.0,200,47.14,-0.8069730792809813,False,0,0.225146,False
2026-07-24T15:43:31+00:00,req-03-0140,churn-pipeline-1.2.0,200,37.26,-0.5176754681515394,False,0,0.270907,False
2026-07-24T00:40:23+00:00,req-03-0141,churn-pipeline-1.2.0,200,49.16,-2.336631346452882,False,0,0.073363,False
2026-07-24T17:08:52+00:00,req-03-0142,churn-pipeline-1.2.0,200,64.02,-1.1451929730877493,False,0,0.178959,False
2026-07-24T00:26:06+00:00,req-03-0143,churn-pipeline-1.2.0,200,33.14,-0.7795930384447574,False,0,0.229232,False
2026-07-24T19:35:46+00:00,req-03-0144,churn-pipeline-1.2.0,200,54.61,0.07787448543632286,False,0,0.381354,False
2026-07-24T08:48:26+00:00,req-03-0145,churn-pipeline-1.2.0,200,60.05,-0.992651813327806,False,0,0.198809,False
2026-07-24T03:23:24+00:00,req-03-0146,churn-pipeline-1.2.0,200,60.67,-0.5391245864015645,False,0,0.267321,False
2026-07-24T06:12:17+00:00,req-03-0147,churn-pipeline-1.2.0,200,52.6,-1.2865972156617291,False,0,0.161975,False
2026-07-24T16:24:01+00:00,req-03-0148,churn-pipeline-1.2.0,200,58.27,0.17966959345783418,False,0,0.401966,False
2026-07-24T20:19:34+00:00,req-03-0149,churn-pipeline-1.2.0,200,112.85,0.44700032431415304,False,0,0.45759,False
2026-07-24T13:41:50+00:00,req-03-0150,churn-pipeline-1.2.0,200,80.34,0.4224836158408135,False,0,0.452422,False
2026-07-24T03:51:05+00:00,req-03-0151,churn-pipeline-1.2.0,200,54.33,0.012979188500522298,False,0,0.368428,False
2026-07-24T21:36:13+00:00,req-03-0152,churn-pipeline-1.2.0,200,63.59,-1.618126646326464,False,0,0.12726,False
2026-07-24T18:58:32+00:00,req-03-0153,churn-pipeline-1.2.0,200,64.41,-0.6509513470874935,False,0,0.24912,False
2026-07-24T09:50:12+00:00,req-03-0154,churn-pipeline-1.2.0,200,50.84,-0.42767200593440874,False,0,0.28628,False
2026-07-24T13:18:25+00:00,req-03-0155,churn-pipeline-1.2.0,200,50.82,-0.4234600785666566,False,0,0.287012,False
2026-07-24T23:08:03+00:00,req-03-0156,churn-pipeline-1.2.0,200,89.82,0.0787302788893282,False,0,0.381525,False
2026-07-24T09:03:26+00:00,req-03-0157,churn-pipeline-1.2.0,200,56.83,1.49681844098957,False,1,0.673112,False
2026-07-24T00:37:06+00:00,req-03-0158,churn-pipeline-1.2.0,200,45.79,0.8527010233188298,False,1,0.543588,False
2026-07-24T03:29:50+00:00,req-03-0159,churn-pipeline-1.2.0,200,64.11,-1.0368936688411294,False,0,0.192887,False
2026-07-24T14:24:27+00:00,req-03-0160,churn-pipeline-1.2.0,200,67.5,,True,0,0.365864,False
2026-07-24T23:56:40+00:00,req-03-0161,churn-pipeline-1.2.0,200,34.57,0.6723174860490231,False,1,0.505367,False
2026-07-24T17:45:27+00:00,req-03-0162,churn-pipeline-1.2.0,200,64.16,-0.8463708465991432,False,0,0.219357,False
2026-07-24T14:49:54+00:00,req-03-0163,churn-pipeline-1.2.0,200,85.81,0.891309218767211,False,1,0.551718,False
2026-07-24T07:45:07+00:00,req-03-0164,churn-pipeline-1.2.0,200,75.1,-0.16839546774252653,False,0,0.333336,False
2026-07-24T10:32:42+00:00,req-03-0165,churn-pipeline-1.2.0,200,132.68,-1.480451164515167,False,0,0.140834,False
2026-07-24T00:55:15+00:00,req-03-0166,churn-pipeline-1.2.0,200,97.0,0.477962860868999,False,0,0.464129,False
2026-07-24T08:54:25+00:00,req-03-0167,churn-pipeline-1.2.0,200,103.34,0.2278099147952505,False,0,0.411841,False
2026-07-24T14:57:47+00:00,req-03-0168,churn-pipeline-1.2.0,500,159.24,-0.23906151064511913,False,0,0.320124,True
2026-07-24T21:44:14+00:00,req-03-0169,churn-pipeline-1.2.0,200,82.85,-0.039325739232464484,False,0,0.358144,False
2026-07-24T22:08:17+00:00,req-03-0170,churn-pipeline-1.2.0,200,68.48,-0.755039752832885,False,0,0.23294,False
2026-07-24T19:42:30+00:00,req-03-0171,churn-pipeline-1.2.0,200,88.76,0.640637028986965,False,0,0.498635,False
2026-07-24T00:30:57+00:00,req-03-0172,churn-pipeline-1.2.0,200,54.35,-0.04562316623437226,False,0,0.356915,False
2026-07-24T19:28:06+00:00,req-03-0173,churn-pipeline-1.2.0,200,67.28,0.17477128614563933,False,0,0.400965,False
2026-07-24T05:14:48+00:00,req-03-0174,churn-pipeline-1.2.0,200,52.83,0.37499902065031615,False,0,0.442444,False
2026-07-24T14:47:19+00:00,req-03-0175,churn-pipeline-1.2.0,200,73.83,-1.2123148951476412,False,0,0.170729,False
2026-07-24T22:42:47+00:00,req-03-0176,churn-pipeline-1.2.0,200,52.76,-0.9389971729761546,False,0,0.206173,False
2026-07-24T21:18:39+00:00,req-03-0177,churn-pipeline-1.2.0,200,52.17,-2.32044168259702,False,0,0.074304,False
2026-07-24T15:56:45+00:00,req-03-0178,churn-pipeline-1.2.0,200,74.2,0.5929793714149274,False,0,0.48851,False
2026-07-24T07:10:57+00:00,req-03-0179,churn-pipeline-1.2.0,200,62.2,-1.2728205249341047,False,0,0.163571,False
2026-07-24T12:30:04+00:00,req-03-0180,churn-pipeline-1.2.0,200,35.08,0.13919819539043493,False,0,0.393725,False
2026-07-24T16:53:20+00:00,req-03-0181,churn-pipeline-1.2.0,200,40.8,0.3895376361865305,False,0,0.445494,False
2026-07-24T12:20:27+00:00,req-03-0182,churn-pipeline-1.2.0,200,45.03,0.6324704808371463,False,0,0.4969,False
2026-07-24T09:42:24+00:00,req-03-0183,churn-pipeline-1.2.0,200,49.0,-1.2642177595278623,False,0,0.164573,False
2026-07-24T09:40:05+00:00,req-03-0184,churn-pipeline-1.2.0,200,74.22,-0.0684196990477256,False,0,0.35248,False
2026-07-24T14:23:59+00:00,req-03-0185,churn-pipeline-1.2.0,200,69.72,1.7537944418271365,False,1,0.719246,False
2026-07-24T00:51:31+00:00,req-03-0186,churn-pipeline-1.2.0,200,91.4,1.8000304139835321,False,1,0.727113,False
2026-07-24T23:57:20+00:00,req-03-0187,churn-pipeline-1.2.0,200,82.71,1.0366892487282984,False,1,0.582048,False
2026-07-24T02:26:58+00:00,req-03-0188,churn-pipeline-1.2.0,200,91.6,0.3543677957597815,False,0,0.438122,False
2026-07-24T23:37:42+00:00,req-03-0189,churn-pipeline-1.2.0,200,78.97,-1.0553617082876465,False,0,0.190455,False
2026-07-24T00:50:56+00:00,req-03-0190,churn-pipeline-1.2.0,200,69.51,0.7545527066606057,False,1,0.522827,False
2026-07-24T12:18:10+00:00,req-03-0191,churn-pipeline-1.2.0,200,92.4,-0.16592229018418292,False,0,0.333803,False
2026-07-24T10:01:19+00:00,req-03-0192,churn-pipeline-1.2.0,200,87.23,0.5885546890364867,False,0,0.48757,False
2026-07-24T13:46:21+00:00,req-03-0193,churn-pipeline-1.2.0,200,73.31,-0.6644856275947225,False,0,0.246975,False
2026-07-24T10:24:20+00:00,req-03-0194,churn-pipeline-1.2.0,200,97.62,-0.18157976848192534,False,0,0.33085,False
2026-07-24T21:32:08+00:00,req-03-0195,churn-pipeline-1.2.0,500,30.68,0.172354728080246,False,0,0.400472,True
2026-07-24T00:23:59+00:00,req-03-0196,churn-pipeline-1.2.0,200,59.23,0.2585919960685513,False,0,0.418193,False
2026-07-24T23:39:18+00:00,req-03-0197,churn-pipeline-1.2.0,200,58.94,0.5184088501832606,False,0,0.472689,False
2026-07-24T16:32:47+00:00,req-03-0198,churn-pipeline-1.2.0,200,94.0,-0.6081547337511444,False,0,0.255987,False
2026-07-24T18:41:11+00:00,req-03-0199,churn-pipeline-1.2.0,200,107.47,-1.410448674715713,False,0,0.148188,False
2026-07-24T03:21:19+00:00,req-03-0200,churn-pipeline-1.2.0,200,40.87,1.7060242918947846,False,1,0.710974,False
2026-07-24T01:33:51+00:00,req-03-0201,churn-pipeline-1.2.0,200,102.1,2.6137168774745256,False,1,0.841797,False
2026-07-24T09:31:42+00:00,req-03-0202,churn-pipeline-1.2.0,200,44.68,0.4697917467624976,False,0,0.462402,False
2026-07-24T07:44:36+00:00,req-03-0203,churn-pipeline-1.2.0,200,45.11,-1.3901916994666161,False,0,0.150375,False
2026-07-24T18:47:27+00:00,req-03-0204,churn-pipeline-1.2.0,200,60.31,-0.8118548726850207,False,0,0.224423,False
2026-07-24T21:31:02+00:00,req-03-0205,churn-pipeline-1.2.0,200,58.71,0.5345734475035175,False,0,0.476115,False
2026-07-24T10:15:32+00:00,req-03-0206,churn-pipeline-1.2.0,200,39.48,1.4081713922653503,False,1,0.656322,False
2026-07-24T18:26:25+00:00,req-03-0207,churn-pipeline-1.2.0,200,80.03,-1.2735351662689491,False,0,0.163488,False
2026-07-24T01:25:45+00:00,req-03-0208,churn-pipeline-1.2.0,200,80.79,-0.13054946189134628,False,0,0.340522,False
2026-07-24T17:48:48+00:00,req-03-0209,churn-pipeline-1.2.0,200,91.07,0.20572866766616751,False,0,0.407302,False
2026-07-24T02:23:02+00:00,req-03-0210,churn-pipeline-1.2.0,200,56.58,0.9078073738501684,False,1,0.555183,False
2026-07-24T16:01:48+00:00,req-03-0211,churn-pipeline-1.2.0,200,64.18,-0.3607811491203983,False,0,0.298037,False
2026-07-24T09:10:17+00:00,req-03-0212,churn-pipeline-1.2.0,200,64.37,-1.642005425888021,False,0,0.125022,False
2026-07-24T09:57:58+00:00,req-03-0213,churn-pipeline-1.2.0,200,111.56,0.6522574374255474,False,1,0.501105,False
2026-07-24T06:37:56+00:00,req-03-0214,churn-pipeline-1.2.0,200,26.24,1.1810357634297999,False,1,0.611561,False
2026-07-24T09:40:40+00:00,req-03-0215,churn-pipeline-1.2.0,200,47.85,-0.08672103483241872,False,0,0.348937,False
2026-07-24T20:59:09+00:00,req-03-0216,churn-pipeline-1.2.0,200,65.12,0.4255020958717528,False,0,0.453058,False
2026-07-24T19:24:51+00:00,req-03-0217,churn-pipeline-1.2.0,200,45.92,-0.4982157908984242,False,0,0.274187,False
2026-07-24T08:10:03+00:00,req-03-0218,churn-pipeline-1.2.0,200,59.84,-0.888061434462189,False,0,0.21335,False
2026-07-24T07:03:02+00:00,req-03-0219,churn-pipeline-1.2.0,200,62.43,1.0777469645745796,False,1,0.590513,False
2026-07-24T12:13:07+00:00,req-03-0220,churn-pipeline-1.2.0,200,52.66,0.406870640205184,False,0,0.449137,False
2026-07-24T16:26:09+00:00,req-03-0221,churn-pipeline-1.2.0,200,66.35,0.5148870293719767,False,0,0.471943,False
2026-07-24T04:22:34+00:00,req-03-0222,churn-pipeline-1.2.0,200,79.47,1.5772209053943438,False,1,0.687968,False
2026-07-24T17:25:44+00:00,req-03-0223,churn-pipeline-1.2.0,200,60.27,-1.1075844510345019,False,0,0.183705,False
2026-07-24T22:46:06+00:00,req-03-0224,churn-pipeline-1.2.0,200,56.23,-0.5796275815673932,False,0,0.260633,False
2026-07-24T20:16:09+00:00,req-03-0225,churn-pipeline-1.2.0,200,61.64,0.16583001627643032,False,0,0.399141,False
2026-07-24T13:09:30+00:00,req-03-0226,churn-pipeline-1.2.0,200,64.85,-0.592528899649304,False,0,0.258525,False
2026-07-24T07:40:38+00:00,req-03-0227,churn-pipeline-1.2.0,200,37.24,0.8222933620360726,False,1,0.537169,False
2026-07-24T07:45:50+00:00,req-03-0228,churn-pipeline-1.2.0,200,75.35,-0.19676918194918327,False,0,0.327998,False
2026-07-24T17:48:19+00:00,req-03-0229,churn-pipeline-1.2.0,200,56.26,-1.042159447872049,False,0,0.192191,False
2026-07-24T10:54:59+00:00,req-03-0230,churn-pipeline-1.2.0,200,97.33,0.06906025894704466,False,0,0.379588,False
2026-07-24T02:33:20+00:00,req-03-0231,churn-pipeline-1.2.0,200,78.53,0.17885570934712736,False,0,0.4018,False
2026-07-24T16:15:48+00:00,req-03-0232,churn-pipeline-1.2.0,200,94.52,0.9814161660411469,False,1,0.570577,False
2026-07-24T03:18:48+00:00,req-03-0233,churn-pipeline-1.2.0,200,47.03,0.41279794830479555,False,0,0.450383,False
2026-07-24T23:41:08+00:00,req-03-0234,churn-pipeline-1.2.0,200,57.72,0.48420371092782744,False,0,0.465448,False
2026-07-24T10:00:57+00:00,req-03-0235,churn-pipeline-1.2.0,200,43.68,0.3363062682075861,False,0,0.434346,False
2026-07-24T08:12:28+00:00,req-03-0236,churn-pipeline-1.2.0,200,51.87,-0.19763364735652697,False,0,0.327836,False
2026-07-24T01:19:31+00:00,req-03-0237,churn-pipeline-1.2.0,200,97.03,-0.7520300708668279,False,0,0.233397,False
2026-07-24T04:01:31+00:00,req-03-0238,churn-pipeline-1.2.0,200,104.63,0.3032802692423448,False,0,0.427462,False
2026-07-24T22:44:41+00:00,req-03-0239,churn-pipeline-1.2.0,200,45.01,-0.3497810041778227,False,0,0.299997,False
2026-07-24T12:53:26+00:00,req-03-0240,churn-pipeline-1.2.0,200,56.13,1.7743137514630662,False,1,0.722755,False
2026-07-24T21:38:43+00:00,req-03-0241,churn-pipeline-1.2.0,200,63.43,1.4092914095118798,False,1,0.656537,False
2026-07-24T22:56:31+00:00,req-03-0242,churn-pipeline-1.2.0,200,78.4,0.6644810889691887,False,1,0.503702,False
2026-07-24T01:10:27+00:00,req-03-0243,churn-pipeline-1.2.0,200,37.01,0.3973902862576349,False,0,0.447144,False
2026-07-24T09:08:19+00:00,req-03-0244,churn-pipeline-1.2.0,200,38.92,-0.09235700353023597,False,0,0.34785,False
2026-07-24T20:07:10+00:00,req-03-0245,churn-pipeline-1.2.0,200,76.03,-1.324179917914492,False,0,0.157685,False
2026-07-24T11:53:45+00:00,req-03-0246,churn-pipeline-1.2.0,200,34.84,-0.2269808344880639,False,0,0.322363,False
2026-07-24T12:12:46+00:00,req-03-0247,churn-pipeline-1.2.0,200,56.34,0.10647003507551953,False,0,0.387104,False
2026-07-24T13:40:56+00:00,req-03-0248,churn-pipeline-1.2.0,200,68.46,0.24092929816689543,False,0,0.414544,False
2026-07-24T16:50:49+00:00,req-03-0249,churn-pipeline-1.2.0,200,74.25,0.4930131853666174,False,0,0.467312,False
2026-07-24T22:31:48+00:00,req-03-0250,churn-pipeline-1.2.0,200,62.12,0.9673967077715694,False,1,0.567654,False
2026-07-24T21:17:10+00:00,req-03-0251,churn-pipeline-1.2.0,200,57.82,-0.7267617752775105,False,0,0.237262,False
2026-07-24T15:00:07+00:00,req-03-0252,churn-pipeline-1.2.0,200,85.17,-0.7172293875694619,False,0,0.238732,False
2026-07-24T13:50:50+00:00,req-03-0253,churn-pipeline-1.2.0,200,71.21,1.523399513730317,False,1,0.678064,False
2026-07-24T08:39:50+00:00,req-03-0254,churn-pipeline-1.2.0,200,52.84,0.8095306686528061,False,1,0.53447,False
2026-07-24T02:47:30+00:00,req-03-0255,churn-pipeline-1.2.0,200,65.79,-0.4103094892399873,False,0,0.289305,False
2026-07-24T17:00:58+00:00,req-03-0256,churn-pipeline-1.2.0,200,73.48,-0.1125717273998486,False,0,0.343962,False
2026-07-24T00:03:42+00:00,req-03-0257,churn-pipeline-1.2.0,200,112.64,-0.10784964400864347,False,0,0.344869,False
2026-07-24T16:45:22+00:00,req-03-0258,churn-pipeline-1.2.0,200,83.6,0.03315282839545214,False,0,0.372427,False
2026-07-24T11:55:34+00:00,req-03-0259,churn-pipeline-1.2.0,200,95.88,0.49631724685054385,False,0,0.468011,False
2026-07-24T18:52:31+00:00,req-03-0260,churn-pipeline-1.2.0,200,53.46,2.661742383404823,False,1,0.847158,False
2026-07-24T22:46:53+00:00,req-03-0261,churn-pipeline-1.2.0,200,54.96,0.19924438922078508,False,0,0.405972,False
2026-07-24T13:16:18+00:00,req-03-0262,churn-pipeline-1.2.0,200,60.28,0.6957280579465133,False,1,0.510341,False
2026-07-24T13:44:34+00:00,req-03-0263,churn-pipeline-1.2.0,200,62.08,-1.77080054149965,False,0,0.11353,False
2026-07-24T11:41:49+00:00,req-03-0264,churn-pipeline-1.2.0,200,47.08,-0.5091449924177768,False,0,0.272342,False
2026-07-24T08:57:01+00:00,req-03-0265,churn-pipeline-1.2.0,200,97.46,1.2902557528524354,False,1,0.633374,False
2026-07-24T02:07:58+00:00,req-03-0266,churn-pipeline-1.2.0,200,86.23,0.42243116092444666,False,0,0.452411,False
2026-07-24T00:44:31+00:00,req-03-0267,churn-pipeline-1.2.0,200,58.94,-4.6085703141080785,False,0,0.011348,False
2026-07-24T17:21:07+00:00,req-03-0268,churn-pipeline-1.2.0,200,79.82,0.7077243624320065,False,1,0.512889,False
2026-07-24T21:57:34+00:00,req-03-0269,churn-pipeline-1.2.0,200,69.81,2.0140726143602077,False,1,0.761689,False
2026-07-24T01:17:33+00:00,req-03-0270,churn-pipeline-1.2.0,200,81.84,-2.095702965425783,False,0,0.08856,False
2026-07-24T07:51:06+00:00,req-03-0271,churn-pipeline-1.2.0,200,42.28,1.595357059427788,False,1,0.691268,False
2026-07-24T14:35:48+00:00,req-03-0272,churn-pipeline-1.2.0,200,62.04,-2.9105534121572245,False,0,0.046355,False
2026-07-24T16:54:52+00:00,req-03-0273,churn-pipeline-1.2.0,200,63.8,0.984898892306084,False,1,0.571302,False
2026-07-24T17:38:48+00:00,req-03-0274,churn-pipeline-1.2.0,200,79.36,-0.009081057312852211,False,0,0.364075,False
2026-07-24T16:39:42+00:00,req-03-0275,churn-pipeline-1.2.0,200,53.16,-2.467469776006847,False,0,0.066153,False
2026-07-24T02:00:45+00:00,req-03-0276,churn-pipeline-1.2.0,200,29.21,0.46844471860177583,False,0,0.462117,False
2026-07-24T06:05:35+00:00,req-03-0277,churn-pipeline-1.2.0,200,45.98,1.2083817366096616,False,1,0.617069,False
2026-07-24T11:15:42+00:00,req-03-0278,churn-pipeline-1.2.0,200,63.74,0.3820813540126518,False,0,0.443929,False
2026-07-24T01:31:50+00:00,req-03-0279,churn-pipeline-1.2.0,200,66.34,0.6140690189125937,False,0,0.49299,False
2026-07-24T08:14:11+00:00,req-03-0280,churn-pipeline-1.2.0,200,111.41,-0.43225991795601476,False,0,0.285484,False
2026-07-24T09:14:24+00:00,req-03-0281,churn-pipeline-1.2.0,200,78.32,-1.954459242982073,False,0,0.098741,False
2026-07-24T23:28:27+00:00,req-03-0282,churn-pipeline-1.2.0,200,66.72,0.7264572234539175,False,1,0.516866,False
2026-07-24T07:36:40+00:00,req-03-0283,churn-pipeline-1.2.0,200,64.33,1.8372416154186104,False,1,0.733344,False
2026-07-24T23:18:46+00:00,req-03-0284,churn-pipeline-1.2.0,200,92.55,1.186059896938832,False,1,0.612575,False
2026-07-24T16:48:22+00:00,req-03-0285,churn-pipeline-1.2.0,200,53.81,-2.0872696210814135,False,0,0.08914,False
2026-07-24T16:36:52+00:00,req-03-0286,churn-pipeline-1.2.0,200,62.15,-1.5906391275714806,False,0,0.129877,False
2026-07-24T19:40:29+00:00,req-03-0287,churn-pipeline-1.2.0,200,45.87,-0.8882661288872076,False,0,0.21332,False
2026-07-24T20:12:55+00:00,req-03-0288,churn-pipeline-1.2.0,200,102.35,-1.6726242238441504,False,0,0.122203,False
2026-07-24T05:20:19+00:00,req-03-0289,churn-pipeline-1.2.0,200,73.7,0.04639941553384106,False,0,0.375062,False
2026-07-24T10:06:06+00:00,req-03-0290,churn-pipeline-1.2.0,200,51.83,0.413086595439549,False,0,0.450444,False
2026-07-24T12:40:39+00:00,req-03-0291,churn-pipeline-1.2.0,200,62.66,-1.501765947404486,False,0,0.138656,False
2026-07-24T23:26:32+00:00,req-03-0292,churn-pipeline-1.2.0,200,76.51,0.8159848822393047,False,1,0.535835,False
2026-07-24T00:58:28+00:00,req-03-0293,churn-pipeline-1.2.0,200,59.99,0.6311591412210147,False,0,0.496621,False
2026-07-24T11:26:34+00:00,req-03-0294,churn-pipeline-1.2.0,200,54.78,-0.5755670810858883,False,0,0.261298,False
2026-07-24T05:08:31+00:00,req-03-0295,churn-pipeline-1.2.0,200,52.72,-0.18114808528318335,False,0,0.330931,False
2026-07-24T04:57:48+00:00,req-03-0296,churn-pipeline-1.2.0,200,72.45,-2.0472912344356833,False,0,0.091938,False
2026-07-24T18:16:56+00:00,req-03-0297,churn-pipeline-1.2.0,200,57.96,-0.34887526410142783,False,0,0.300158,False
2026-07-24T04:50:43+00:00,req-03-0298,churn-pipeline-1.2.0,200,56.22,0.007754222836842052,False,0,0.367395,False
2026-07-24T19:02:29+00:00,req-03-0299,churn-pipeline-1.2.0,200,42.39,0.17718497498959906,False,0,0.401458,False
2026-07-24T23:51:14+00:00,req-03-0300,churn-pipeline-1.2.0,200,66.64,0.39782075762118263,False,0,0.447234,False
2026-07-24T18:38:01+00:00,req-03-0301,churn-pipeline-1.2.0,200,61.34,0.25645383039210085,False,0,0.417751,False
2026-07-24T04:04:41+00:00,req-03-0302,churn-pipeline-1.2.0,200,58.64,-0.2775608821289541,False,0,0.313044,False
2026-07-24T03:25:02+00:00,req-03-0303,churn-pipeline-1.2.0,200,69.27,0.30050468968203253,False,0,0.426885,False
2026-07-24T10:29:27+00:00,req-03-0304,churn-pipeline-1.2.0,200,82.58,1.0521335929757605,False,1,0.585238,False
2026-07-24T13:13:29+00:00,req-03-0305,churn-pipeline-1.2.0,200,81.36,-0.10027297697512659,False,0,0.346325,False
2026-07-24T18:40:48+00:00,req-03-0306,churn-pipeline-1.2.0,200,77.58,0.3334746353732606,False,0,0.433755,False
2026-07-24T10:08:42+00:00,req-03-0307,churn-pipeline-1.2.0,200,60.18,-0.19547961579732434,False,0,0.32824,False
2026-07-24T04:00:34+00:00,req-03-0308,churn-pipeline-1.2.0,200,54.21,-0.6790968623035499,False,0,0.244672,False
2026-07-24T23:47:44+00:00,req-03-0309,churn-pipeline-1.2.0,200,46.54,0.5490236502634844,False,0,0.47918,False
2026-07-24T21:42:33+00:00,req-03-0310,churn-pipeline-1.2.0,200,53.76,-0.5829872413787155,False,0,0.260083,False
2026-07-24T15:41:51+00:00,req-03-0311,churn-pipeline-1.2.0,200,65.41,0.40545424604180014,False,0,0.448839,False
2026-07-24T16:41:27+00:00,req-03-0312,churn-pipeline-1.2.0,200,50.54,0.029668140085547787,False,0,0.371735,False
2026-07-24T22:26:41+00:00,req-03-0313,churn-pipeline-1.2.0,200,67.03,-0.3191314103461504,False,0,0.305496,False
2026-07-24T11:23:48+00:00,req-03-0314,churn-pipeline-1.2.0,200,47.72,-0.3445499737539937,False,0,0.300931,False
2026-07-24T03:29:18+00:00,req-03-0315,churn-pipeline-1.2.0,200,38.2,-0.5335270420364713,False,0,0.268254,False
2026-07-24T14:32:34+00:00,req-03-0316,churn-pipeline-1.2.0,200,84.49,-1.7280912306934646,False,0,0.117235,False
2026-07-24T10:49:15+00:00,req-03-0317,churn-pipeline-1.2.0,200,55.84,0.4020398499197767,False,0,0.448121,False
2026-07-24T19:11:38+00:00,req-03-0318,churn-pipeline-1.2.0,200,49.73,0.24312416654223654,False,0,0.414997,False
2026-07-24T18:31:06+00:00,req-03-0319,churn-pipeline-1.2.0,200,45.8,0.8921537650709184,False,1,0.551895,False
2026-07-24T11:18:52+00:00,req-03-0320,churn-pipeline-1.2.0,200,74.42,-0.5580297474221346,False,0,0.264186,False
2026-07-24T08:49:42+00:00,req-03-0321,churn-pipeline-1.2.0,200,100.92,1.9901528067505008,False,1,0.757979,False
2026-07-24T10:07:45+00:00,req-03-0322,churn-pipeline-1.2.0,200,57.13,-0.39872274524211476,False,0,0.291334,False
2026-07-24T15:10:48+00:00,req-03-0323,churn-pipeline-1.2.0,200,60.67,-0.9188651243044307,False,0,0.208988,False
2026-07-24T15:17:19+00:00,req-03-0324,churn-pipeline-1.2.0,200,91.59,-1.043369165834798,False,0,0.192031,False
2026-07-24T12:16:51+00:00,req-03-0325,churn-pipeline-1.2.0,200,36.42,-1.8206185233911454,False,0,0.109338,False
2026-07-24T12:45:54+00:00,req-03-0326,churn-pipeline-1.2.0,200,121.97,1.6092592870127842,False,1,0.693784,False
2026-07-24T23:48:22+00:00,req-03-0327,churn-pipeline-1.2.0,200,142.1,1.439620760307095,False,1,0.662326,False
2026-07-24T06:05:22+00:00,req-03-0328,churn-pipeline-1.2.0,200,27.34,0.630782421028996,False,0,0.496541,False
2026-07-24T04:10:22+00:00,req-03-0329,churn-pipeline-1.2.0,200,63.0,-0.9408932481645689,False,0,0.20591,False
2026-07-24T19:10:48+00:00,req-03-0330,churn-pipeline-1.2.0,200,51.64,1.9018310656370758,False,1,0.743941,False
2026-07-24T22:26:54+00:00,req-03-0331,churn-pipeline-1.2.0,200,59.72,-0.36930511959773876,False,0,0.296523,False
2026-07-24T14:36:30+00:00,req-03-0332,churn-pipeline-1.2.0,200,56.85,-0.282477122787985,False,0,0.312146,False
2026-07-24T09:38:15+00:00,req-03-0333,churn-pipeline-1.2.0,200,84.28,1.50912203445788,False,1,0.675409,False
2026-07-24T08:21:51+00:00,req-03-0334,churn-pipeline-1.2.0,200,62.7,0.6918561137049158,False,1,0.509518,False
2026-07-24T11:13:54+00:00,req-03-0335,churn-pipeline-1.2.0,200,48.56,2.3111582956923233,False,1,0.804472,False
2026-07-24T01:15:32+00:00,req-03-0336,churn-pipeline-1.2.0,200,61.52,0.26115837333497055,False,0,0.418724,False
2026-07-24T12:41:11+00:00,req-03-0337,churn-pipeline-1.2.0,200,76.64,-0.416882339557661,False,0,0.288157,False
2026-07-24T06:28:12+00:00,req-03-0338,churn-pipeline-1.2.0,200,44.5,-0.6423951276327856,False,0,0.250483,False
2026-07-24T06:22:07+00:00,req-03-0339,churn-pipeline-1.2.0,200,38.38,-1.9393459860501583,False,0,0.09989,False
2026-07-24T13:26:54+00:00,req-03-0340,churn-pipeline-1.2.0,200,122.99,-0.2925255614465147,False,0,0.310315,False
2026-07-24T23:07:40+00:00,req-03-0341,churn-pipeline-1.2.0,200,52.92,1.2018230057687496,False,1,0.61575,False
2026-07-24T04:56:26+00:00,req-03-0342,churn-pipeline-1.2.0,200,62.2,0.6287758812888726,False,0,0.496115,False
2026-07-24T21:52:32+00:00,req-03-0343,churn-pipeline-1.2.0,200,57.23,0.021323406888426103,False,0,0.37008,False
2026-07-24T12:27:56+00:00,req-03-0344,churn-pipeline-1.2.0,200,77.46,-1.0446811660071458,False,0,0.191859,False
2026-07-24T23:20:59+00:00,req-03-0345,churn-pipeline-1.2.0,200,114.63,0.23821666891337412,False,0,0.413985,False
2026-07-24T09:10:23+00:00,req-03-0346,churn-pipeline-1.2.0,200,78.25,1.063454390455142,False,1,0.587572,False
2026-07-24T23:55:33+00:00,req-03-0347,churn-pipeline-1.2.0,200,39.99,0.4522552192934837,False,0,0.458699,False
2026-07-24T15:50:20+00:00,req-03-0348,churn-pipeline-1.2.0,200,41.74,0.17507192811502711,False,0,0.401027,False
2026-07-24T16:04:30+00:00,req-03-0349,churn-pipeline-1.2.0,200,57.21,-0.8368055359452664,False,0,0.220753,False
2026-07-24T13:31:02+00:00,req-03-0350,churn-pipeline-1.2.0,200,59.65,0.9105409048176133,False,1,0.555757,False
2026-07-24T10:50:25+00:00,req-03-0351,churn-pipeline-1.2.0,200,37.46,-3.28850005968139,False,0,0.034052,False
2026-07-24T12:36:09+00:00,req-03-0352,churn-pipeline-1.2.0,200,84.49,0.40198799430840226,False,0,0.44811,False
2026-07-24T20:25:03+00:00,req-03-0353,churn-pipeline-1.2.0,200,45.91,2.698838079991829,False,1,0.851196,False
2026-07-24T19:00:59+00:00,req-03-0354,churn-pipeline-1.2.0,200,104.82,-1.5837920566984394,False,0,0.130537,False
2026-07-24T00:34:16+00:00,req-03-0355,churn-pipeline-1.2.0,200,116.4,-0.25343792743643434,False,0,0.31747,False
2026-07-24T16:40:15+00:00,req-03-0356,churn-pipeline-1.2.0,200,60.04,-0.00830653963096273,False,0,0.364228,False
2026-07-24T20:01:32+00:00,req-03-0357,churn-pipeline-1.2.0,200,74.8,-0.485711954759406,False,0,0.276307,False
2026-07-24T17:51:33+00:00,req-03-0358,churn-pipeline-1.2.0,200,43.82,1.0881929546869284,False,1,0.592658,False
2026-07-24T11:56:05+00:00,req-03-0359,churn-pipeline-1.2.0,200,79.36,0.4960735650730661,False,0,0.46796,False
2026-07-24T08:03:08+00:00,req-03-0360,churn-pipeline-1.2.0,200,55.42,0.15991539117468526,False,0,0.397936,False
2026-07-24T16:09:26+00:00,req-03-0361,churn-pipeline-1.2.0,200,45.9,0.8371361892277441,False,1,0.540304,False
2026-07-24T15:55:41+00:00,req-03-0362,churn-pipeline-1.2.0,200,59.25,0.01758824452532931,False,0,0.36934,False
2026-07-24T08:58:37+00:00,req-03-0363,churn-pipeline-1.2.0,200,56.0,3.33885771326469,False,1,0.907881,False
2026-07-24T09:45:08+00:00,req-03-0364,churn-pipeline-1.2.0,200,58.58,0.1589142803395782,False,0,0.397732,False
2026-07-24T08:50:49+00:00,req-03-0365,churn-pipeline-1.2.0,200,88.08,0.20504620341418958,False,0,0.407162,False
2026-07-24T01:04:47+00:00,req-03-0366,churn-pipeline-1.2.0,200,50.56,-1.795991452051939,False,0,0.111393,False
2026-07-24T00:45:40+00:00,req-03-0367,churn-pipeline-1.2.0,200,113.25,-0.5706228436685951,False,0,0.26211,False
2026-07-24T01:59:38+00:00,req-03-0368,churn-pipeline-1.2.0,200,42.54,1.2047465658898002,False,1,0.616338,False
2026-07-24T10:10:15+00:00,req-03-0369,churn-pipeline-1.2.0,200,109.0,-1.4022296928778661,False,0,0.149072,False
2026-07-24T12:14:59+00:00,req-03-0370,churn-pipeline-1.2.0,200,46.95,-2.2654350330170527,False,0,0.077585,False
2026-07-24T09:48:01+00:00,req-03-0371,churn-pipeline-1.2.0,200,64.98,0.03393124474695357,False,0,0.372581,False
2026-07-24T22:55:26+00:00,req-03-0372,churn-pipeline-1.2.0,200,55.56,1.439281732848727,False,1,0.662262,False
2026-07-24T05:23:41+00:00,req-03-0373,churn-pipeline-1.2.0,200,58.23,0.04450029013093192,False,0,0.374684,False
2026-07-24T09:25:52+00:00,req-03-0374,churn-pipeline-1.2.0,200,84.0,-0.3529308327576608,False,0,0.299435,False
2026-07-24T05:56:08+00:00,req-03-0375,churn-pipeline-1.2.0,200,105.04,-1.951412334628029,False,0,0.098972,False
2026-07-24T07:11:38+00:00,req-03-0376,churn-pipeline-1.2.0,200,95.14,0.474866828837303,False,0,0.463474,False
2026-07-24T14:01:09+00:00,req-03-0377,churn-pipeline-1.2.0,200,57.1,0.6943388643271972,False,1,0.510046,False
2026-07-24T07:26:16+00:00,req-03-0378,churn-pipeline-1.2.0,200,68.95,-1.8708191240561554,False,0,0.105251,False
2026-07-24T07:37:35+00:00,req-03-0379,churn-pipeline-1.2.0,200,50.61,1.1912590711320798,False,1,0.613624,False
2026-07-24T16:05:59+00:00,req-03-0380,churn-pipeline-1.2.0,200,47.33,0.8039803021867146,False,1,0.533296,False
2026-07-24T19:55:33+00:00,req-03-0381,churn-pipeline-1.2.0,200,45.04,1.1889317396747128,False,1,0.613155,False
2026-07-24T05:06:05+00:00,req-03-0382,churn-pipeline-1.2.0,200,56.51,0.6127013464250091,False,0,0.4927,False
2026-07-24T02:40:23+00:00,req-03-0383,churn-pipeline-1.2.0,200,70.4,0.6863668442518844,False,1,0.508352,False
2026-07-24T05:44:51+00:00,req-03-0384,churn-pipeline-1.2.0,200,35.25,0.5467569436368258,False,0,0.478699,False
2026-07-24T13:51:48+00:00,req-03-0385,churn-pipeline-1.2.0,200,64.04,0.9118959375762555,False,1,0.556041,False
2026-07-24T23:01:57+00:00,req-03-0386,churn-pipeline-1.2.0,200,105.58,-1.9096956575801145,False,0,0.102179,False
2026-07-24T03:50:27+00:00,req-03-0387,churn-pipeline-1.2.0,200,93.07,-1.5761124053025903,False,0,0.131279,False
2026-07-24T01:01:35+00:00,req-03-0388,churn-pipeline-1.2.0,200,53.9,-0.7728082951992603,False,0,0.230252,False
2026-07-24T12:40:39+00:00,req-03-0389,churn-pipeline-1.2.0,200,41.57,-0.1363111802561809,False,0,0.339423,False
2026-07-24T23:46:56+00:00,req-03-0390,churn-pipeline-1.2.0,200,75.3,0.4075437694735884,False,0,0.449278,False
2026-07-24T13:15:39+00:00,req-03-0391,churn-pipeline-1.2.0,200,30.96,0.34091573589029256,False,0,0.435309,False
2026-07-24T22:11:13+00:00,req-03-0392,churn-pipeline-1.2.0,200,92.72,1.1729611020288329,False,1,0.60993,False
2026-07-24T15:24:54+00:00,req-03-0393,churn-pipeline-1.2.0,200,60.71,1.2059200635093685,False,1,0.616574,False
2026-07-24T00:45:30+00:00,req-03-0394,churn-pipeline-1.2.0,200,116.79,-0.9160043637084826,False,0,0.20939,False
2026-07-24T10:15:29+00:00,req-03-0395,churn-pipeline-1.2.0,200,37.4,0.2505049155529948,False,0,0.416521,False
2026-07-24T18:28:51+00:00,req-03-0396,churn-pipeline-1.2.0,200,87.2,-0.8902231251079301,False,0,0.213041,False
2026-07-24T12:13:38+00:00,req-03-0397,churn-pipeline-1.2.0,200,62.94,-0.197659390271245,False,0,0.327831,False
2026-07-24T04:40:30+00:00,req-03-0398,churn-pipeline-1.2.0,200,58.47,0.3378809375009195,False,0,0.434675,False
2026-07-24T04:20:34+00:00,req-03-0399,churn-pipeline-1.2.0,200,41.93,-3.5791476802952755,False,0,0.026798,False
2026-07-24T15:55:29+00:00,req-03-0400,churn-pipeline-1.2.0,200,78.65,2.531806241621669,False,1,0.832303,False
2026-07-24T11:06:44+00:00,req-03-0401,churn-pipeline-1.2.0,200,80.7,0.594729111267349,False,0,0.488882,False
2026-07-24T13:46:45+00:00,req-03-0402,churn-pipeline-1.2.0,200,115.08,-0.6254884391840763,False,0,0.253191,False
2026-07-24T08:57:09+00:00,req-03-0403,churn-pipeline-1.2.0,200,89.74,2.0237382429917394,False,1,0.763177,False
2026-07-24T08:08:13+00:00,req-03-0404,churn-pipeline-1.2.0,200,53.75,,True,0,0.365864,False
2026-07-24T15:59:13+00:00,req-03-0405,churn-pipeline-1.2.0,200,47.14,0.13914535511946063,False,0,0.393714,False
2026-07-24T00:11:10+00:00,req-03-0406,churn-pipeline-1.2.0,200,41.95,-0.5114716009175087,False,0,0.27195,False
2026-07-24T10:26:08+00:00,req-03-0407,churn-pipeline-1.2.0,200,104.15,1.7345914293155065,False,1,0.715938,False
2026-07-24T08:53:47+00:00,req-03-0408,churn-pipeline-1.2.0,200,50.67,-0.11023394162117439,False,0,0.344411,False
2026-07-24T18:42:15+00:00,req-03-0409,churn-pipeline-1.2.0,200,104.38,0.1569583057764847,False,0,0.397334,False
2026-07-24T17:28:55+00:00,req-03-0410,churn-pipeline-1.2.0,200,76.89,1.2639712606767186,False,1,0.62817,False
2026-07-24T10:13:25+00:00,req-03-0411,churn-pipeline-1.2.0,200,72.24,0.6143964303341304,False,0,0.49306,False
2026-07-24T06:18:18+00:00,req-03-0412,churn-pipeline-1.2.0,200,58.92,-0.05706546839077553,False,0,0.354686,False
2026-07-24T05:39:30+00:00,req-03-0413,churn-pipeline-1.2.0,200,80.3,1.1659105209753362,False,1,0.608503,False
2026-07-24T05:04:12+00:00,req-03-0414,churn-pipeline-1.2.0,200,64.68,2.66540739089935,False,1,0.847561,False
2026-07-24T06:34:06+00:00,req-03-0415,churn-pipeline-1.2.0,200,57.76,0.3332809712393924,False,0,0.433715,False
2026-07-24T18:15:13+00:00,req-03-0416,churn-pipeline-1.2.0,200,81.22,0.12259809226619471,False,0,0.390362,False
2026-07-24T01:05:12+00:00,req-03-0417,churn-pipeline-1.2.0,200,62.07,0.17915843780003562,False,0,0.401861,False
2026-07-24T00:37:37+00:00,req-03-0418,churn-pipeline-1.2.0,200,50.35,1.3759509758730937,False,1,0.650118,False
2026-07-24T12:57:28+00:00,req-03-0419,churn-pipeline-1.2.0,200,78.75,-0.6291576217845686,False,0,0.252602,False
2026-07-24T05:21:46+00:00,req-03-0420,churn-pipeline-1.2.0,200,63.68,-0.2922334376972441,False,0,0.310368,False
2026-07-24T19:56:28+00:00,req-03-0421,churn-pipeline-1.2.0,200,76.01,-1.6143150965829733,False,0,0.12762,False
2026-07-24T18:03:10+00:00,req-03-0422,churn-pipeline-1.2.0,200,56.21,-1.2430612557719725,False,0,0.167061,False
2026-07-24T18:27:31+00:00,req-03-0423,churn-pipeline-1.2.0,200,44.14,-0.543690002832869,False,0,0.266562,False
2026-07-24T10:58:07+00:00,req-03-0424,churn-pipeline-1.2.0,200,113.25,-0.05873384376344385,False,0,0.354361,False
2026-07-24T10:30:25+00:00,req-03-0425,churn-pipeline-1.2.0,200,106.62,1.8575374920586256,False,1,0.736704,False
2026-07-24T10:12:50+00:00,req-03-0426,churn-pipeline-1.2.0,200,86.25,0.5627924451714856,False,0,0.482101,False
2026-07-24T04:42:24+00:00,req-03-0427,churn-pipeline-1.2.0,200,57.41,-0.9576824356992836,False,0,0.203586,False
2026-07-24T13:36:56+00:00,req-03-0428,churn-pipeline-1.2.0,200,59.04,-0.7643795096323212,False,0,0.231525,False
2026-07-24T20:43:25+00:00,req-03-0429,churn-pipeline-1.2.0,200,101.16,1.4434861173921871,False,1,0.663061,False
2026-07-24T06:09:32+00:00,req-03-0430,churn-pipeline-1.2.0,200,58.04,1.182940866060652,False,1,0.611946,False
2026-07-24T01:21:45+00:00,req-03-0431,churn-pipeline-1.2.0,200,53.09,0.02955740573541322,False,0,0.371713,False
2026-07-24T13:33:10+00:00,req-03-0432,churn-pipeline-1.2.0,200,118.33,-0.4646527888157739,False,0,0.279901,False
2026-07-24T09:34:52+00:00,req-03-0433,churn-pipeline-1.2.0,200,64.02,1.181179477489875,False,1,0.61159,False
2026-07-24T19:08:20+00:00,req-03-0434,churn-pipeline-1.2.0,200,114.47,-1.0429934830609209,False,0,0.192081,False
2026-07-24T20:33:31+00:00,req-03-0435,churn-pipeline-1.2.0,200,41.55,0.4116319179603992,False,0,0.450138,False
2026-07-24T22:48:55+00:00,req-03-0436,churn-pipeline-1.2.0,200,76.72,2.386291940437998,False,1,0.814323,False
2026-07-24T09:26:10+00:00,req-03-0437,churn-pipeline-1.2.0,200,126.11,0.21562346636403035,False,0,0.409334,False
2026-07-24T21:38:30+00:00,req-03-0438,churn-pipeline-1.2.0,200,65.62,-0.8143899532246845,False,0,0.224048,False
2026-07-24T02:49:44+00:00,req-03-0439,churn-pipeline-1.2.0,200,59.73,0.43088713780511473,False,0,0.454192,False
2026-07-24T08:56:44+00:00,req-03-0440,churn-pipeline-1.2.0,200,44.73,-0.49350915496611497,False,0,0.274984,False
2026-07-24T06:22:58+00:00,req-03-0441,churn-pipeline-1.2.0,200,91.9,-1.4638216359410852,False,0,0.142553,False
2026-07-24T22:09:15+00:00,req-03-0442,churn-pipeline-1.2.0,200,50.8,0.7360878282157122,False,1,0.51891,False
2026-07-24T14:24:02+00:00,req-03-0443,churn-pipeline-1.2.0,200,63.06,1.1737261205772085,False,1,0.610084,False
2026-07-24T08:46:50+00:00,req-03-0444,churn-pipeline-1.2.0,200,43.79,-0.3264520056762013,False,0,0.304177,False
2026-07-24T03:38:55+00:00,req-03-0445,churn-pipeline-1.2.0,200,106.97,-0.396097457801087,False,0,0.291795,False
2026-07-24T18:47:30+00:00,req-03-0446,churn-pipeline-1.2.0,200,94.06,-1.009643660677921,False,0,0.196519,False
2026-07-24T15:43:06+00:00,req-03-0447,churn-pipeline-1.2.0,200,64.35,-0.15743238049094493,False,0,0.33541,False
2026-07-24T20:28:15+00:00,req-03-0448,churn-pipeline-1.2.0,200,44.93,-0.5904868020693504,False,0,0.258858,False
2026-07-24T10:30:57+00:00,req-03-0449,churn-pipeline-1.2.0,200,106.26,-1.0615843210384184,False,0,0.189641,False
2026-07-24T03:35:51+00:00,req-03-0450,churn-pipeline-1.2.0,200,57.82,1.9867772719195864,False,1,0.757452,False
2026-07-24T08:01:31+00:00,req-03-0451,churn-pipeline-1.2.0,200,45.64,0.4898174575869827,False,0,0.466636,False
2026-07-24T14:52:54+00:00,req-03-0452,churn-pipeline-1.2.0,200,36.98,0.60101486343082,False,0,0.490217,False
2026-07-24T05:46:55+00:00,req-03-0453,churn-pipeline-1.2.0,200,52.86,0.9275695473790485,False,1,0.559328,False
2026-07-24T01:41:49+00:00,req-03-0454,churn-pipeline-1.2.0,200,40.81,0.8095880275977957,False,1,0.534483,False
2026-07-24T19:45:35+00:00,req-03-0455,churn-pipeline-1.2.0,200,53.25,-0.43376545043655057,False,0,0.285223,False
2026-07-24T12:43:57+00:00,req-03-0456,churn-pipeline-1.2.0,200,82.48,0.28618025412004056,False,0,0.423909,False
2026-07-24T09:31:12+00:00,req-03-0457,churn-pipeline-1.2.0,200,57.64,-0.2824820084736933,False,0,0.312145,False
2026-07-24T13:16:05+00:00,req-03-0458,churn-pipeline-1.2.0,500,72.84,0.46038680601549303,False,0,0.460415,True
2026-07-24T17:43:24+00:00,req-03-0459,churn-pipeline-1.2.0,200,51.57,0.35877543025607245,False,0,0.439044,False
2026-07-24T00:01:56+00:00,req-03-0460,churn-pipeline-1.2.0,200,66.37,-0.40179327390741204,False,0,0.290795,False
2026-07-24T10:34:06+00:00,req-03-0461,churn-pipeline-1.2.0,200,120.19,-1.3957636590678892,False,0,0.149771,False
2026-07-24T06:06:06+00:00,req-03-0462,churn-pipeline-1.2.0,200,58.14,0.15354890981378308,False,0,0.39664,False
2026-07-24T02:12:17+00:00,req-03-0463,churn-pipeline-1.2.0,200,73.51,-0.21448296219766388,False,0,0.324688,False
2026-07-24T00:51:47+00:00,req-03-0464,churn-pipeline-1.2.0,200,39.39,-1.9848908600941964,False,0,0.096463,False
2026-07-24T10:34:19+00:00,req-03-0465,churn-pipeline-1.2.0,200,105.72,0.5330448573331534,False,0,0.475791,False
2026-07-24T13:03:17+00:00,req-03-0466,churn-pipeline-1.2.0,200,55.79,1.0136092178549143,False,1,0.577268,False
2026-07-24T12:11:04+00:00,req-03-0467,churn-pipeline-1.2.0,200,90.97,2.6547742989693983,False,1,0.846389,False
2026-07-24T18:47:27+00:00,req-03-0468,churn-pipeline-1.2.0,200,62.49,-0.41075737848669414,False,0,0.289226,False
2026-07-24T10:59:17+00:00,req-03-0469,churn-pipeline-1.2.0,200,79.05,-0.5656474913765211,False,0,0.262929,False
2026-07-24T14:09:26+00:00,req-03-0470,churn-pipeline-1.2.0,200,80.57,-1.1648920819612034,False,0,0.176512,False
2026-07-24T19:35:23+00:00,req-03-0471,churn-pipeline-1.2.0,200,56.24,0.21907400181135744,False,0,0.410043,False
2026-07-24T15:46:30+00:00,req-03-0472,churn-pipeline-1.2.0,200,92.18,0.21243408958627286,False,0,0.408679,False
2026-07-24T21:51:37+00:00,req-03-0473,churn-pipeline-1.2.0,200,50.98,-0.8518611515260867,False,0,0.218559,False
2026-07-24T05:19:05+00:00,req-03-0474,churn-pipeline-1.2.0,200,83.37,-0.18367637610403212,False,0,0.330456,False
2026-07-24T18:52:57+00:00,req-03-0475,churn-pipeline-1.2.0,200,57.37,-2.0775989502338246,False,0,0.08981,False
2026-07-24T16:43:18+00:00,req-03-0476,churn-pipeline-1.2.0,200,72.69,0.9726955852249088,False,1,0.568759,False
2026-07-24T13:59:12+00:00,req-03-0477,churn-pipeline-1.2.0,200,56.07,-0.8092132226557751,False,0,0.224814,False
2026-07-24T00:05:23+00:00,req-03-0478,churn-pipeline-1.2.0,200,66.05,-0.036389168983628255,False,0,0.358718,False
2026-07-24T12:59:41+00:00,req-03-0479,churn-pipeline-1.2.0,200,46.08,-1.498028092362668,False,0,0.139036,False
2026-07-24T20:36:11+00:00,req-03-0480,churn-pipeline-1.2.0,200,70.36,-0.6114712794346521,False,0,0.255451,False
2026-07-24T15:28:14+00:00,req-03-0481,churn-pipeline-1.2.0,200,65.93,-0.2935707111934036,False,0,0.310125,False
2026-07-24T00:07:20+00:00,req-03-0482,churn-pipeline-1.2.0,200,54.68,-0.011855389308871643,False,0,0.36353,False
2026-07-24T06:54:28+00:00,req-03-0483,churn-pipeline-1.2.0,200,63.87,0.5037191412986374,False,0,0.469578,False
2026-07-24T13:39:51+00:00,req-03-0484,churn-pipeline-1.2.0,200,67.85,1.5110288376605314,False,1,0.675764,False
2026-07-24T19:29:03+00:00,req-03-0485,churn-pipeline-1.2.0,200,53.36,0.7693464899078241,False,1,0.525963,False
2026-07-24T10:40:41+00:00,req-03-0486,churn-pipeline-1.2.0,200,62.38,1.0102727703035572,False,1,0.576576,False
2026-07-24T20:33:51+00:00,req-03-0487,churn-pipeline-1.2.0,200,47.12,1.5184093154402951,False,1,0.677138,False
2026-07-24T19:06:02+00:00,req-03-0488,churn-pipeline-1.2.0,200,137.69,0.5981932755988324,False,0,0.489618,False
2026-07-24T06:24:47+00:00,req-03-0489,churn-pipeline-1.2.0,200,91.22,-0.03854255539994511,False,0,0.358297,False
2026-07-24T04:40:44+00:00,req-03-0490,churn-pipeline-1.2.0,200,70.94,1.059567501567808,False,1,0.586771,False
2026-07-24T21:40:03+00:00,req-03-0491,churn-pipeline-1.2.0,200,94.58,1.1266597502597395,False,1,0.600527,False
2026-07-24T14:08:27+00:00,req-03-0492,churn-pipeline-1.2.0,200,34.5,0.680994129864337,False,1,0.507211,False
2026-07-24T20:22:10+00:00,req-03-0493,churn-pipeline-1.2.0,200,28.67,-1.5273589768879081,False,0,0.136078,False
2026-07-24T22:07:52+00:00,req-03-0494,churn-pipeline-1.2.0,200,57.2,-0.8835331607493799,False,0,0.213996,False
2026-07-24T10:11:15+00:00,req-03-0495,churn-pipeline-1.2.0,200,41.81,-0.2885968092320082,False,0,0.31103,False
2026-07-24T01:05:51+00:00,req-03-0496,churn-pipeline-1.2.0,200,60.26,0.8186020717726942,False,1,0.536388,False
2026-07-24T21:48:57+00:00,req-03-0497,churn-pipeline-1.2.0,200,69.42,-0.022413740024087737,False,0,0.361456,False
2026-07-24T14:00:20+00:00,req-03-0498,churn-pipeline-1.2.0,200,87.26,1.1937120651230915,False,1,0.614118,False
2026-07-24T02:53:25+00:00,req-03-0499,churn-pipeline-1.2.0,200,45.16,1.3809984601814953,False,1,0.651093,False
2026-07-25T00:40:18+00:00,req-04-0000,churn-pipeline-1.2.0,200,42.5,-2.72951122328875,False,0,0.053652,False
2026-07-25T21:30:57+00:00,req-04-0001,churn-pipeline-1.2.0,200,123.66,0.673368900495194,False,1,0.505591,False
2026-07-25T16:45:55+00:00,req-04-0002,churn-pipeline-1.2.0,200,91.41,-0.5860593751905037,False,0,0.25958,False
2026-07-25T10:27:03+00:00,req-04-0003,churn-pipeline-1.2.0,200,55.22,0.4757340784221512,False,0,0.463658,False
2026-07-25T12:36:06+00:00,req-04-0004,churn-pipeline-1.2.0,200,46.75,-0.014842022171159477,False,0,0.362942,False
2026-07-25T12:17:51+00:00,req-04-0005,churn-pipeline-1.2.0,200,76.4,-0.20232200739116918,False,0,0.326959,False
2026-07-25T03:32:44+00:00,req-04-0006,churn-pipeline-1.2.0,200,59.46,-0.10734751436024835,False,0,0.344965,False
2026-07-25T22:58:31+00:00,req-04-0007,churn-pipeline-1.2.0,200,72.24,-0.02354552368326904,False,0,0.361234,False
2026-07-25T22:03:37+00:00,req-04-0008,churn-pipeline-1.2.0,200,82.46,1.411625220694756,False,1,0.656984,False
2026-07-25T05:45:39+00:00,req-04-0009,churn-pipeline-1.2.0,200,54.22,-0.020643196439341795,False,0,0.361803,False
2026-07-25T02:45:39+00:00,req-04-0010,churn-pipeline-1.2.0,200,45.48,1.1398129398402603,False,1,0.603206,False
2026-07-25T03:57:39+00:00,req-04-0011,churn-pipeline-1.2.0,200,73.54,0.9869011591379401,False,1,0.571718,False
2026-07-25T15:06:00+00:00,req-04-0012,churn-pipeline-1.2.0,200,54.8,0.7003978249628356,False,1,0.511333,False
2026-07-25T00:42:23+00:00,req-04-0013,churn-pipeline-1.2.0,200,68.11,-1.8759497611361615,False,0,0.104841,False
2026-07-25T02:28:26+00:00,req-04-0014,churn-pipeline-1.2.0,200,42.29,1.172464288969687,False,1,0.609829,False
2026-07-25T15:33:34+00:00,req-04-0015,churn-pipeline-1.2.0,200,59.96,-0.4807963588423675,False,0,0.277143,False
2026-07-25T03:30:23+00:00,req-04-0016,churn-pipeline-1.2.0,200,81.71,0.751513645128511,False,1,0.522182,False
2026-07-25T01:39:04+00:00,req-04-0017,churn-pipeline-1.2.0,200,78.91,-1.0211594749024342,False,0,0.194978,False
2026-07-25T00:29:34+00:00,req-04-0018,churn-pipeline-1.2.0,200,50.51,-1.2443277454684187,False,0,0.166911,False
2026-07-25T16:56:19+00:00,req-04-0019,churn-pipeline-1.2.0,200,44.73,2.0752081736727592,False,1,0.770993,False
2026-07-25T08:43:14+00:00,req-04-0020,churn-pipeline-1.2.0,200,65.33,-1.00483222018002,False,0,0.197165,False
2026-07-25T06:49:37+00:00,req-04-0021,churn-pipeline-1.2.0,200,77.78,1.2034119710043347,False,1,0.61607,False
2026-07-25T15:20:59+00:00,req-04-0022,churn-pipeline-1.2.0,200,74.0,0.12434133750834711,False,0,0.390714,False
2026-07-25T04:05:33+00:00,req-04-0023,churn-pipeline-1.2.0,200,55.17,-0.4411260612781801,False,0,0.283949,False
2026-07-25T12:31:01+00:00,req-04-0024,churn-pipeline-1.2.0,200,71.5,-0.047070328546716854,False,0,0.356633,False
2026-07-25T11:36:44+00:00,req-04-0025,churn-pipeline-1.2.0,200,105.12,-1.3661492213578768,False,0,0.153005,False
2026-07-25T16:11:20+00:00,req-04-0026,churn-pipeline-1.2.0,200,69.41,-0.014442098589692077,False,0,0.363021,False
2026-07-25T14:58:26+00:00,req-04-0027,churn-pipeline-1.2.0,200,38.54,-1.1368773295907575,False,0,0.18,False
2026-07-25T16:12:01+00:00,req-04-0028,churn-pipeline-1.2.0,200,69.37,-0.4152159840296849,False,0,0.288448,False
2026-07-25T05:06:54+00:00,req-04-0029,churn-pipeline-1.2.0,200,125.02,0.9715645421680549,False,1,0.568524,False
2026-07-25T03:21:51+00:00,req-04-0030,churn-pipeline-1.2.0,200,43.05,0.2669002103855402,False,0,0.419912,False
2026-07-25T12:48:42+00:00,req-04-0031,churn-pipeline-1.2.0,200,65.62,-1.5562790238245476,False,0,0.133214,False
2026-07-25T01:22:33+00:00,req-04-0032,churn-pipeline-1.2.0,200,60.46,0.8940625332595633,False,1,0.552296,False
2026-07-25T10:54:10+00:00,req-04-0033,churn-pipeline-1.2.0,200,67.03,-0.007454750004599693,False,0,0.364396,False
2026-07-25T15:00:30+00:00,req-04-0034,churn-pipeline-1.2.0,200,69.17,-0.5692945318298056,False,0,0.262329,False
2026-07-25T19:42:14+00:00,req-04-0035,churn-pipeline-1.2.0,200,93.61,0.7840101191043776,False,1,0.529069,False
2026-07-25T15:40:38+00:00,req-04-0036,churn-pipeline-1.2.0,200,66.79,-0.1755671788258525,False,0,0.331983,False
2026-07-25T23:52:19+00:00,req-04-0037,churn-pipeline-1.2.0,200,97.82,-1.2239444069009984,False,0,0.169334,False
2026-07-25T13:21:39+00:00,req-04-0038,churn-pipeline-1.2.0,200,62.6,1.9402001970220846,False,1,0.750105,False
2026-07-25T10:42:30+00:00,req-04-0039,churn-pipeline-1.2.0,200,58.11,-0.01815181503553713,False,0,0.362292,False
2026-07-25T05:53:53+00:00,req-04-0040,churn-pipeline-1.2.0,200,52.47,-0.085454464706328,False,0,0.349182,False
2026-07-25T16:09:17+00:00,req-04-0041,churn-pipeline-1.2.0,200,36.34,-0.42536043031711945,False,0,0.286681,False
2026-07-25T19:27:30+00:00,req-04-0042,churn-pipeline-1.2.0,200,71.0,1.2389640264304689,False,1,0.623192,False
2026-07-25T07:42:12+00:00,req-04-0043,churn-pipeline-1.2.0,200,125.42,-0.5511224335491423,False,0,0.265329,False
2026-07-25T01:48:59+00:00,req-04-0044,churn-pipeline-1.2.0,200,75.27,-1.622228851752185,False,0,0.126873,False
2026-07-25T00:15:05+00:00,req-04-0045,churn-pipeline-1.2.0,200,80.98,-0.7126115449907775,False,0,0.239446,False
2026-07-25T15:10:31+00:00,req-04-0046,churn-pipeline-1.2.0,200,56.95,1.393113330477532,False,1,0.653429,False
2026-07-25T15:54:46+00:00,req-04-0047,churn-pipeline-1.2.0,200,60.11,0.8737387695299732,False,1,0.548021,False
2026-07-25T02:53:23+00:00,req-04-0048,churn-pipeline-1.2.0,200,89.07,-0.2677664352928542,False,0,0.314837,False
2026-07-25T00:32:32+00:00,req-04-0049,churn-pipeline-1.2.0,200,123.61,1.4419178987224979,False,1,0.662763,False
2026-07-25T15:42:24+00:00,req-04-0050,churn-pipeline-1.2.0,200,104.64,0.7853393402629767,False,1,0.529351,False
2026-07-25T09:32:45+00:00,req-04-0051,churn-pipeline-1.2.0,200,84.1,-0.2799188318163371,False,0,0.312613,False
2026-07-25T10:01:31+00:00,req-04-0052,churn-pipeline-1.2.0,200,65.74,-0.17420534785613373,False,0,0.332239,False
2026-07-25T06:17:57+00:00,req-04-0053,churn-pipeline-1.2.0,200,69.51,0.3457836185427059,False,0,0.436327,False
2026-07-25T17:14:04+00:00,req-04-0054,churn-pipeline-1.2.0,200,51.07,-0.8734812971470066,False,0,0.215437,False
2026-07-25T17:52:17+00:00,req-04-0055,churn-pipeline-1.2.0,200,40.89,0.004730318784818478,False,0,0.366798,False
2026-07-25T01:15:09+00:00,req-04-0056,churn-pipeline-1.2.0,200,45.32,0.32393903284395487,False,0,0.431765,False
2026-07-25T02:08:20+00:00,req-04-0057,churn-pipeline-1.2.0,200,66.04,-1.771314550538967,False,0,0.113486,False
2026-07-25T13:19:19+00:00,req-04-0058,churn-pipeline-1.2.0,200,59.2,-0.19878633869629275,False,0,0.32762,False
2026-07-25T14:28:31+00:00,req-04-0059,churn-pipeline-1.2.0,200,40.62,-0.31820899463397273,False,0,0.305662,False
2026-07-25T03:28:37+00:00,req-04-0060,churn-pipeline-1.2.0,200,64.23,1.0794714209583387,False,1,0.590867,False
2026-07-25T03:47:40+00:00,req-04-0061,churn-pipeline-1.2.0,200,58.7,-1.9367218435015858,False,0,0.100091,False
2026-07-25T16:22:37+00:00,req-04-0062,churn-pipeline-1.2.0,200,44.66,-0.4005813206888964,False,0,0.291008,False
2026-07-25T10:54:46+00:00,req-04-0063,churn-pipeline-1.2.0,200,57.74,-0.5058423797328163,False,0,0.272899,False
2026-07-25T02:52:44+00:00,req-04-0064,churn-pipeline-1.2.0,200,58.66,1.0080745121176806,False,1,0.576119,False
2026-07-25T14:37:43+00:00,req-04-0065,churn-pipeline-1.2.0,200,53.36,-0.045723897833137295,False,0,0.356895,False
2026-07-25T01:45:57+00:00,req-04-0066,churn-pipeline-1.2.0,200,87.44,1.885899377934988,False,1,0.741353,False
2026-07-25T05:32:05+00:00,req-04-0067,churn-pipeline-1.2.0,200,35.36,0.6953240510017058,False,1,0.510255,False
2026-07-25T17:06:53+00:00,req-04-0068,churn-pipeline-1.2.0,200,34.43,-0.430734143898995,False,0,0.285748,False
2026-07-25T05:20:14+00:00,req-04-0069,churn-pipeline-1.2.0,200,65.07,0.25164163138690676,False,0,0.416756,False
2026-07-25T01:31:29+00:00,req-04-0070,churn-pipeline-1.2.0,200,67.03,-0.37177224983793106,False,0,0.296086,False
2026-07-25T23:02:23+00:00,req-04-0071,churn-pipeline-1.2.0,200,73.98,0.9023658950149411,False,1,0.554041,False
2026-07-25T05:23:19+00:00,req-04-0072,churn-pipeline-1.2.0,200,54.7,-1.3988075989555628,False,0,0.149442,False
2026-07-25T12:21:25+00:00,req-04-0073,churn-pipeline-1.2.0,200,48.46,-0.8648807753999002,False,0,0.216675,False
2026-07-25T19:47:37+00:00,req-04-0074,churn-pipeline-1.2.0,200,64.85,0.4784744144826673,False,0,0.464237,False
2026-07-25T23:45:28+00:00,req-04-0075,churn-pipeline-1.2.0,200,56.43,1.287044271159802,False,1,0.63274,False
2026-07-25T19:25:57+00:00,req-04-0076,churn-pipeline-1.2.0,200,106.78,-2.312067025946159,False,0,0.074796,False
2026-07-25T08:09:05+00:00,req-04-0077,churn-pipeline-1.2.0,200,58.59,1.4431947767899367,False,1,0.663005,False
2026-07-25T20:29:56+00:00,req-04-0078,churn-pipeline-1.2.0,200,63.9,-0.14714188484940646,False,0,0.337362,False
2026-07-25T00:18:20+00:00,req-04-0079,churn-pipeline-1.2.0,200,143.53,-1.9780687100340213,False,0,0.09697,False
2026-07-25T07:49:35+00:00,req-04-0080,churn-pipeline-1.2.0,200,61.07,-3.1518142339838056,False,0,0.038087,False
2026-07-25T04:47:09+00:00,req-04-0081,churn-pipeline-1.2.0,200,77.66,-1.6058553690986936,False,0,0.128423,False
2026-07-25T12:40:23+00:00,req-04-0082,churn-pipeline-1.2.0,200,79.93,-0.02069009863767184,False,0,0.361794,False
2026-07-25T21:23:54+00:00,req-04-0083,churn-pipeline-1.2.0,200,82.14,,True,0,0.365864,False
2026-07-25T18:33:37+00:00,req-04-0084,churn-pipeline-1.2.0,200,71.31,0.6648604564447754,False,1,0.503783,False
2026-07-25T23:57:33+00:00,req-04-0085,churn-pipeline-1.2.0,200,69.16,-0.5769615364390117,False,0,0.261069,False
2026-07-25T03:17:15+00:00,req-04-0086,churn-pipeline-1.2.0,200,67.12,-1.1634425737684795,False,0,0.176691,False
2026-07-25T18:03:09+00:00,req-04-0087,churn-pipeline-1.2.0,200,54.06,-0.4337407070439377,False,0,0.285227,False
2026-07-25T17:23:07+00:00,req-04-0088,churn-pipeline-1.2.0,200,72.14,,True,0,0.365864,False
2026-07-25T10:57:19+00:00,req-04-0089,churn-pipeline-1.2.0,200,124.41,0.24231143470304123,False,0,0.41483,False
2026-07-25T02:20:22+00:00,req-04-0090,churn-pipeline-1.2.0,200,95.76,-0.8286229342360262,False,0,0.221952,False
2026-07-25T02:30:28+00:00,req-04-0091,churn-pipeline-1.2.0,200,71.64,0.9465190353521276,False,1,0.563294,False
2026-07-25T21:55:04+00:00,req-04-0092,churn-pipeline-1.2.0,200,85.48,-0.6524666103102352,False,0,0.24888,False
2026-07-25T07:05:07+00:00,req-04-0093,churn-pipeline-1.2.0,200,49.22,-0.913203230441149,False,0,0.209785,False
2026-07-25T15:17:43+00:00,req-04-0094,churn-pipeline-1.2.0,200,59.8,-0.5695110849417043,False,0,0.262293,False
2026-07-25T22:41:35+00:00,req-04-0095,churn-pipeline-1.2.0,200,88.03,1.1285821844877375,False,1,0.600919,False
2026-07-25T11:50:21+00:00,req-04-0096,churn-pipeline-1.2.0,200,104.61,-0.1394362755876923,False,0,0.338828,False
2026-07-25T05:02:17+00:00,req-04-0097,churn-pipeline-1.2.0,200,50.79,-0.7292391782232606,False,0,0.236882,False
2026-07-25T11:38:00+00:00,req-04-0098,churn-pipeline-1.2.0,200,55.68,0.9724131379709708,False,1,0.5687,False
2026-07-25T05:30:26+00:00,req-04-0099,churn-pipeline-1.2.0,200,130.64,2.2498859669461835,False,1,0.79615,False
2026-07-25T04:21:09+00:00,req-04-0100,churn-pipeline-1.2.0,200,67.03,0.2201667660243951,False,0,0.410268,False
2026-07-25T19:27:49+00:00,req-04-0101,churn-pipeline-1.2.0,200,116.5,1.2955345839087051,False,1,0.634415,False
2026-07-25T08:18:07+00:00,req-04-0102,churn-pipeline-1.2.0,200,69.45,1.087881848103529,False,1,0.592594,False
2026-07-25T16:26:07+00:00,req-04-0103,churn-pipeline-1.2.0,200,70.33,-0.6359217392412496,False,0,0.251518,False
2026-07-25T17:27:03+00:00,req-04-0104,churn-pipeline-1.2.0,200,58.95,0.027965889500044135,False,0,0.371397,False
2026-07-25T13:11:10+00:00,req-04-0105,churn-pipeline-1.2.0,200,87.88,-1.3466718611891868,False,0,0.155163,False
2026-07-25T12:58:57+00:00,req-04-0106,churn-pipeline-1.2.0,200,100.37,-0.21518937967971682,False,0,0.324556,False
2026-07-25T04:19:57+00:00,req-04-0107,churn-pipeline-1.2.0,200,46.67,-0.6574998875820103,False,0,0.248081,False
2026-07-25T12:42:12+00:00,req-04-0108,churn-pipeline-1.2.0,200,58.07,-0.4230302550344167,False,0,0.287087,False
2026-07-25T18:02:12+00:00,req-04-0109,churn-pipeline-1.2.0,200,87.11,-0.7873897829493535,False,0,0.228063,False
2026-07-25T04:41:09+00:00,req-04-0110,churn-pipeline-1.2.0,200,62.36,-0.3014516486053456,False,0,0.308694,False
2026-07-25T05:34:06+00:00,req-04-0111,churn-pipeline-1.2.0,500,55.51,0.5588443205781601,False,0,0.481263,True
2026-07-25T16:34:07+00:00,req-04-0112,churn-pipeline-1.2.0,200,89.79,-0.12546650596199546,False,0,0.341493,False
2026-07-25T23:33:47+00:00,req-04-0113,churn-pipeline-1.2.0,200,92.53,-1.957591857643155,False,0,0.098504,False
2026-07-25T09:24:31+00:00,req-04-0114,churn-pipeline-1.2.0,200,56.29,-0.7834265931434105,False,0,0.228657,False
2026-07-25T19:52:47+00:00,req-04-0115,churn-pipeline-1.2.0,200,69.57,-1.595369320186165,False,0,0.129424,False
2026-07-25T04:23:09+00:00,req-04-0116,churn-pipeline-1.2.0,200,44.15,0.25626323728085615,False,0,0.417711,False
2026-07-25T13:40:23+00:00,req-04-0117,churn-pipeline-1.2.0,200,48.81,0.5284832322568969,False,0,0.474824,False
2026-07-25T22:39:03+00:00,req-04-0118,churn-pipeline-1.2.0,200,67.63,0.2693756329468733,False,0,0.420425,False
2026-07-25T10:35:50+00:00,req-04-0119,churn-pipeline-1.2.0,200,65.66,-0.8267746129643568,False,0,0.222223,False
2026-07-25T12:09:47+00:00,req-04-0120,churn-pipeline-1.2.0,200,47.7,0.259196625587777,False,0,0.418318,False
2026-07-25T03:43:19+00:00,req-04-0121,churn-pipeline-1.2.0,200,51.69,-0.4936199685573188,False,0,0.274965,False
2026-07-25T12:40:22+00:00,req-04-0122,churn-pipeline-1.2.0,200,46.23,-1.1951367222377651,False,0,0.172806,False
2026-07-25T14:03:19+00:00,req-04-0123,churn-pipeline-1.2.0,200,75.19,0.7790264156943768,False,1,0.528014,False
2026-07-25T23:33:10+00:00,req-04-0124,churn-pipeline-1.2.0,200,34.63,0.8589291414099606,False,1,0.544901,False
2026-07-25T04:49:22+00:00,req-04-0125,churn-pipeline-1.2.0,200,47.03,0.9963402551376813,False,1,0.573682,False
2026-07-25T08:47:37+00:00,req-04-0126,churn-pipeline-1.2.0,200,35.81,-0.638766030034079,False,0,0.251063,False
2026-07-25T15:32:02+00:00,req-04-0127,churn-pipeline-1.2.0,200,74.33,1.2383304283277328,False,1,0.623066,False
2026-07-25T22:37:56+00:00,req-04-0128,churn-pipeline-1.2.0,200,36.51,-0.518261363894471,False,0,0.270809,False
2026-07-25T05:42:32+00:00,req-04-0129,churn-pipeline-1.2.0,200,65.66,0.6861763876154388,False,1,0.508312,False
2026-07-25T16:40:41+00:00,req-04-0130,churn-pipeline-1.2.0,200,109.84,-0.5364582948550091,False,0,0.267765,False
2026-07-25T21:06:15+00:00,req-04-0131,churn-pipeline-1.2.0,200,111.04,-0.2351812719330594,False,0,0.320842,False
2026-07-25T15:11:39+00:00,req-04-0132,churn-pipeline-1.2.0,200,36.47,-2.542236750258649,False,0,0.062333,False
2026-07-25T10:14:36+00:00,req-04-0133,churn-pipeline-1.2.0,200,71.51,-0.31700887513776144,False,0,0.305879,False
2026-07-25T05:37:33+00:00,req-04-0134,churn-pipeline-1.2.0,200,47.37,0.09564446512427881,False,0,0.384923,False
2026-07-25T06:54:47+00:00,req-04-0135,churn-pipeline-1.2.0,200,44.37,-0.4305520982320307,False,0,0.28578,False
2026-07-25T01:14:31+00:00,req-04-0136,churn-pipeline-1.2.0,200,62.68,1.8439974714893965,False,1,0.734465,False
2026-07-25T03:38:54+00:00,req-04-0137,churn-pipeline-1.2.0,200,96.3,-1.2205893895915403,False,0,0.169736,False
2026-07-25T10:30:24+00:00,req-04-0138,churn-pipeline-1.2.0,200,78.75,-0.5917602989591222,False,0,0.25865,False
2026-07-25T03:22:19+00:00,req-04-0139,churn-pipeline-1.2.0,200,51.7,-0.950116240485146,False,0,0.204631,False
2026-07-25T00:14:38+00:00,req-04-0140,churn-pipeline-1.2.0,200,81.45,-0.5919658279452448,False,0,0.258617,False
2026-07-25T16:37:27+00:00,req-04-0141,churn-pipeline-1.2.0,200,31.7,1.0829837160877402,False,1,0.591589,False
2026-07-25T01:42:14+00:00,req-04-0142,churn-pipeline-1.2.0,200,51.08,1.5519333840433118,False,1,0.683336,False
2026-07-25T03:23:12+00:00,req-04-0143,churn-pipeline-1.2.0,200,49.94,-0.7358322414648889,False,0,0.23587,False
2026-07-25T14:17:16+00:00,req-04-0144,churn-pipeline-1.2.0,200,66.65,-0.7591579198593635,False,0,0.232315,False
2026-07-25T22:07:25+00:00,req-04-0145,churn-pipeline-1.2.0,200,60.92,-1.2149850810236107,False,0,0.170408,False
2026-07-25T17:23:14+00:00,req-04-0146,churn-pipeline-1.2.0,200,62.12,1.3715996558452686,False,1,0.649276,False
2026-07-25T00:46:49+00:00,req-04-0147,churn-pipeline-1.2.0,200,61.47,1.1770546272621176,False,1,0.610757,False
2026-07-25T04:01:50+00:00,req-04-0148,churn-pipeline-1.2.0,200,65.47,-0.11128088998822613,False,0,0.34421,False
2026-07-25T17:46:07+00:00,req-04-0149,churn-pipeline-1.2.0,200,77.26,-1.4659041561222241,False,0,0.142336,False
2026-07-25T17:34:48+00:00,req-04-0150,churn-pipeline-1.2.0,200,68.18,-1.3719956937290647,False,0,0.152362,False
2026-07-25T09:23:04+00:00,req-04-0151,churn-pipeline-1.2.0,200,59.35,0.17916092290382288,False,0,0.401862,False
2026-07-25T22:47:36+00:00,req-04-0152,churn-pipeline-1.2.0,200,73.92,0.5768048143688238,False,0,0.485075,False
2026-07-25T21:19:23+00:00,req-04-0153,churn-pipeline-1.2.0,200,84.67,-2.1694520452722057,False,0,0.083629,False
2026-07-25T17:50:10+00:00,req-04-0154,churn-pipeline-1.2.0,200,54.41,-0.33737540606477684,False,0,0.302216,False
2026-07-25T17:57:26+00:00,req-04-0155,churn-pipeline-1.2.0,200,63.78,1.699210684035253,False,1,0.709783,False
2026-07-25T18:49:59+00:00,req-04-0156,churn-pipeline-1.2.0,200,94.27,-0.22838466696179976,False,0,0.322102,False
2026-07-25T03:33:44+00:00,req-04-0157,churn-pipeline-1.2.0,200,45.67,1.5641199953301552,False,1,0.685573,False
2026-07-25T16:49:01+00:00,req-04-0158,churn-pipeline-1.2.0,200,115.8,0.6814984354034679,False,1,0.507318,False
2026-07-25T22:33:27+00:00,req-04-0159,churn-pipeline-1.2.0,200,42.35,-1.1384935808771257,False,0,0.179798,False
2026-07-25T05:23:37+00:00,req-04-0160,churn-pipeline-1.2.0,200,58.2,-0.3073048580194488,False,0,0.307633,False
2026-07-25T00:21:05+00:00,req-04-0161,churn-pipeline-1.2.0,200,47.96,-0.13512895047193807,False,0,0.339649,False
2026-07-25T08:39:40+00:00,req-04-0162,churn-pipeline-1.2.0,200,130.91,-1.0001371464981819,False,0,0.197798,False
2026-07-25T06:28:14+00:00,req-04-0163,churn-pipeline-1.2.0,200,55.33,-1.0183614239514882,False,0,0.195351,False
2026-07-25T22:46:56+00:00,req-04-0164,churn-pipeline-1.2.0,200,55.37,1.5821070217244888,False,1,0.688859,False
2026-07-25T10:42:04+00:00,req-04-0165,churn-pipeline-1.2.0,200,57.73,-1.0262286506775993,False,0,0.194302,False
2026-07-25T15:52:08+00:00,req-04-0166,churn-pipeline-1.2.0,200,67.02,1.1323578802291143,False,1,0.601688,False
2026-07-25T23:33:59+00:00,req-04-0167,churn-pipeline-1.2.0,200,58.52,-0.45830870228326726,False,0,0.280989,False
2026-07-25T18:56:11+00:00,req-04-0168,churn-pipeline-1.2.0,200,62.29,-0.026921296377331056,False,0,0.360572,False
2026-07-25T17:58:40+00:00,req-04-0169,churn-pipeline-1.2.0,200,21.01,0.5899366391505012,False,0,0.487864,False
2026-07-25T23:14:55+00:00,req-04-0170,churn-pipeline-1.2.0,200,66.2,-0.6284866065499126,False,0,0.252709,False
2026-07-25T16:31:56+00:00,req-04-0171,churn-pipeline-1.2.0,200,65.37,0.59629952916926,False,0,0.489215,False
2026-07-25T05:33:16+00:00,req-04-0172,churn-pipeline-1.2.0,200,90.62,-2.148751184525801,False,0,0.084987,False
2026-07-25T17:26:33+00:00,req-04-0173,churn-pipeline-1.2.0,200,98.82,0.46169275783536873,False,0,0.460691,False
2026-07-25T07:43:13+00:00,req-04-0174,churn-pipeline-1.2.0,200,61.21,-2.591956630800218,False,0,0.059908,False
2026-07-25T07:56:31+00:00,req-04-0175,churn-pipeline-1.2.0,200,84.4,-0.2381890630333804,False,0,0.320285,False
2026-07-25T15:28:30+00:00,req-04-0176,churn-pipeline-1.2.0,200,45.69,0.896955134584416,False,1,0.552904,False
2026-07-25T07:34:18+00:00,req-04-0177,churn-pipeline-1.2.0,200,83.09,0.6534100713612947,False,1,0.50135,False
2026-07-25T00:35:04+00:00,req-04-0178,churn-pipeline-1.2.0,200,54.12,-1.3633310029100383,False,0,0.153315,False
2026-07-25T23:59:22+00:00,req-04-0179,churn-pipeline-1.2.0,200,44.49,-1.2281476158981928,False,0,0.168832,False
2026-07-25T13:42:33+00:00,req-04-0180,churn-pipeline-1.2.0,200,61.25,-0.7231056423387666,False,0,0.237825,False
2026-07-25T16:04:48+00:00,req-04-0181,churn-pipeline-1.2.0,200,101.75,0.19552665547604148,False,0,0.40521,False
2026-07-25T19:24:30+00:00,req-04-0182,churn-pipeline-1.2.0,200,68.88,-2.1335298495458885,False,0,0.085999,False
2026-07-25T15:13:42+00:00,req-04-0183,churn-pipeline-1.2.0,200,104.93,-0.013884754640986097,False,0,0.363131,False
2026-07-25T14:39:02+00:00,req-04-0184,churn-pipeline-1.2.0,200,51.15,0.3270008424900677,False,0,0.432404,False
2026-07-25T19:00:14+00:00,req-04-0185,churn-pipeline-1.2.0,200,90.89,-0.2971890399145329,False,0,0.309467,False
2026-07-25T07:05:21+00:00,req-04-0186,churn-pipeline-1.2.0,200,52.76,0.5515870164557044,False,0,0.479723,False
2026-07-25T19:52:57+00:00,req-04-0187,churn-pipeline-1.2.0,200,69.86,0.2349103662425142,False,0,0.413303,False
2026-07-25T17:22:42+00:00,req-04-0188,churn-pipeline-1.2.0,200,69.67,-0.5687369723688401,False,0,0.26242,False
2026-07-25T04:22:14+00:00,req-04-0189,churn-pipeline-1.2.0,200,80.32,-2.032998828272465,False,0,0.092957,False
2026-07-25T03:30:17+00:00,req-04-0190,churn-pipeline-1.2.0,200,70.43,0.14008373564936402,False,0,0.393905,False
2026-07-25T21:06:45+00:00,req-04-0191,churn-pipeline-1.2.0,200,51.31,-1.0007291334914767,False,0,0.197718,False
2026-07-25T21:28:28+00:00,req-04-0192,churn-pipeline-1.2.0,200,86.15,-0.6072597561046225,False,0,0.256132,False
2026-07-25T23:50:45+00:00,req-04-0193,churn-pipeline-1.2.0,200,113.13,0.5030804288612402,False,0,0.469443,False
2026-07-25T02:25:19+00:00,req-04-0194,churn-pipeline-1.2.0,200,53.92,1.4882000526060688,False,1,0.671498,False
2026-07-25T21:29:41+00:00,req-04-0195,churn-pipeline-1.2.0,200,36.13,-0.03996312961410945,False,0,0.35802,False
2026-07-25T20:43:25+00:00,req-04-0196,churn-pipeline-1.2.0,200,76.26,0.5817680782681641,False,0,0.486129,False
2026-07-25T18:25:20+00:00,req-04-0197,churn-pipeline-1.2.0,200,58.46,-1.5167033082105352,False,0,0.137146,False
2026-07-25T11:56:50+00:00,req-04-0198,churn-pipeline-1.2.0,200,62.33,0.2577997600447862,False,0,0.418029,False
2026-07-25T12:12:14+00:00,req-04-0199,churn-pipeline-1.2.0,200,77.66,-0.06290123456102056,False,0,0.353551,False
2026-07-25T10:17:15+00:00,req-04-0200,churn-pipeline-1.2.0,200,56.17,1.290688959657491,False,1,0.633459,False
2026-07-25T00:42:08+00:00,req-04-0201,churn-pipeline-1.2.0,200,59.64,-0.5674813998301945,False,0,0.262627,False
2026-07-25T12:00:57+00:00,req-04-0202,churn-pipeline-1.2.0,200,62.95,-0.2537194980204893,False,0,0.317418,False
2026-07-25T05:41:30+00:00,req-04-0203,churn-pipeline-1.2.0,200,104.03,1.1117551904894345,False,1,0.597484,False
2026-07-25T04:48:17+00:00,req-04-0204,churn-pipeline-1.2.0,200,65.63,-0.09663548201438195,False,0,0.347025,False
2026-07-25T01:20:30+00:00,req-04-0205,churn-pipeline-1.2.0,200,43.77,-1.1642834503516322,False,0,0.176587,False
2026-07-25T10:59:04+00:00,req-04-0206,churn-pipeline-1.2.0,200,44.33,2.679214936954629,False,1,0.849071,False
2026-07-25T01:08:56+00:00,req-04-0207,churn-pipeline-1.2.0,200,67.96,-1.1325224015035702,False,0,0.180547,False
2026-07-25T20:23:35+00:00,req-04-0208,churn-pipeline-1.2.0,200,45.28,-0.0679350856269999,False,0,0.352574,False
2026-07-25T21:20:52+00:00,req-04-0209,churn-pipeline-1.2.0,200,39.43,0.36402256382689385,False,0,0.440143,False
2026-07-25T19:13:22+00:00,req-04-0210,churn-pipeline-1.2.0,200,79.66,0.2809983844826703,False,0,0.422834,False
2026-07-25T07:13:25+00:00,req-04-0211,churn-pipeline-1.2.0,200,80.92,-0.19923088920671872,False,0,0.327537,False
2026-07-25T03:54:47+00:00,req-04-0212,churn-pipeline-1.2.0,200,57.78,-0.19399838905262345,False,0,0.328517,False
2026-07-25T12:06:41+00:00,req-04-0213,churn-pipeline-1.2.0,200,71.4,-0.24667845960235316,False,0,0.318716,False
2026-07-25T16:09:43+00:00,req-04-0214,churn-pipeline-1.2.0,200,69.03,-1.1717305515209406,False,0,0.175669,False
2026-07-25T00:29:38+00:00,req-04-0215,churn-pipeline-1.2.0,200,78.82,2.257730175143865,False,1,0.79723,False
2026-07-25T20:33:50+00:00,req-04-0216,churn-pipeline-1.2.0,200,78.88,-0.23099046359904588,False,0,0.321619,False
2026-07-25T10:31:32+00:00,req-04-0217,churn-pipeline-1.2.0,200,28.23,0.6267775424642504,False,0,0.49569,False
2026-07-25T19:40:27+00:00,req-04-0218,churn-pipeline-1.2.0,200,60.19,-0.3513855005656857,False,0,0.29971,False
2026-07-25T01:52:16+00:00,req-04-0219,churn-pipeline-1.2.0,200,76.72,-0.3725018559732577,False,0,0.295957,False
2026-07-25T10:12:54+00:00,req-04-0220,churn-pipeline-1.2.0,200,57.0,,True,0,0.365864,False
2026-07-25T10:59:58+00:00,req-04-0221,churn-pipeline-1.2.0,200,65.76,-1.6273380773887132,False,0,0.126393,False
2026-07-25T01:09:15+00:00,req-04-0222,churn-pipeline-1.2.0,200,82.65,-0.16865219712680785,False,0,0.333287,False
2026-07-25T16:58:43+00:00,req-04-0223,churn-pipeline-1.2.0,200,66.71,-0.4273580370354017,False,0,0.286334,False
2026-07-25T22:20:53+00:00,req-04-0224,churn-pipeline-1.2.0,200,105.31,1.2301007346440158,False,1,0.621421,False
2026-07-25T12:58:27+00:00,req-04-0225,churn-pipeline-1.2.0,200,93.23,-1.2565351234637412,False,0,0.165473,False
2026-07-25T09:30:04+00:00,req-04-0226,churn-pipeline-1.2.0,200,62.58,-0.6060045364325978,False,0,0.256335,False
2026-07-25T15:15:54+00:00,req-04-0227,churn-pipeline-1.2.0,200,61.01,-0.9433624900917863,False,0,0.205567,False
2026-07-25T08:39:48+00:00,req-04-0228,churn-pipeline-1.2.0,200,26.11,1.5146569137123993,False,1,0.67644,False
2026-07-25T08:38:03+00:00,req-04-0229,churn-pipeline-1.2.0,200,58.55,-0.9128788670974048,False,0,0.209831,False
2026-07-25T18:13:42+00:00,req-04-0230,churn-pipeline-1.2.0,200,42.15,0.5904148369624436,False,0,0.487965,False
2026-07-25T14:10:53+00:00,req-04-0231,churn-pipeline-1.2.0,200,69.77,1.018669547076279,False,1,0.578317,False
2026-07-25T06:20:07+00:00,req-04-0232,churn-pipeline-1.2.0,200,68.26,-0.15342905698617862,False,0,0.336169,False
2026-07-25T09:46:42+00:00,req-04-0233,churn-pipeline-1.2.0,200,81.21,-1.4456515509874919,False,0,0.144451,False
2026-07-25T20:02:02+00:00,req-04-0234,churn-pipeline-1.2.0,200,101.63,-1.4323615517018748,False,0,0.145853,False
2026-07-25T12:41:21+00:00,req-04-0235,churn-pipeline-1.2.0,200,64.46,0.9027522680358837,False,1,0.554122,False
2026-07-25T01:49:30+00:00,req-04-0236,churn-pipeline-1.2.0,200,134.84,-1.3236237197398504,False,0,0.157748,False
2026-07-25T20:34:06+00:00,req-04-0237,churn-pipeline-1.2.0,200,70.02,0.41162794161290794,False,0,0.450137,False
2026-07-25T17:46:37+00:00,req-04-0238,churn-pipeline-1.2.0,500,42.74,0.12006656531162614,False,0,0.38985,True
2026-07-25T06:24:18+00:00,req-04-0239,churn-pipeline-1.2.0,200,54.3,0.3959891085265786,False,0,0.446849,False
2026-07-25T23:10:44+00:00,req-04-0240,churn-pipeline-1.2.0,200,57.69,0.495164048238182,False,0,0.467767,False
2026-07-25T22:50:39+00:00,req-04-0241,churn-pipeline-1.2.0,200,78.56,-0.9803543236387968,False,0,0.200479,False
2026-07-25T23:53:54+00:00,req-04-0242,churn-pipeline-1.2.0,200,48.0,-1.0243045879654784,False,0,0.194558,False
2026-07-25T09:04:02+00:00,req-04-0243,churn-pipeline-1.2.0,200,59.09,0.7506734908054227,False,1,0.522004,False
2026-07-25T22:10:16+00:00,req-04-0244,churn-pipeline-1.2.0,200,61.74,-0.6608118410926164,False,0,0.247556,False
2026-07-25T19:21:12+00:00,req-04-0245,churn-pipeline-1.2.0,200,56.32,-2.887655916605406,False,0,0.047223,False
2026-07-25T20:53:53+00:00,req-04-0246,churn-pipeline-1.2.0,200,84.27,0.6811930627780581,False,1,0.507253,False
2026-07-25T13:07:48+00:00,req-04-0247,churn-pipeline-1.2.0,200,79.81,-1.0880743524722067,False,0,0.186205,False
2026-07-25T06:41:35+00:00,req-04-0248,churn-pipeline-1.2.0,200,94.41,0.490492671800516,False,0,0.466779,False
2026-07-25T05:26:34+00:00,req-04-0249,churn-pipeline-1.2.0,200,58.47,1.4624629417828179,False,1,0.666655,False
2026-07-25T23:11:58+00:00,req-04-0250,churn-pipeline-1.2.0,200,95.51,0.017600580125045007,False,0,0.369342,False
2026-07-25T12:03:30+00:00,req-04-0251,churn-pipeline-1.2.0,200,42.01,1.0455541232467076,False,1,0.58388,False
2026-07-25T22:16:10+00:00,req-04-0252,churn-pipeline-1.2.0,200,41.68,0.16148756456301228,False,0,0.398256,False
2026-07-25T13:18:46+00:00,req-04-0253,churn-pipeline-1.2.0,200,44.08,1.6668007945482048,False,1,0.704075,False
2026-07-25T12:49:29+00:00,req-04-0254,churn-pipeline-1.2.0,200,65.19,-1.1152124641949615,False,0,0.182734,False
2026-07-25T01:45:28+00:00,req-04-0255,churn-pipeline-1.2.0,200,95.5,-0.008625729437314248,False,0,0.364165,False
2026-07-25T09:38:59+00:00,req-04-0256,churn-pipeline-1.2.0,200,53.61,0.7068196852935409,False,1,0.512696,False
2026-07-25T13:20:52+00:00,req-04-0257,churn-pipeline-1.2.0,200,55.8,-0.19993234486054773,False,0,0.327406,False
2026-07-25T02:37:20+00:00,req-04-0258,churn-pipeline-1.2.0,200,60.66,1.2098299464853033,False,1,0.617359,False
2026-07-25T03:53:19+00:00,req-04-0259,churn-pipeline-1.2.0,200,78.08,-0.45364151648631956,False,0,0.281791,False
2026-07-25T14:10:30+00:00,req-04-0260,churn-pipeline-1.2.0,200,55.79,2.172839709210333,False,1,0.785315,False
2026-07-25T05:57:19+00:00,req-04-0261,churn-pipeline-1.2.0,200,54.8,2.2283073794858574,False,1,0.793157,False
2026-07-25T16:48:47+00:00,req-04-0262,churn-pipeline-1.2.0,200,42.26,0.29617559603866467,False,0,0.425985,False
2026-07-25T11:02:59+00:00,req-04-0263,churn-pipeline-1.2.0,200,54.13,0.5802312393723477,False,0,0.485803,False
2026-07-25T09:41:45+00:00,req-04-0264,churn-pipeline-1.2.0,200,94.74,1.2512550074058695,False,1,0.625642,False
2026-07-25T02:49:01+00:00,req-04-0265,churn-pipeline-1.2.0,200,66.92,-1.2465572689157352,False,0,0.166648,False
2026-07-25T09:44:40+00:00,req-04-0266,churn-pipeline-1.2.0,200,51.3,-1.37760001530668,False,0,0.151748,False
2026-07-25T13:00:47+00:00,req-04-0267,churn-pipeline-1.2.0,200,96.54,1.3192398595505166,False,1,0.639076,False
2026-07-25T13:45:34+00:00,req-04-0268,churn-pipeline-1.2.0,200,53.9,0.28768789651664933,False,0,0.424222,False
2026-07-25T06:29:04+00:00,req-04-0269,churn-pipeline-1.2.0,200,102.39,-0.23783050827877908,False,0,0.320352,False
2026-07-25T00:40:00+00:00,req-04-0270,churn-pipeline-1.2.0,200,101.85,0.01167946802521909,False,0,0.368171,False
2026-07-25T22:26:07+00:00,req-04-0271,churn-pipeline-1.2.0,200,66.18,-2.505343545982273,False,0,0.064191,False
2026-07-25T22:59:19+00:00,req-04-0272,churn-pipeline-1.2.0,200,40.24,-0.20009043017985134,False,0,0.327376,False
2026-07-25T21:41:56+00:00,req-04-0273,churn-pipeline-1.2.0,200,135.24,-0.7906990761528848,False,0,0.227568,False
2026-07-25T06:57:27+00:00,req-04-0274,churn-pipeline-1.2.0,200,73.58,0.9639752152958365,False,1,0.56694,False
2026-07-25T14:27:44+00:00,req-04-0275,churn-pipeline-1.2.0,200,58.6,1.0447823173032065,False,1,0.58372,False
2026-07-25T03:22:52+00:00,req-04-0276,churn-pipeline-1.2.0,200,88.27,0.6055142458364061,False,0,0.491173,False
2026-07-25T21:44:00+00:00,req-04-0277,churn-pipeline-1.2.0,200,81.38,0.41523158123909865,False,0,0.450896,False
2026-07-25T00:07:54+00:00,req-04-0278,churn-pipeline-1.2.0,200,98.88,-1.5722140861562812,False,0,0.131658,False
2026-07-25T11:17:45+00:00,req-04-0279,churn-pipeline-1.2.0,200,52.59,0.6201752339967179,False,0,0.494287,False
2026-07-25T20:33:55+00:00,req-04-0280,churn-pipeline-1.2.0,200,71.97,0.6608678427995531,False,1,0.502934,False
2026-07-25T17:24:48+00:00,req-04-0281,churn-pipeline-1.2.0,200,44.47,1.3074522864571667,False,1,0.636761,False
2026-07-25T20:43:01+00:00,req-04-0282,churn-pipeline-1.2.0,200,80.45,2.224120303051707,False,1,0.792573,False
2026-07-25T11:54:46+00:00,req-04-0283,churn-pipeline-1.2.0,200,64.52,-1.777188707250189,False,0,0.112985,False
2026-07-25T02:17:14+00:00,req-04-0284,churn-pipeline-1.2.0,200,71.12,-0.407900666899124,False,0,0.289726,False
2026-07-25T00:11:16+00:00,req-04-0285,churn-pipeline-1.2.0,200,62.03,-0.779379969015527,False,0,0.229264,False
2026-07-25T03:39:13+00:00,req-04-0286,churn-pipeline-1.2.0,200,59.98,0.18113254780432794,False,0,0.402265,False
2026-07-25T01:22:51+00:00,req-04-0287,churn-pipeline-1.2.0,200,49.23,0.014071951128940633,False,0,0.368644,False
2026-07-25T10:44:58+00:00,req-04-0288,churn-pipeline-1.2.0,200,83.71,-0.2457861767341529,False,0,0.318881,False
2026-07-25T01:12:47+00:00,req-04-0289,churn-pipeline-1.2.0,200,104.7,,True,0,0.365864,False
2026-07-25T04:27:24+00:00,req-04-0290,churn-pipeline-1.2.0,200,54.39,-1.156484921739823,False,0,0.177553,False
2026-07-25T10:03:57+00:00,req-04-0291,churn-pipeline-1.2.0,200,77.6,-1.0931775407622364,False,0,0.185548,False
2026-07-25T17:39:34+00:00,req-04-0292,churn-pipeline-1.2.0,200,74.64,-1.0754365346529444,False,0,0.187838,False
2026-07-25T16:10:53+00:00,req-04-0293,churn-pipeline-1.2.0,200,65.17,-0.37834396679728627,False,0,0.294923,False
2026-07-25T01:23:34+00:00,req-04-0294,churn-pipeline-1.2.0,200,39.88,-1.2900197267074387,False,0,0.16158,False
2026-07-25T21:40:44+00:00,req-04-0295,churn-pipeline-1.2.0,200,42.86,-0.05100006323923408,False,0,0.355867,False
2026-07-25T13:11:34+00:00,req-04-0296,churn-pipeline-1.2.0,200,50.63,-0.17376470436241023,False,0,0.332322,False
2026-07-25T08:22:22+00:00,req-04-0297,churn-pipeline-1.2.0,200,32.78,-0.825840869699034,False,0,0.22236,False
2026-07-25T09:11:13+00:00,req-04-0298,churn-pipeline-1.2.0,200,102.0,0.9174545667590056,False,1,0.557207,False
2026-07-25T20:21:43+00:00,req-04-0299,churn-pipeline-1.2.0,200,73.12,-0.06247555470107372,False,0,0.353634,False
2026-07-25T11:09:31+00:00,req-04-0300,churn-pipeline-1.2.0,200,64.38,1.115779732233394,False,1,0.598306,False
2026-07-25T05:53:59+00:00,req-04-0301,churn-pipeline-1.2.0,200,32.25,-0.20480234376465364,False,0,0.326495,False
2026-07-25T10:11:39+00:00,req-04-0302,churn-pipeline-1.2.0,200,36.26,-0.025404632642922427,False,0,0.360869,False
2026-07-25T01:38:32+00:00,req-04-0303,churn-pipeline-1.2.0,200,64.95,-0.5909215249157964,False,0,0.258787,False
2026-07-25T03:40:32+00:00,req-04-0304,churn-pipeline-1.2.0,200,122.11,-0.0073988675622587595,False,0,0.364407,False
2026-07-25T07:32:59+00:00,req-04-0305,churn-pipeline-1.2.0,200,51.98,0.7478428714386488,False,1,0.521404,False
2026-07-25T05:17:12+00:00,req-04-0306,churn-pipeline-1.2.0,200,85.7,-0.43190094388381295,False,0,0.285546,False
2026-07-25T08:22:59+00:00,req-04-0307,churn-pipeline-1.2.0,200,55.75,0.5443325606613975,False,0,0.478185,False
2026-07-25T01:33:19+00:00,req-04-0308,churn-pipeline-1.2.0,200,66.16,-0.8533843090980283,False,0,0.218338,False
2026-07-25T14:38:28+00:00,req-04-0309,churn-pipeline-1.2.0,200,95.88,0.79700309379832,False,1,0.53182,False
2026-07-25T02:46:00+00:00,req-04-0310,churn-pipeline-1.2.0,200,58.19,-0.6089011186775237,False,0,0.255866,False
2026-07-25T05:12:25+00:00,req-04-0311,churn-pipeline-1.2.0,200,52.12,0.894263866890503,False,1,0.552339,False
2026-07-25T23:28:10+00:00,req-04-0312,churn-pipeline-1.2.0,200,102.33,0.06402536955534828,False,0,0.37858,False
2026-07-25T00:08:30+00:00,req-04-0313,churn-pipeline-1.2.0,200,65.95,1.5970014200606166,False,1,0.691566,False
2026-07-25T06:42:53+00:00,req-04-0314,churn-pipeline-1.2.0,200,92.16,-1.2117711125669195,False,0,0.170795,False
2026-07-25T12:00:16+00:00,req-04-0315,churn-pipeline-1.2.0,200,52.2,-1.5499856119774618,False,0,0.133833,False
2026-07-25T07:22:07+00:00,req-04-0316,churn-pipeline-1.2.0,200,101.95,-0.6470281082743453,False,0,0.249745,False
2026-07-25T07:41:33+00:00,req-04-0317,churn-pipeline-1.2.0,200,70.95,-1.4538414954360288,False,0,0.143593,False
2026-07-25T03:03:01+00:00,req-04-0318,churn-pipeline-1.2.0,200,74.7,-1.4518716391496915,False,0,0.143799,False
2026-07-25T10:09:42+00:00,req-04-0319,churn-pipeline-1.2.0,200,67.8,0.6526282984828697,False,1,0.501184,False
2026-07-25T18:07:26+00:00,req-04-0320,churn-pipeline-1.2.0,200,55.29,-0.004387733083291267,False,0,0.365,False
2026-07-25T14:06:35+00:00,req-04-0321,churn-pipeline-1.2.0,200,64.97,-0.5036650255394718,False,0,0.273266,False
2026-07-25T22:10:45+00:00,req-04-0322,churn-pipeline-1.2.0,200,56.42,-0.4063107271707037,False,0,0.290004,False
2026-07-25T16:47:34+00:00,req-04-0323,churn-pipeline-1.2.0,200,88.36,-0.6270995475426564,False,0,0.252932,False
2026-07-25T18:57:14+00:00,req-04-0324,churn-pipeline-1.2.0,200,60.91,1.732887626209996,False,1,0.715644,False
2026-07-25T10:21:37+00:00,req-04-0325,churn-pipeline-1.2.0,200,40.27,-0.7722809930251886,False,0,0.230332,False
2026-07-25T14:42:10+00:00,req-04-0326,churn-pipeline-1.2.0,200,37.98,-1.3882405929874644,False,0,0.150587,False
2026-07-25T13:52:32+00:00,req-04-0327,churn-pipeline-1.2.0,200,37.41,0.8358531483606442,False,1,0.540033,False
2026-07-25T19:31:03+00:00,req-04-0328,churn-pipeline-1.2.0,200,79.21,-0.22654340451521193,False,0,0.322444,False
2026-07-25T12:01:34+00:00,req-04-0329,churn-pipeline-1.2.0,200,44.97,2.1407123732587796,False,1,0.780675,False
2026-07-25T09:42:05+00:00,req-04-0330,churn-pipeline-1.2.0,200,71.55,-0.552515920733842,False,0,0.265098,False
2026-07-25T01:40:52+00:00,req-04-0331,churn-pipeline-1.2.0,200,67.9,,True,0,0.365864,False
2026-07-25T20:37:40+00:00,req-04-0332,churn-pipeline-1.2.0,200,63.67,1.1363071971292704,False,1,0.602492,False
2026-07-25T10:27:10+00:00,req-04-0333,churn-pipeline-1.2.0,200,74.79,-0.5474026238121038,False,0,0.265945,False
2026-07-25T19:09:52+00:00,req-04-0334,churn-pipeline-1.2.0,200,68.38,-0.7800668063044877,False,0,0.229161,False
2026-07-25T16:16:29+00:00,req-04-0335,churn-pipeline-1.2.0,200,27.31,0.7784348574774499,False,1,0.527888,False
2026-07-25T00:02:29+00:00,req-04-0336,churn-pipeline-1.2.0,200,58.61,0.6036365138096272,False,0,0.490774,False
2026-07-25T15:37:56+00:00,req-04-0337,churn-pipeline-1.2.0,200,74.47,-1.481140605746473,False,0,0.140763,False
2026-07-25T11:42:25+00:00,req-04-0338,churn-pipeline-1.2.0,200,109.87,-1.184857418119957,False,0,0.174059,False
2026-07-25T05:45:16+00:00,req-04-0339,churn-pipeline-1.2.0,200,111.5,-2.6632515051954058,False,0,0.056585,False
2026-07-25T06:21:02+00:00,req-04-0340,churn-pipeline-1.2.0,200,42.02,0.6251561966777425,False,0,0.495346,False
2026-07-25T15:18:39+00:00,req-04-0341,churn-pipeline-1.2.0,200,58.12,-0.27491855279253274,False,0,0.313527,False
2026-07-25T02:04:10+00:00,req-04-0342,churn-pipeline-1.2.0,200,39.38,-0.17025794202404612,False,0,0.332984,False
2026-07-25T14:33:05+00:00,req-04-0343,churn-pipeline-1.2.0,200,105.72,-1.776016302586946,False,0,0.113085,False
2026-07-25T20:18:31+00:00,req-04-0344,churn-pipeline-1.2.0,200,89.88,-1.1530074707437927,False,0,0.177985,False
2026-07-25T02:05:03+00:00,req-04-0345,churn-pipeline-1.2.0,200,72.72,-0.5018568581959445,False,0,0.273571,False
2026-07-25T00:11:26+00:00,req-04-0346,churn-pipeline-1.2.0,200,68.55,-0.705941880155212,False,0,0.24048,False
2026-07-25T01:27:15+00:00,req-04-0347,churn-pipeline-1.2.0,200,101.11,0.12372787929351278,False,0,0.39059,False
2026-07-25T17:31:26+00:00,req-04-0348,churn-pipeline-1.2.0,200,95.78,0.6126415329634046,False,0,0.492687,False
2026-07-25T20:20:48+00:00,req-04-0349,churn-pipeline-1.2.0,200,94.16,2.383093197749457,False,1,0.813911,False
2026-07-25T23:42:59+00:00,req-04-0350,churn-pipeline-1.2.0,200,75.23,-0.021017881532471708,False,0,0.36173,False
2026-07-25T00:41:31+00:00,req-04-0351,churn-pipeline-1.2.0,200,58.13,1.1711727962517928,False,1,0.609568,False
2026-07-25T11:34:06+00:00,req-04-0352,churn-pipeline-1.2.0,200,83.09,-0.8714714158287634,False,0,0.215726,False
2026-07-25T01:09:21+00:00,req-04-0353,churn-pipeline-1.2.0,200,84.4,-1.7586936307241237,False,0,0.11457,False
2026-07-25T08:54:35+00:00,req-04-0354,churn-pipeline-1.2.0,200,61.15,-0.3699167290456309,False,0,0.296415,False
2026-07-25T07:23:27+00:00,req-04-0355,churn-pipeline-1.2.0,200,58.09,-1.6776078037679536,False,0,0.121749,False
2026-07-25T14:32:23+00:00,req-04-0356,churn-pipeline-1.2.0,200,93.41,0.015406825527558366,False,0,0.368908,False
2026-07-25T21:48:57+00:00,req-04-0357,churn-pipeline-1.2.0,200,110.71,-0.8194768307340984,False,0,0.223297,False
2026-07-25T19:18:45+00:00,req-04-0358,churn-pipeline-1.2.0,200,51.14,-2.051984956092315,False,0,0.091606,False
2026-07-25T01:31:36+00:00,req-04-0359,churn-pipeline-1.2.0,200,59.75,1.8228264031531862,False,1,0.730941,False
2026-07-25T05:45:57+00:00,req-04-0360,churn-pipeline-1.2.0,200,72.73,-0.5644397987606492,False,0,0.263128,False
2026-07-25T06:35:51+00:00,req-04-0361,churn-pipeline-1.2.0,200,75.95,-1.7195002680914078,False,0,0.117993,False
2026-07-25T06:01:00+00:00,req-04-0362,churn-pipeline-1.2.0,200,54.99,0.9430803800326542,False,1,0.562575,False
2026-07-25T08:28:39+00:00,req-04-0363,churn-pipeline-1.2.0,200,118.76,-0.7650450806662495,False,0,0.231424,False
2026-07-25T14:34:20+00:00,req-04-0364,churn-pipeline-1.2.0,200,74.4,1.1446743353751951,False,1,0.604194,False
2026-07-25T17:44:59+00:00,req-04-0365,churn-pipeline-1.2.0,200,77.05,-0.7700640514119519,False,0,0.230666,False
2026-07-25T22:33:25+00:00,req-04-0366,churn-pipeline-1.2.0,200,114.12,-0.5679425747759371,False,0,0.262551,False
2026-07-25T16:52:12+00:00,req-04-0367,churn-pipeline-1.2.0,200,56.3,0.36207329495089885,False,0,0.439735,False
2026-07-25T07:09:45+00:00,req-04-0368,churn-pipeline-1.2.0,200,63.19,0.6228803497393157,False,0,0.494862,False
2026-07-25T04:25:06+00:00,req-04-0369,churn-pipeline-1.2.0,200,43.52,0.8069079242076285,False,1,0.533916,False
2026-07-25T09:02:31+00:00,req-04-0370,churn-pipeline-1.2.0,200,61.51,-0.09422819566579548,False,0,0.347489,False
2026-07-25T19:11:30+00:00,req-04-0371,churn-pipeline-1.2.0,200,40.36,0.5550475576323126,False,0,0.480458,False
2026-07-25T23:50:23+00:00,req-04-0372,churn-pipeline-1.2.0,200,82.57,0.7829100372695915,False,1,0.528836,False
2026-07-25T09:24:54+00:00,req-04-0373,churn-pipeline-1.2.0,200,74.35,,True,0,0.365864,False
2026-07-25T04:13:45+00:00,req-04-0374,churn-pipeline-1.2.0,200,59.49,-0.14979101892751098,False,0,0.336859,False
2026-07-25T00:07:07+00:00,req-04-0375,churn-pipeline-1.2.0,200,62.94,-1.5175596956426867,False,0,0.13706,False
2026-07-25T01:50:50+00:00,req-04-0376,churn-pipeline-1.2.0,200,82.93,0.6291328646189883,False,0,0.496191,False
2026-07-25T15:17:05+00:00,req-04-0377,churn-pipeline-1.2.0,200,45.19,0.044282384098208415,False,0,0.37464,False
2026-07-25T14:09:14+00:00,req-04-0378,churn-pipeline-1.2.0,200,69.39,-0.4342966449682429,False,0,0.285131,False
2026-07-25T15:26:23+00:00,req-04-0379,churn-pipeline-1.2.0,200,81.31,1.3416546817712431,False,1,0.643458,False
2026-07-25T00:34:56+00:00,req-04-0380,churn-pipeline-1.2.0,200,36.75,-1.4992253145589816,False,0,0.138914,False
2026-07-25T10:29:14+00:00,req-04-0381,churn-pipeline-1.2.0,200,80.93,1.7262381311331307,False,1,0.714492,False
2026-07-25T04:19:49+00:00,req-04-0382,churn-pipeline-1.2.0,200,38.04,-0.02338694256618893,False,0,0.361265,False
2026-07-25T08:04:34+00:00,req-04-0383,churn-pipeline-1.2.0,200,62.6,0.33339408742804333,False,0,0.433738,False
2026-07-25T14:55:58+00:00,req-04-0384,churn-pipeline-1.2.0,200,44.8,-0.41479632025678437,False,0,0.288521,False
2026-07-25T06:37:02+00:00,req-04-0385,churn-pipeline-1.2.0,200,102.76,-1.7504265581494967,False,0,0.115285,False
2026-07-25T15:49:41+00:00,req-04-0386,churn-pipeline-1.2.0,200,44.89,-0.1465903933890687,False,0,0.337467,False
2026-07-25T06:56:23+00:00,req-04-0387,churn-pipeline-1.2.0,200,38.33,0.35148215223743223,False,0,0.437518,False
2026-07-25T12:15:00+00:00,req-04-0388,churn-pipeline-1.2.0,200,67.83,0.7100367187227238,False,1,0.51338,False
2026-07-25T11:01:06+00:00,req-04-0389,churn-pipeline-1.2.0,200,56.94,-0.2079348583608465,False,0,0.32591,False
2026-07-25T09:12:35+00:00,req-04-0390,churn-pipeline-1.2.0,200,40.16,-2.3021668332646392,False,0,0.07538,False
2026-07-25T03:01:29+00:00,req-04-0391,churn-pipeline-1.2.0,200,76.91,-1.6187444118117569,False,0,0.127201,False
2026-07-25T13:49:43+00:00,req-04-0392,churn-pipeline-1.2.0,200,34.37,2.1546206049514587,False,1,0.782693,False
2026-07-25T23:45:44+00:00,req-04-0393,churn-pipeline-1.2.0,200,46.66,-1.1471627829607214,False,0,0.178713,False
2026-07-25T15:26:28+00:00,req-04-0394,churn-pipeline-1.2.0,200,54.07,1.498401931151169,False,1,0.673408,False
2026-07-25T17:53:56+00:00,req-04-0395,churn-pipeline-1.2.0,200,84.02,-0.9807910742884753,False,0,0.20042,False
2026-07-25T19:17:00+00:00,req-04-0396,churn-pipeline-1.2.0,200,98.39,-0.19157870521426093,False,0,0.328971,False
2026-07-25T00:55:01+00:00,req-04-0397,churn-pipeline-1.2.0,200,92.51,0.6564686725798993,False,1,0.502,False
2026-07-25T19:01:33+00:00,req-04-0398,churn-pipeline-1.2.0,200,61.89,-0.8612041689099175,False,0,0.217206,False
2026-07-25T05:49:09+00:00,req-04-0399,churn-pipeline-1.2.0,200,29.89,1.6718258925470069,False,1,0.704965,False
2026-07-25T15:57:18+00:00,req-04-0400,churn-pipeline-1.2.0,200,73.66,0.07951477597183153,False,0,0.381683,False
2026-07-25T23:36:45+00:00,req-04-0401,churn-pipeline-1.2.0,200,104.06,0.48389338861465336,False,0,0.465383,False
2026-07-25T21:27:41+00:00,req-04-0402,churn-pipeline-1.2.0,200,96.47,-0.2809873584200821,False,0,0.312418,False
2026-07-25T09:56:46+00:00,req-04-0403,churn-pipeline-1.2.0,200,75.38,0.6916563013679453,False,1,0.509476,False
2026-07-25T20:06:45+00:00,req-04-0404,churn-pipeline-1.2.0,200,44.42,1.6577323768423557,False,1,0.702467,False
2026-07-25T14:50:47+00:00,req-04-0405,churn-pipeline-1.2.0,200,54.94,-0.13785023450437509,False,0,0.33913,False
2026-07-25T03:11:52+00:00,req-04-0406,churn-pipeline-1.2.0,200,120.69,1.816198430286698,False,1,0.729832,False
2026-07-25T05:45:28+00:00,req-04-0407,churn-pipeline-1.2.0,200,41.31,-0.6421755987980737,False,0,0.250518,False
2026-07-25T22:57:37+00:00,req-04-0408,churn-pipeline-1.2.0,200,45.02,0.8023008413192956,False,1,0.532941,False
2026-07-25T21:57:54+00:00,req-04-0409,churn-pipeline-1.2.0,200,87.88,0.5135700530552024,False,0,0.471664,False
2026-07-25T21:24:06+00:00,req-04-0410,churn-pipeline-1.2.0,200,56.62,-1.122011176316488,False,0,0.181873,False
2026-07-25T09:13:15+00:00,req-04-0411,churn-pipeline-1.2.0,200,44.53,0.2245001898691984,False,0,0.411159,False
2026-07-25T07:42:08+00:00,req-04-0412,churn-pipeline-1.2.0,200,105.99,0.007734234742891425,False,0,0.367391,False
2026-07-25T19:20:39+00:00,req-04-0413,churn-pipeline-1.2.0,200,75.33,-0.8958517850906874,False,0,0.21224,False
2026-07-25T00:29:03+00:00,req-04-0414,churn-pipeline-1.2.0,200,57.52,0.3759025559038328,False,0,0.442633,False
2026-07-25T21:32:22+00:00,req-04-0415,churn-pipeline-1.2.0,200,45.05,0.15360402341394347,False,0,0.396652,False
2026-07-25T14:29:43+00:00,req-04-0416,churn-pipeline-1.2.0,200,125.16,-0.07621629467257753,False,0,0.350969,False
2026-07-25T15:11:05+00:00,req-04-0417,churn-pipeline-1.2.0,200,64.49,-0.0720063425116191,False,0,0.351784,False
2026-07-25T10:31:19+00:00,req-04-0418,churn-pipeline-1.2.0,200,101.65,-0.09451077186980035,False,0,0.347435,False
2026-07-25T23:30:11+00:00,req-04-0419,churn-pipeline-1.2.0,200,86.52,-0.3860846023086439,False,0,0.293557,False
2026-07-25T17:59:22+00:00,req-04-0420,churn-pipeline-1.2.0,200,55.02,0.14682579976573076,False,0,0.395274,False
2026-07-25T01:17:31+00:00,req-04-0421,churn-pipeline-1.2.0,200,55.16,-0.6761099229819695,False,0,0.245142,False
2026-07-25T12:35:25+00:00,req-04-0422,churn-pipeline-1.2.0,200,103.26,,True,0,0.365864,False
2026-07-25T20:37:51+00:00,req-04-0423,churn-pipeline-1.2.0,200,103.79,-1.4797999077385817,False,0,0.140901,False
2026-07-25T01:50:08+00:00,req-04-0424,churn-pipeline-1.2.0,200,35.65,-0.613972881096182,False,0,0.255046,False
2026-07-25T17:41:05+00:00,req-04-0425,churn-pipeline-1.2.0,200,77.5,-0.5310292098057877,False,0,0.268671,False
2026-07-25T05:52:20+00:00,req-04-0426,churn-pipeline-1.2.0,200,62.53,2.1425180850407646,False,1,0.780938,False
2026-07-25T12:09:23+00:00,req-04-0427,churn-pipeline-1.2.0,200,46.7,-1.3861413824763744,False,0,0.150815,False
2026-07-25T21:10:50+00:00,req-04-0428,churn-pipeline-1.2.0,200,70.68,0.4472184128854153,False,0,0.457636,False
2026-07-25T11:48:57+00:00,req-04-0429,churn-pipeline-1.2.0,200,42.2,0.2608137682988669,False,0,0.418652,False
2026-07-25T00:54:16+00:00,req-04-0430,churn-pipeline-1.2.0,200,55.99,0.35028241990827547,False,0,0.437267,False
2026-07-25T00:29:54+00:00,req-04-0431,churn-pipeline-1.2.0,200,50.34,1.2981603207414874,False,1,0.634932,False
2026-07-25T17:40:48+00:00,req-04-0432,churn-pipeline-1.2.0,200,55.39,1.2766208277344429,False,1,0.630678,False
2026-07-25T22:20:31+00:00,req-04-0433,churn-pipeline-1.2.0,200,63.53,-0.47350466784612333,False,0,0.278387,False
2026-07-25T07:00:23+00:00,req-04-0434,churn-pipeline-1.2.0,200,46.97,0.20371832196869047,False,0,0.406889,False
2026-07-25T22:26:59+00:00,req-04-0435,churn-pipeline-1.2.0,200,107.53,-1.9573071337597512,False,0,0.098526,False
2026-07-25T10:51:48+00:00,req-04-0436,churn-pipeline-1.2.0,200,76.11,0.10404765894802553,False,0,0.386616,False
2026-07-25T01:24:32+00:00,req-04-0437,churn-pipeline-1.2.0,200,115.43,-0.8336888992235151,False,0,0.221209,False
2026-07-25T12:44:38+00:00,req-04-0438,churn-pipeline-1.2.0,200,61.75,-0.19570154725854233,False,0,0.328198,False
2026-07-25T23:22:09+00:00,req-04-0439,churn-pipeline-1.2.0,200,54.53,-1.7696404580575298,False,0,0.113629,False
2026-07-25T06:00:07+00:00,req-04-0440,churn-pipeline-1.2.0,200,114.1,0.42511590105502917,False,0,0.452977,False
2026-07-25T23:03:18+00:00,req-04-0441,churn-pipeline-1.2.0,200,54.02,-1.7813971303543883,False,0,0.112627,False
2026-07-25T15:38:49+00:00,req-04-0442,churn-pipeline-1.2.0,200,61.4,0.15569883713116575,False,0,0.397078,False
2026-07-25T09:30:21+00:00,req-04-0443,churn-pipeline-1.2.0,200,81.84,-1.287830872673677,False,0,0.161832,False
2026-07-26T09:48:56+00:00,req-05-0000,churn-pipeline-1.2.0,200,71.75,1.0345166047224643,False,1,0.581599,False
2026-07-26T18:38:23+00:00,req-05-0001,churn-pipeline-1.2.0,200,56.05,1.077464094810823,False,1,0.590454,False
2026-07-26T11:26:14+00:00,req-05-0002,churn-pipeline-1.2.0,200,58.54,-1.7292371061510972,False,0,0.117134,False
2026-07-26T00:07:34+00:00,req-05-0003,churn-pipeline-1.2.0,200,42.57,-0.8590779937952306,False,0,0.217513,False
2026-07-26T12:08:39+00:00,req-05-0004,churn-pipeline-1.2.0,200,110.61,-0.4872046062590622,False,0,0.276053,False
2026-07-26T05:10:37+00:00,req-05-0005,churn-pipeline-1.2.0,200,54.66,0.6290433934735146,False,0,0.496172,False
2026-07-26T09:07:15+00:00,req-05-0006,churn-pipeline-1.2.0,200,88.59,1.200229367930939,False,1,0.61543,False
2026-07-26T07:06:52+00:00,req-05-0007,churn-pipeline-1.2.0,200,71.01,2.8370663309875783,False,1,0.865472,False
2026-07-26T03:59:55+00:00,req-05-0008,churn-pipeline-1.2.0,200,71.63,-0.4889569610967945,False,0,0.275756,False
2026-07-26T22:41:22+00:00,req-05-0009,churn-pipeline-1.2.0,200,62.6,-0.4365151500591304,False,0,0.284746,False
2026-07-26T06:05:07+00:00,req-05-0010,churn-pipeline-1.2.0,200,50.52,0.6179985164195999,False,0,0.493825,False
2026-07-26T12:10:08+00:00,req-05-0011,churn-pipeline-1.2.0,200,47.68,-0.7163275549026022,False,0,0.238871,False
2026-07-26T19:52:30+00:00,req-05-0012,churn-pipeline-1.2.0,200,113.01,-0.14800995456504296,False,0,0.337197,False
2026-07-26T08:44:40+00:00,req-05-0013,churn-pipeline-1.2.0,200,67.41,-0.43579001422272307,False,0,0.284872,False
2026-07-26T22:29:42+00:00,req-05-0014,churn-pipeline-1.2.0,200,93.17,-2.752736617999388,False,0,0.052659,False
2026-07-26T09:42:12+00:00,req-05-0015,churn-pipeline-1.2.0,200,101.25,0.12939489165912296,False,0,0.391738,False
2026-07-26T22:43:22+00:00,req-05-0016,churn-pipeline-1.2.0,200,56.99,-0.1914790072679298,False,0,0.32899,False
2026-07-26T10:50:37+00:00,req-05-0017,churn-pipeline-1.2.0,200,74.43,1.3347926027697445,False,1,0.642119,False
2026-07-26T00:20:46+00:00,req-05-0018,churn-pipeline-1.2.0,200,65.94,0.00576492791317257,False,0,0.367002,False
2026-07-26T20:49:40+00:00,req-05-0019,churn-pipeline-1.2.0,200,44.88,-1.317484852229881,False,0,0.158443,False
2026-07-26T20:44:13+00:00,req-05-0020,churn-pipeline-1.2.0,200,61.25,-0.2710038166284995,False,0,0.314244,False
2026-07-26T23:05:45+00:00,req-05-0021,churn-pipeline-1.2.0,200,78.44,-2.1956369852934596,False,0,0.081939,False
2026-07-26T02:58:26+00:00,req-05-0022,churn-pipeline-1.2.0,200,55.41,-1.2714637269596247,False,0,0.163728,False
2026-07-26T20:15:35+00:00,req-05-0023,churn-pipeline-1.2.0,200,58.58,0.6672812665606476,False,1,0.504297,False
2026-07-26T08:11:53+00:00,req-05-0024,churn-pipeline-1.2.0,200,61.49,-0.2597074619513464,False,0,0.316317,False
2026-07-26T20:11:59+00:00,req-05-0025,churn-pipeline-1.2.0,200,127.75,0.968633651472969,False,1,0.567912,False
2026-07-26T23:07:27+00:00,req-05-0026,churn-pipeline-1.2.0,200,36.14,-2.06523686342195,False,0,0.090672,False
2026-07-26T04:46:34+00:00,req-05-0027,churn-pipeline-1.2.0,200,76.32,-0.25458446718994066,False,0,0.317259,False
2026-07-26T08:54:34+00:00,req-05-0028,churn-pipeline-1.2.0,200,59.94,-0.49928812330717465,False,0,0.274005,False
2026-07-26T06:26:53+00:00,req-05-0029,churn-pipeline-1.2.0,200,52.95,1.0036410117438663,False,1,0.575199,False
2026-07-26T07:18:40+00:00,req-05-0030,churn-pipeline-1.2.0,200,59.47,0.7064009065749538,False,1,0.512608,False
2026-07-26T14:18:18+00:00,req-05-0031,churn-pipeline-1.2.0,200,80.48,0.6743647575927129,False,1,0.505802,False
2026-07-26T09:53:56+00:00,req-05-0032,churn-pipeline-1.2.0,200,81.96,1.6184805399883064,False,1,0.695447,False
2026-07-26T15:44:50+00:00,req-05-0033,churn-pipeline-1.2.0,200,68.99,-0.3864914647508946,False,0,0.293485,False
2026-07-26T16:11:06+00:00,req-05-0034,churn-pipeline-1.2.0,200,92.21,1.4018348770657552,False,1,0.655106,False
2026-07-26T04:51:53+00:00,req-05-0035,churn-pipeline-1.2.0,200,97.55,-1.0964164584237228,False,0,0.185132,False
2026-07-26T01:03:15+00:00,req-05-0036,churn-pipeline-1.2.0,200,84.41,-1.1349216372539785,False,0,0.180246,False
2026-07-26T17:54:38+00:00,req-05-0037,churn-pipeline-1.2.0,200,54.58,0.7903839000732558,False,1,0.530419,False
2026-07-26T04:21:29+00:00,req-05-0038,churn-pipeline-1.2.0,200,76.14,-1.5799777753292419,False,0,0.130905,False
2026-07-26T04:47:56+00:00,req-05-0039,churn-pipeline-1.2.0,200,76.26,0.6014039098399058,False,0,0.4903,False
2026-07-26T14:25:56+00:00,req-05-0040,churn-pipeline-1.2.0,200,50.07,0.1063788534073924,False,0,0.387086,False
2026-07-26T06:18:44+00:00,req-05-0041,churn-pipeline-1.2.0,200,39.34,1.1254453650876164,False,1,0.600279,False
2026-07-26T04:33:13+00:00,req-05-0042,churn-pipeline-1.2.0,200,34.03,-0.062416163202633934,False,0,0.353645,False
2026-07-26T07:21:47+00:00,req-05-0043,churn-pipeline-1.2.0,200,66.47,0.05885139361030348,False,0,0.377546,False
2026-07-26T12:32:34+00:00,req-05-0044,churn-pipeline-1.2.0,200,71.5,0.5347282425711513,False,0,0.476148,False
2026-07-26T20:18:13+00:00,req-05-0045,churn-pipeline-1.2.0,200,44.53,-0.6957820275627674,False,0,0.242061,False
2026-07-26T23:43:42+00:00,req-05-0046,churn-pipeline-1.2.0,200,90.84,-0.7415166228647324,False,0,0.235,False
2026-07-26T17:34:12+00:00,req-05-0047,churn-pipeline-1.2.0,200,68.24,0.49815091183559046,False,0,0.468399,False
2026-07-26T21:34:22+00:00,req-05-0048,churn-pipeline-1.2.0,200,100.1,-0.030752199587169314,False,0,0.359821,False
2026-07-26T12:44:11+00:00,req-05-0049,churn-pipeline-1.2.0,200,73.18,-0.4276796131694944,False,0,0.286279,False
2026-07-26T09:47:59+00:00,req-05-0050,churn-pipeline-1.2.0,200,46.21,-0.08692330468255091,False,0,0.348898,False
2026-07-26T19:40:26+00:00,req-05-0051,churn-pipeline-1.2.0,200,75.27,1.6742874832302466,False,1,0.7054,False
2026-07-26T07:15:26+00:00,req-05-0052,churn-pipeline-1.2.0,200,80.55,-0.4651693270768872,False,0,0.279812,False
2026-07-26T19:30:37+00:00,req-05-0053,churn-pipeline-1.2.0,200,54.55,-0.4956205939461164,False,0,0.274626,False
2026-07-26T23:57:24+00:00,req-05-0054,churn-pipeline-1.2.0,200,40.97,-1.7928164358956198,False,0,0.11166,False
2026-07-26T09:21:21+00:00,req-05-0055,churn-pipeline-1.2.0,200,67.12,-0.044470585064970744,False,0,0.35714,False
2026-07-26T15:12:07+00:00,req-05-0056,churn-pipeline-1.2.0,200,47.19,0.6897276868024117,False,1,0.509066,False
2026-07-26T18:45:16+00:00,req-05-0057,churn-pipeline-1.2.0,200,93.04,0.8780080214649115,False,1,0.54892,False
2026-07-26T18:48:14+00:00,req-05-0058,churn-pipeline-1.2.0,200,57.06,0.11362848171205922,False,0,0.388549,False
2026-07-26T04:56:59+00:00,req-05-0059,churn-pipeline-1.2.0,200,112.87,1.0036252517349276,False,1,0.575196,False
2026-07-26T23:06:08+00:00,req-05-0060,churn-pipeline-1.2.0,200,32.94,0.767791921974254,False,1,0.525633,False
2026-07-26T12:04:38+00:00,req-05-0061,churn-pipeline-1.2.0,200,67.87,1.1685977411768758,False,1,0.609047,False
2026-07-26T01:00:10+00:00,req-05-0062,churn-pipeline-1.2.0,200,102.7,1.03351778825144,False,1,0.581392,False
2026-07-26T02:50:16+00:00,req-05-0063,churn-pipeline-1.2.0,200,48.89,1.6484771059126138,False,1,0.70082,False
2026-07-26T17:27:44+00:00,req-05-0064,churn-pipeline-1.2.0,200,61.77,-0.17817782489456213,False,0,0.331491,False
2026-07-26T10:14:35+00:00,req-05-0065,churn-pipeline-1.2.0,200,57.13,-1.393410944479584,False,0,0.150026,False
2026-07-26T02:35:26+00:00,req-05-0066,churn-pipeline-1.2.0,200,52.23,0.6969046808696912,False,1,0.510591,False
2026-07-26T12:29:19+00:00,req-05-0067,churn-pipeline-1.2.0,200,70.29,0.8195808487889151,False,1,0.536595,False
2026-07-26T14:23:20+00:00,req-05-0068,churn-pipeline-1.2.0,200,42.94,1.6484951630501965,False,1,0.700823,False
2026-07-26T01:55:04+00:00,req-05-0069,churn-pipeline-1.2.0,200,62.73,1.3453548739781913,False,1,0.64418,False
2026-07-26T08:24:09+00:00,req-05-0070,churn-pipeline-1.2.0,200,76.67,2.042746078657794,False,1,0.766085,False
2026-07-26T11:06:09+00:00,req-05-0071,churn-pipeline-1.2.0,200,60.68,0.6508466793428598,False,1,0.500805,False
2026-07-26T18:43:40+00:00,req-05-0072,churn-pipeline-1.2.0,200,47.2,0.24025112153555958,False,0,0.414405,False
2026-07-26T15:38:24+00:00,req-05-0073,churn-pipeline-1.2.0,200,90.38,-1.454232277392034,False,0,0.143552,False
2026-07-26T02:05:18+00:00,req-05-0074,churn-pipeline-1.2.0,200,82.11,,True,0,0.365864,False
2026-07-26T14:44:17+00:00,req-05-0075,churn-pipeline-1.2.0,200,46.58,-0.5801285247148839,False,0,0.260551,False
2026-07-26T21:39:39+00:00,req-05-0076,churn-pipeline-1.2.0,200,42.96,0.22208551410409447,False,0,0.410663,False
2026-07-26T01:18:16+00:00,req-05-0077,churn-pipeline-1.2.0,200,47.93,0.057238845625138896,False,0,0.377224,False
2026-07-26T23:40:45+00:00,req-05-0078,churn-pipeline-1.2.0,200,77.39,0.4953202682926417,False,0,0.4678,False
2026-07-26T02:17:17+00:00,req-05-0079,churn-pipeline-1.2.0,200,70.99,-0.10219724501543616,False,0,0.345955,False
2026-07-26T14:56:38+00:00,req-05-0080,churn-pipeline-1.2.0,200,83.7,0.9817712002692139,False,1,0.57065,False
2026-07-26T08:25:57+00:00,req-05-0081,churn-pipeline-1.2.0,200,58.56,-2.859312028518811,False,0,0.048319,False
2026-07-26T17:32:20+00:00,req-05-0082,churn-pipeline-1.2.0,200,48.35,,True,0,0.365864,False
2026-07-26T20:13:28+00:00,req-05-0083,churn-pipeline-1.2.0,200,87.22,1.2626142681101902,False,1,0.627901,False
2026-07-26T20:26:40+00:00,req-05-0084,churn-pipeline-1.2.0,200,54.45,1.9635509338790254,False,1,0.753807,False
2026-07-26T20:52:26+00:00,req-05-0085,churn-pipeline-1.2.0,200,69.0,0.768559405304316,False,1,0.525796,False
2026-07-26T19:35:24+00:00,req-05-0086,churn-pipeline-1.2.0,200,39.58,1.7691271737116658,False,1,0.72187,False
2026-07-26T07:25:50+00:00,req-05-0087,churn-pipeline-1.2.0,200,54.17,0.17738279554667952,False,0,0.401499,False
2026-07-26T11:10:01+00:00,req-05-0088,churn-pipeline-1.2.0,200,89.78,0.0030057047234162107,False,0,0.366457,False
2026-07-26T17:15:12+00:00,req-05-0089,churn-pipeline-1.2.0,200,51.69,0.5558864253891392,False,0,0.480636,False
2026-07-26T04:02:27+00:00,req-05-0090,churn-pipeline-1.2.0,200,84.35,-0.003353997035618318,False,0,0.365203,False
2026-07-26T13:51:26+00:00,req-05-0091,churn-pipeline-1.2.0,200,30.83,-0.8214753414182286,False,0,0.223003,False
2026-07-26T12:43:30+00:00,req-05-0092,churn-pipeline-1.2.0,200,54.35,-0.5410022563384944,False,0,0.267009,False
2026-07-26T23:36:07+00:00,req-05-0093,churn-pipeline-1.2.0,200,61.53,-1.1677605513799652,False,0,0.176158,False
2026-07-26T01:11:35+00:00,req-05-0094,churn-pipeline-1.2.0,200,113.52,0.5547959496085069,False,0,0.480404,False
2026-07-26T02:16:17+00:00,req-05-0095,churn-pipeline-1.2.0,200,44.71,0.011961403125501128,False,0,0.368226,False
2026-07-26T00:43:20+00:00,req-05-0096,churn-pipeline-1.2.0,200,80.57,-0.3783004225960024,False,0,0.294931,False
2026-07-26T13:08:56+00:00,req-05-0097,churn-pipeline-1.2.0,200,91.16,-0.5950179446791548,False,0,0.25812,False
2026-07-26T13:13:06+00:00,req-05-0098,churn-pipeline-1.2.0,200,51.6,0.5303091635096078,False,0,0.475211,False
2026-07-26T14:13:15+00:00,req-05-0099,churn-pipeline-1.2.0,200,57.68,0.8194705896405737,False,1,0.536572,False
2026-07-26T05:48:37+00:00,req-05-0100,churn-pipeline-1.2.0,200,68.01,-1.187039696330442,False,0,0.173793,False
2026-07-26T07:23:02+00:00,req-05-0101,churn-pipeline-1.2.0,200,40.46,-1.3520689032643987,False,0,0.154562,False
2026-07-26T10:00:16+00:00,req-05-0102,churn-pipeline-1.2.0,200,56.19,1.0022354534020659,False,1,0.574907,False
2026-07-26T01:07:36+00:00,req-05-0103,churn-pipeline-1.2.0,200,97.78,-1.4438899004130255,False,0,0.144636,False
2026-07-26T18:03:34+00:00,req-05-0104,churn-pipeline-1.2.0,200,76.83,0.5748611755136087,False,0,0.484663,False
2026-07-26T01:15:01+00:00,req-05-0105,churn-pipeline-1.2.0,200,61.82,1.6977546586917138,False,1,0.709528,False
2026-07-26T16:00:19+00:00,req-05-0106,churn-pipeline-1.2.0,200,67.39,1.7001965435627913,False,1,0.709955,False
2026-07-26T10:53:12+00:00,req-05-0107,churn-pipeline-1.2.0,200,78.28,0.7747662201636962,False,1,0.527111,False
2026-07-26T23:58:18+00:00,req-05-0108,churn-pipeline-1.2.0,200,83.23,0.7442499910882268,False,1,0.520641,False
2026-07-26T16:37:09+00:00,req-05-0109,churn-pipeline-1.2.0,200,54.4,2.3645028227062777,False,1,0.811506,False
2026-07-26T11:24:46+00:00,req-05-0110,churn-pipeline-1.2.0,200,106.22,-2.451115446038459,False,0,0.067017,False
2026-07-26T16:48:15+00:00,req-05-0111,churn-pipeline-1.2.0,200,99.05,-0.48755245988466683,False,0,0.275994,False
2026-07-26T02:48:52+00:00,req-05-0112,churn-pipeline-1.2.0,200,80.73,0.8909164415304316,False,1,0.551635,False
2026-07-26T04:20:35+00:00,req-05-0113,churn-pipeline-1.2.0,200,49.63,-0.3541513582340549,False,0,0.299217,False
2026-07-26T11:58:29+00:00,req-05-0114,churn-pipeline-1.2.0,200,46.9,1.3017672240373863,False,1,0.635643,False
2026-07-26T20:35:28+00:00,req-05-0115,churn-pipeline-1.2.0,200,58.55,-0.04132176332570228,False,0,0.357755,False
2026-07-26T19:40:54+00:00,req-05-0116,churn-pipeline-1.2.0,200,66.28,0.13833105335447743,False,0,0.393549,False
2026-07-26T09:03:06+00:00,req-05-0117,churn-pipeline-1.2.0,200,36.91,-0.28840839745823454,False,0,0.311065,False
2026-07-26T06:48:28+00:00,req-05-0118,churn-pipeline-1.2.0,200,76.15,-0.5486365067484639,False,0,0.265741,False
2026-07-26T23:08:41+00:00,req-05-0119,churn-pipeline-1.2.0,200,98.14,-0.5744654613050345,False,0,0.261479,False
2026-07-26T13:34:12+00:00,req-05-0120,churn-pipeline-1.2.0,200,78.17,0.2847246116786151,False,0,0.423607,False
2026-07-26T02:50:08+00:00,req-05-0121,churn-pipeline-1.2.0,200,52.36,-0.8132932141140103,False,0,0.22421,False
2026-07-26T05:23:53+00:00,req-05-0122,churn-pipeline-1.2.0,200,50.41,1.000865127665852,False,1,0.574622,False
2026-07-26T20:04:29+00:00,req-05-0123,churn-pipeline-1.2.0,200,71.55,0.6858872208329646,False,1,0.50825,False
2026-07-26T21:33:27+00:00,req-05-0124,churn-pipeline-1.2.0,200,61.89,1.1543872630183325,False,1,0.606167,False
2026-07-26T21:48:00+00:00,req-05-0125,churn-pipeline-1.2.0,200,74.9,-1.1853705737926488,False,0,0.173996,False
2026-07-26T00:09:57+00:00,req-05-0126,churn-pipeline-1.2.0,200,78.8,-1.7844503741257662,False,0,0.112368,False
2026-07-26T19:44:39+00:00,req-05-0127,churn-pipeline-1.2.0,200,92.18,-0.004395043413351716,False,0,0.364998,False
2026-07-26T02:41:13+00:00,req-05-0128,churn-pipeline-1.2.0,200,45.25,3.0437406442374972,False,1,0.884646,False
2026-07-26T19:24:43+00:00,req-05-0129,churn-pipeline-1.2.0,200,69.78,1.329519216999299,False,1,0.641088,False
2026-07-26T21:09:21+00:00,req-05-0130,churn-pipeline-1.2.0,200,57.86,-0.5821686239320487,False,0,0.260217,False
2026-07-26T08:40:17+00:00,req-05-0131,churn-pipeline-1.2.0,200,62.98,0.4457377411529081,False,0,0.457323,False
2026-07-26T04:38:48+00:00,req-05-0132,churn-pipeline-1.2.0,200,85.71,0.7639662528158678,False,1,0.524822,False
2026-07-26T17:07:12+00:00,req-05-0133,churn-pipeline-1.2.0,200,88.75,-1.4368076527695044,False,0,0.145382,False
2026-07-26T01:38:33+00:00,req-05-0134,churn-pipeline-1.2.0,200,101.69,1.438107162486335,False,1,0.662038,False
2026-07-26T13:54:15+00:00,req-05-0135,churn-pipeline-1.2.0,200,74.48,-0.17579533316198775,False,0,0.331939,False
2026-07-26T07:57:27+00:00,req-05-0136,churn-pipeline-1.2.0,200,62.75,-0.09521488683825338,False,0,0.347299,False
2026-07-26T10:11:14+00:00,req-05-0137,churn-pipeline-1.2.0,200,59.95,0.024973892405548422,False,0,0.370803,False
2026-07-26T19:48:55+00:00,req-05-0138,churn-pipeline-1.2.0,200,37.31,1.2017671462732897,False,1,0.615739,False
2026-07-26T23:50:04+00:00,req-05-0139,churn-pipeline-1.2.0,200,99.79,-0.7929412661114784,False,0,0.227233,False
2026-07-26T09:39:09+00:00,req-05-0140,churn-pipeline-1.2.0,200,58.64,-1.792318505023675,False,0,0.111702,False
2026-07-26T06:58:15+00:00,req-05-0141,churn-pipeline-1.2.0,200,76.42,0.3391030575450467,False,0,0.434931,False
2026-07-26T20:01:34+00:00,req-05-0142,churn-pipeline-1.2.0,200,80.77,-2.1458409904817852,False,0,0.08518,False
2026-07-26T09:54:55+00:00,req-05-0143,churn-pipeline-1.2.0,200,43.64,-0.3161587748923171,False,0,0.306032,False
2026-07-26T04:47:46+00:00,req-05-0144,churn-pipeline-1.2.0,200,48.37,1.2462180043517592,False,1,0.624639,False
2026-07-26T21:40:07+00:00,req-05-0145,churn-pipeline-1.2.0,200,106.64,0.6080485986841752,False,0,0.491711,False
2026-07-26T23:48:06+00:00,req-05-0146,churn-pipeline-1.2.0,200,71.33,1.0944738690115399,False,1,0.593946,False
2026-07-26T06:56:10+00:00,req-05-0147,churn-pipeline-1.2.0,200,53.98,0.6513689334629704,False,1,0.500916,False
2026-07-26T03:47:30+00:00,req-05-0148,churn-pipeline-1.2.0,200,62.42,2.530851213222579,False,1,0.832189,False
2026-07-26T03:39:51+00:00,req-05-0149,churn-pipeline-1.2.0,200,92.02,-0.6176516090396558,False,0,0.254453,False
2026-07-26T14:22:01+00:00,req-05-0150,churn-pipeline-1.2.0,200,87.65,0.41803826085873946,False,0,0.451486,False
2026-07-26T07:26:23+00:00,req-05-0151,churn-pipeline-1.2.0,200,40.66,-0.4600264947732829,False,0,0.280694,False
2026-07-26T14:57:16+00:00,req-05-0152,churn-pipeline-1.2.0,200,109.66,1.0046413334106146,False,1,0.575407,False
2026-07-26T18:13:24+00:00,req-05-0153,churn-pipeline-1.2.0,200,88.55,-0.06465361985302076,False,0,0.353211,False
2026-07-26T00:08:12+00:00,req-05-0154,churn-pipeline-1.2.0,200,61.9,1.8047871234162476,False,1,0.727915,False
2026-07-26T20:38:11+00:00,req-05-0155,churn-pipeline-1.2.0,200,44.39,-0.5573567531720753,False,0,0.264297,False
2026-07-26T00:41:59+00:00,req-05-0156,churn-pipeline-1.2.0,200,91.07,1.4774828520028336,False,1,0.669486,False
2026-07-26T02:44:48+00:00,req-05-0157,churn-pipeline-1.2.0,200,75.7,0.6227965070711694,False,0,0.494844,False
2026-07-26T17:23:47+00:00,req-05-0158,churn-pipeline-1.2.0,200,40.77,-0.034084122541329614,False,0,0.359169,False
2026-07-26T14:55:15+00:00,req-05-0159,churn-pipeline-1.2.0,200,60.35,0.5695644547529206,False,0,0.483538,False
2026-07-26T23:28:58+00:00,req-05-0160,churn-pipeline-1.2.0,200,176.75,0.27432760690565183,False,0,0.421451,False
2026-07-26T13:36:53+00:00,req-05-0161,churn-pipeline-1.2.0,200,65.34,0.37375241426440053,False,0,0.442182,False
2026-07-26T10:00:39+00:00,req-05-0162,churn-pipeline-1.2.0,200,51.26,-0.21721462674911046,False,0,0.324179,False
2026-07-26T16:03:04+00:00,req-05-0163,churn-pipeline-1.2.0,200,47.07,-0.7366679329327409,False,0,0.235742,False
2026-07-26T18:17:19+00:00,req-05-0164,churn-pipeline-1.2.0,200,114.6,-0.35182467596065714,False,0,0.299632,False
2026-07-26T16:06:19+00:00,req-05-0165,churn-pipeline-1.2.0,200,85.26,-1.7673022268456338,False,0,0.11383,False
2026-07-26T08:53:39+00:00,req-05-0166,churn-pipeline-1.2.0,200,101.98,0.8840457491592569,False,1,0.55019,False
2026-07-26T23:01:37+00:00,req-05-0167,churn-pipeline-1.2.0,200,70.37,-1.2969221707842538,False,0,0.160787,False
2026-07-26T07:14:19+00:00,req-05-0168,churn-pipeline-1.2.0,200,97.09,-0.22852940799748464,False,0,0.322075,False
2026-07-26T08:19:00+00:00,req-05-0169,churn-pipeline-1.2.0,200,49.55,0.6804472935550848,False,1,0.507095,False
2026-07-26T06:39:58+00:00,req-05-0170,churn-pipeline-1.2.0,200,68.47,0.8813665529549068,False,1,0.549626,False
2026-07-26T07:11:39+00:00,req-05-0171,churn-pipeline-1.2.0,200,71.25,-1.8633845336791006,False,0,0.105848,False
2026-07-26T05:06:42+00:00,req-05-0172,churn-pipeline-1.2.0,200,101.17,-0.09644047898633167,False,0,0.347063,False
2026-07-26T13:56:57+00:00,req-05-0173,churn-pipeline-1.2.0,200,71.98,0.4827319344212632,False,0,0.465137,False
2026-07-26T17:29:24+00:00,req-05-0174,churn-pipeline-1.2.0,200,53.21,0.0546169147254431,False,0,0.376701,False
2026-07-26T10:18:21+00:00,req-05-0175,churn-pipeline-1.2.0,200,66.35,1.411278705557222,False,1,0.656917,False
2026-07-26T22:08:50+00:00,req-05-0176,churn-pipeline-1.2.0,200,38.01,-0.8628972449103325,False,0,0.216961,False
2026-07-26T11:22:12+00:00,req-05-0177,churn-pipeline-1.2.0,200,30.93,-2.1514931866997067,False,0,0.084806,False
2026-07-26T11:12:28+00:00,req-05-0178,churn-pipeline-1.2.0,200,84.81,0.8508423176069473,False,1,0.543196,False
2026-07-26T01:39:45+00:00,req-05-0179,churn-pipeline-1.2.0,200,57.65,,True,0,0.365864,False
2026-07-26T21:41:04+00:00,req-05-0180,churn-pipeline-1.2.0,200,59.78,-1.846467627465298,False,0,0.107216,False
2026-07-26T03:33:28+00:00,req-05-0181,churn-pipeline-1.2.0,200,84.8,-0.1664380100947975,False,0,0.333706,False
2026-07-26T03:56:45+00:00,req-05-0182,churn-pipeline-1.2.0,200,101.64,1.2920858747282864,False,1,0.633735,False
2026-07-26T22:26:56+00:00,req-05-0183,churn-pipeline-1.2.0,200,77.12,-1.3264152487033332,False,0,0.157433,False
2026-07-26T12:28:08+00:00,req-05-0184,churn-pipeline-1.2.0,200,120.47,2.452795751644631,False,1,0.822719,False
2026-07-26T01:38:20+00:00,req-05-0185,churn-pipeline-1.2.0,200,76.34,-0.879775674263495,False,0,0.214534,False
2026-07-26T10:36:11+00:00,req-05-0186,churn-pipeline-1.2.0,200,71.6,0.09136139683203738,False,0,0.384062,False
2026-07-26T14:09:48+00:00,req-05-0187,churn-pipeline-1.2.0,200,70.2,-1.2800890387399888,False,0,0.162727,False
2026-07-26T00:14:31+00:00,req-05-0188,churn-pipeline-1.2.0,200,43.08,0.04369086613081491,False,0,0.374523,False
2026-07-26T18:06:35+00:00,req-05-0189,churn-pipeline-1.2.0,200,88.26,-0.14043521284661079,False,0,0.338638,False
2026-07-26T16:02:40+00:00,req-05-0190,churn-pipeline-1.2.0,200,29.72,-1.5639685974476416,False,0,0.132461,False
2026-07-26T00:17:05+00:00,req-05-0191,churn-pipeline-1.2.0,200,53.88,2.9671183173984557,False,1,0.877831,False
2026-07-26T14:50:34+00:00,req-05-0192,churn-pipeline-1.2.0,200,65.48,-0.5201040274696294,False,0,0.2705,False
2026-07-26T05:20:45+00:00,req-05-0193,churn-pipeline-1.2.0,200,50.48,-0.51918568517133,False,0,0.270654,False
2026-07-26T17:37:33+00:00,req-05-0194,churn-pipeline-1.2.0,200,56.25,1.0174876733213372,False,1,0.578072,False
2026-07-26T09:02:59+00:00,req-05-0195,churn-pipeline-1.2.0,200,117.1,1.9049676275158924,False,1,0.744449,False
2026-07-26T04:51:05+00:00,req-05-0196,churn-pipeline-1.2.0,200,92.54,1.1827587114045182,False,1,0.611909,False
2026-07-26T12:09:49+00:00,req-05-0197,churn-pipeline-1.2.0,200,52.19,-1.2612391291779157,False,0,0.164922,False
2026-07-26T10:37:58+00:00,req-05-0198,churn-pipeline-1.2.0,200,55.93,0.22460445996939588,False,0,0.411181,False
2026-07-26T08:11:53+00:00,req-05-0199,churn-pipeline-1.2.0,200,43.2,-1.9754411065042445,False,0,0.097165,False
2026-07-26T21:04:56+00:00,req-05-0200,churn-pipeline-1.2.0,200,81.45,0.9467903353884743,False,1,0.563351,False
2026-07-26T15:34:33+00:00,req-05-0201,churn-pipeline-1.2.0,200,60.01,-1.7169475454569854,False,0,0.118219,False
2026-07-26T11:41:51+00:00,req-05-0202,churn-pipeline-1.2.0,200,34.64,-0.8433613897896989,False,0,0.219796,False
2026-07-26T05:26:00+00:00,req-05-0203,churn-pipeline-1.2.0,200,67.13,-0.00336157923287621,False,0,0.365202,False
2026-07-26T13:38:54+00:00,req-05-0204,churn-pipeline-1.2.0,200,74.8,0.4672568891980628,False,0,0.461866,False
2026-07-26T00:36:41+00:00,req-05-0205,churn-pipeline-1.2.0,200,88.46,-0.27398135456508504,False,0,0.313699,False
2026-07-26T21:14:02+00:00,req-05-0206,churn-pipeline-1.2.0,200,63.49,1.595037860569526,False,1,0.69121,False
2026-07-26T00:02:15+00:00,req-05-0207,churn-pipeline-1.2.0,200,57.69,0.7594015613018934,False,1,0.523855,False
2026-07-26T16:46:19+00:00,req-05-0208,churn-pipeline-1.2.0,200,122.73,0.6769609917674191,False,1,0.506354,False
2026-07-26T08:17:32+00:00,req-05-0209,churn-pipeline-1.2.0,200,65.14,-1.2908709470838968,False,0,0.161482,False
2026-07-26T17:15:30+00:00,req-05-0210,churn-pipeline-1.2.0,200,81.83,1.7843362924226729,False,1,0.724458,False
2026-07-26T08:40:47+00:00,req-05-0211,churn-pipeline-1.2.0,200,54.69,-0.8432184014924372,False,0,0.219817,False
2026-07-26T00:37:39+00:00,req-05-0212,churn-pipeline-1.2.0,200,81.06,1.8244195546364488,False,1,0.731207,False
2026-07-26T22:45:59+00:00,req-05-0213,churn-pipeline-1.2.0,200,40.8,2.12330480977185,False,1,0.778131,False
2026-07-26T18:23:01+00:00,req-05-0214,churn-pipeline-1.2.0,200,56.07,0.5382893589819638,False,0,0.476903,False
2026-07-26T01:04:29+00:00,req-05-0215,churn-pipeline-1.2.0,200,44.16,1.083613752563392,False,1,0.591718,False
2026-07-26T00:47:20+00:00,req-05-0216,churn-pipeline-1.2.0,200,53.56,-3.2370657512097125,False,0,0.03552,False
2026-07-26T12:43:17+00:00,req-05-0217,churn-pipeline-1.2.0,200,96.98,-0.20475253626489626,False,0,0.326504,False
2026-07-26T22:57:29+00:00,req-05-0218,churn-pipeline-1.2.0,200,53.43,1.1572739219155166,False,1,0.606753,False
2026-07-26T13:52:03+00:00,req-05-0219,churn-pipeline-1.2.0,200,81.8,0.9707357817297888,False,1,0.568351,False
2026-07-26T00:15:25+00:00,req-05-0220,churn-pipeline-1.2.0,200,105.63,-1.2807095050048716,False,0,0.162655,False
2026-07-26T16:46:57+00:00,req-05-0221,churn-pipeline-1.2.0,200,64.43,-0.30840814186126747,False,0,0.307433,False
2026-07-26T10:15:59+00:00,req-05-0222,churn-pipeline-1.2.0,200,89.33,-2.663183780461204,False,0,0.056588,False
2026-07-26T15:19:46+00:00,req-05-0223,churn-pipeline-1.2.0,200,77.04,0.4336424821813911,False,0,0.454773,False
2026-07-26T08:24:28+00:00,req-05-0224,churn-pipeline-1.2.0,200,67.47,-1.977494821288165,False,0,0.097012,False
2026-07-26T00:11:43+00:00,req-05-0225,churn-pipeline-1.2.0,200,82.64,1.1870017349269504,False,1,0.612765,False
2026-07-26T00:26:25+00:00,req-05-0226,churn-pipeline-1.2.0,200,117.12,1.2418611037532794,False,1,0.62377,False
2026-07-26T15:09:52+00:00,req-05-0227,churn-pipeline-1.2.0,200,53.01,-0.4980851551268236,False,0,0.274209,False
2026-07-26T15:14:38+00:00,req-05-0228,churn-pipeline-1.2.0,200,47.82,0.5473397269767929,False,0,0.478822,False
2026-07-26T07:44:14+00:00,req-05-0229,churn-pipeline-1.2.0,200,46.93,-0.22795366026353395,False,0,0.322182,False
2026-07-26T01:58:30+00:00,req-05-0230,churn-pipeline-1.2.0,200,89.35,0.25400381476560946,False,0,0.417244,False
2026-07-26T18:32:55+00:00,req-05-0231,churn-pipeline-1.2.0,200,93.3,-1.2046223944053074,False,0,0.171657,False
2026-07-26T03:37:47+00:00,req-05-0232,churn-pipeline-1.2.0,200,54.74,0.6536172544019048,False,1,0.501394,False
2026-07-26T04:31:14+00:00,req-05-0233,churn-pipeline-1.2.0,200,32.81,-1.723244491735637,False,0,0.117662,False
2026-07-26T10:51:22+00:00,req-05-0234,churn-pipeline-1.2.0,200,52.38,-1.921426670445851,False,0,0.101268,False
2026-07-26T17:11:20+00:00,req-05-0235,churn-pipeline-1.2.0,200,77.46,-0.12802473250034146,False,0,0.341005,False
2026-07-26T23:52:58+00:00,req-05-0236,churn-pipeline-1.2.0,200,63.63,-0.22180544359184348,False,0,0.323325,False
2026-07-26T15:00:42+00:00,req-05-0237,churn-pipeline-1.2.0,200,68.86,0.28591681707933797,False,0,0.423854,False
2026-07-26T23:02:57+00:00,req-05-0238,churn-pipeline-1.2.0,200,54.98,-0.6819828647481454,False,0,0.244219,False
2026-07-26T15:39:17+00:00,req-05-0239,churn-pipeline-1.2.0,200,89.92,1.979976249074869,False,1,0.756388,False
2026-07-26T20:20:57+00:00,req-05-0240,churn-pipeline-1.2.0,200,72.55,0.16863523884841408,False,0,0.399713,False
2026-07-26T04:13:21+00:00,req-05-0241,churn-pipeline-1.2.0,200,78.42,0.24452586744203672,False,0,0.415287,False
2026-07-26T01:21:11+00:00,req-05-0242,churn-pipeline-1.2.0,200,68.39,0.20709557127739792,False,0,0.407582,False
2026-07-26T16:03:36+00:00,req-05-0243,churn-pipeline-1.2.0,200,76.88,1.053055362395482,False,1,0.585428,False
2026-07-26T23:24:12+00:00,req-05-0244,churn-pipeline-1.2.0,200,75.27,0.6048182852086875,False,0,0.491025,False
2026-07-26T17:41:14+00:00,req-05-0245,churn-pipeline-1.2.0,200,48.3,0.46411879469369327,False,0,0.461203,False
2026-07-26T08:14:11+00:00,req-05-0246,churn-pipeline-1.2.0,200,73.24,0.7727833101088705,False,1,0.526691,False
2026-07-26T11:44:45+00:00,req-05-0247,churn-pipeline-1.2.0,200,83.74,-1.9158453688995511,False,0,0.101701,False
2026-07-26T02:41:34+00:00,req-05-0248,churn-pipeline-1.2.0,200,94.07,-1.8761900331150663,False,0,0.104822,False
2026-07-26T08:10:07+00:00,req-05-0249,churn-pipeline-1.2.0,200,74.26,-0.07986168256651603,False,0,0.350263,False
2026-07-26T16:23:24+00:00,req-05-0250,churn-pipeline-1.2.0,200,47.73,-0.20755757681599726,False,0,0.32598,False
2026-07-26T03:59:50+00:00,req-05-0251,churn-pipeline-1.2.0,200,50.14,0.6088003362506186,False,0,0.491871,False
2026-07-26T11:33:31+00:00,req-05-0252,churn-pipeline-1.2.0,200,56.55,0.021017747292680626,False,0,0.370019,False
2026-07-26T06:57:32+00:00,req-05-0253,churn-pipeline-1.2.0,200,69.06,0.6109581811769211,False,0,0.492329,False
2026-07-26T11:46:46+00:00,req-05-0254,churn-pipeline-1.2.0,200,62.51,-1.30787503303935,False,0,0.159535,False
2026-07-26T18:19:54+00:00,req-05-0255,churn-pipeline-1.2.0,200,45.37,-0.011281798929129467,False,0,0.363642,False
2026-07-26T21:14:13+00:00,req-05-0256,churn-pipeline-1.2.0,500,45.28,-1.4081095748556736,False,0,0.148439,True
2026-07-26T09:49:32+00:00,req-05-0257,churn-pipeline-1.2.0,200,33.21,0.4062008310899709,False,0,0.448996,False
2026-07-26T19:51:07+00:00,req-05-0258,churn-pipeline-1.2.0,200,23.95,-1.9721992944814868,False,0,0.097407,False
2026-07-26T16:51:54+00:00,req-05-0259,churn-pipeline-1.2.0,200,62.32,0.36572560346792365,False,0,0.4405,False
2026-07-26T22:07:24+00:00,req-05-0260,churn-pipeline-1.2.0,200,136.57,-1.5424493499419678,False,0,0.134577,False
2026-07-26T17:45:43+00:00,req-05-0261,churn-pipeline-1.2.0,200,115.51,-0.4027041828828853,False,0,0.290636,False
2026-07-26T13:13:10+00:00,req-05-0262,churn-pipeline-1.2.0,200,47.53,0.9396740760217115,False,1,0.561862,False
2026-07-26T16:10:48+00:00,req-05-0263,churn-pipeline-1.2.0,200,68.19,0.23874898802833835,False,0,0.414095,False
2026-07-26T07:37:25+00:00,req-05-0264,churn-pipeline-1.2.0,200,40.68,-1.7279432349105162,False,0,0.117248,False
2026-07-26T16:09:53+00:00,req-05-0265,churn-pipeline-1.2.0,200,42.71,-0.7060135369287253,False,0,0.240469,False
2026-07-26T17:00:46+00:00,req-05-0266,churn-pipeline-1.2.0,200,44.31,-1.5764474517506422,False,0,0.131247,False
2026-07-26T14:39:33+00:00,req-05-0267,churn-pipeline-1.2.0,200,60.47,-1.7794964245854532,False,0,0.112788,False
2026-07-26T02:28:19+00:00,req-05-0268,churn-pipeline-1.2.0,200,61.31,0.12354633494067302,False,0,0.390554,False
2026-07-26T12:26:31+00:00,req-05-0269,churn-pipeline-1.2.0,200,70.47,0.5883132607381084,False,0,0.487519,False
2026-07-26T17:03:40+00:00,req-05-0270,churn-pipeline-1.2.0,200,80.37,0.462636216751474,False,0,0.46089,False
2026-07-26T04:44:51+00:00,req-05-0271,churn-pipeline-1.2.0,200,58.36,0.6327581556237385,False,0,0.496961,False
2026-07-26T18:53:49+00:00,req-05-0272,churn-pipeline-1.2.0,200,65.76,-0.012506393430109381,False,0,0.363402,False
2026-07-26T20:13:38+00:00,req-05-0273,churn-pipeline-1.2.0,200,45.8,-0.2870597296874662,False,0,0.31131,False
2026-07-26T12:55:45+00:00,req-05-0274,churn-pipeline-1.2.0,200,42.27,-1.1267227934154302,False,0,0.181278,False
2026-07-26T23:08:32+00:00,req-05-0275,churn-pipeline-1.2.0,200,40.23,-0.46208365533802387,False,0,0.280341,False
2026-07-26T20:35:16+00:00,req-05-0276,churn-pipeline-1.2.0,200,80.01,-1.3874158045924792,False,0,0.150677,False
2026-07-26T11:11:44+00:00,req-05-0277,churn-pipeline-1.2.0,200,58.34,-0.8874238034832654,False,0,0.213441,False
2026-07-26T21:13:25+00:00,req-05-0278,churn-pipeline-1.2.0,200,35.72,0.09337321395994395,False,0,0.384466,False
2026-07-26T22:23:51+00:00,req-05-0279,churn-pipeline-1.2.0,200,63.7,-0.12369639191796841,False,0,0.341832,False
2026-07-26T02:35:43+00:00,req-05-0280,churn-pipeline-1.2.0,200,43.59,3.217964439789515,False,1,0.898919,False
2026-07-26T23:57:06+00:00,req-05-0281,churn-pipeline-1.2.0,200,110.58,-1.413085377380258,False,0,0.147906,False
2026-07-26T00:07:09+00:00,req-05-0282,churn-pipeline-1.2.0,200,54.01,-0.13135365687337117,False,0,0.340369,False
2026-07-26T11:40:07+00:00,req-05-0283,churn-pipeline-1.2.0,200,80.84,-1.4949187167639104,False,0,0.139352,False
2026-07-26T22:30:40+00:00,req-05-0284,churn-pipeline-1.2.0,200,92.1,-0.4071751697684485,False,0,0.289853,False
2026-07-26T17:23:04+00:00,req-05-0285,churn-pipeline-1.2.0,200,47.89,-0.36444784122094376,False,0,0.297385,False
2026-07-26T06:24:09+00:00,req-05-0286,churn-pipeline-1.2.0,200,66.6,0.8871240275447951,False,1,0.550838,False
2026-07-26T15:27:03+00:00,req-05-0287,churn-pipeline-1.2.0,200,77.59,-0.47214986617881727,False,0,0.278618,False
2026-07-26T05:09:07+00:00,req-05-0288,churn-pipeline-1.2.0,200,67.45,-0.20088558005896687,False,0,0.327227,False
2026-07-26T05:41:39+00:00,req-05-0289,churn-pipeline-1.2.0,200,72.96,-0.45183386059583047,False,0,0.282102,False
2026-07-26T21:52:44+00:00,req-05-0290,churn-pipeline-1.2.0,200,42.47,-1.4711043312600696,False,0,0.141798,False
2026-07-26T01:07:48+00:00,req-05-0291,churn-pipeline-1.2.0,200,77.61,-0.6847074903827629,False,0,0.243792,False
2026-07-26T23:05:33+00:00,req-05-0292,churn-pipeline-1.2.0,200,55.64,-0.4010335508380086,False,0,0.290929,False
2026-07-26T10:52:49+00:00,req-05-0293,churn-pipeline-1.2.0,200,72.69,0.07751717757670379,False,0,0.381282,False
2026-07-26T01:33:14+00:00,req-05-0294,churn-pipeline-1.2.0,200,87.25,0.5868946515860664,False,0,0.487218,False
2026-07-26T18:53:34+00:00,req-05-0295,churn-pipeline-1.2.0,200,80.51,-0.24632633519658065,False,0,0.318781,False
2026-07-26T01:09:27+00:00,req-05-0296,churn-pipeline-1.2.0,200,72.67,-0.26478507718041416,False,0,0.315384,False
2026-07-26T07:48:11+00:00,req-05-0297,churn-pipeline-1.2.0,200,79.83,-1.8068538164114056,False,0,0.110482,False
2026-07-26T05:46:44+00:00,req-05-0298,churn-pipeline-1.2.0,200,81.02,0.5667212431191687,False,0,0.482935,False
2026-07-26T18:49:35+00:00,req-05-0299,churn-pipeline-1.2.0,200,104.89,-0.7306927815075428,False,0,0.236658,False
2026-07-26T09:31:13+00:00,req-05-0300,churn-pipeline-1.2.0,200,64.3,0.7844794001412644,False,1,0.529169,False
2026-07-26T15:42:54+00:00,req-05-0301,churn-pipeline-1.2.0,200,68.5,1.3822619452469056,False,1,0.651337,False
2026-07-26T01:43:55+00:00,req-05-0302,churn-pipeline-1.2.0,200,87.59,-0.19731077802765548,False,0,0.327897,False
2026-07-26T16:41:34+00:00,req-05-0303,churn-pipeline-1.2.0,200,55.56,-1.0744768448041868,False,0,0.187962,False
2026-07-26T17:03:39+00:00,req-05-0304,churn-pipeline-1.2.0,500,42.4,-0.017533543740613042,False,0,0.362414,True
2026-07-26T06:51:28+00:00,req-05-0305,churn-pipeline-1.2.0,200,76.11,0.3661370979195704,False,0,0.440586,False
2026-07-26T21:09:02+00:00,req-05-0306,churn-pipeline-1.2.0,200,60.85,-0.33129600130905695,False,0,0.303307,False
2026-07-26T11:16:52+00:00,req-05-0307,churn-pipeline-1.2.0,200,44.17,-0.5922403298482901,False,0,0.258572,False
2026-07-26T16:00:48+00:00,req-05-0308,churn-pipeline-1.2.0,200,76.29,0.5917088212322844,False,0,0.48824,False
2026-07-26T04:21:39+00:00,req-05-0309,churn-pipeline-1.2.0,200,102.76,0.5224571884289049,False,0,0.473547,False
2026-07-26T22:23:16+00:00,req-05-0310,churn-pipeline-1.2.0,200,38.59,-0.3636041223435156,False,0,0.297535,False
2026-07-26T05:55:04+00:00,req-05-0311,churn-pipeline-1.2.0,200,90.16,-1.7367694735237245,False,0,0.116474,False
2026-07-26T15:01:36+00:00,req-05-0312,churn-pipeline-1.2.0,200,28.86,0.479197094648425,False,0,0.46439,False
2026-07-26T02:09:23+00:00,req-05-0313,churn-pipeline-1.2.0,200,57.19,-0.8056935531134455,False,0,0.225336,False
2026-07-26T01:04:25+00:00,req-05-0314,churn-pipeline-1.2.0,200,117.14,0.22505812913882442,False,0,0.411274,False
2026-07-26T03:02:33+00:00,req-05-0315,churn-pipeline-1.2.0,200,58.52,0.1587150932629888,False,0,0.397692,False
2026-07-26T22:37:37+00:00,req-05-0316,churn-pipeline-1.2.0,200,66.9,-1.9833947983947986,False,0,0.096574,False
2026-07-26T05:03:08+00:00,req-05-0317,churn-pipeline-1.2.0,200,82.97,0.08513576863215208,False,0,0.382811,False
2026-07-26T21:06:34+00:00,req-05-0318,churn-pipeline-1.2.0,200,37.53,0.5402591516431783,False,0,0.477321,False
2026-07-26T13:55:32+00:00,req-05-0319,churn-pipeline-1.2.0,200,66.52,0.6690100360760112,False,1,0.504664,False
2026-07-26T02:07:40+00:00,req-05-0320,churn-pipeline-1.2.0,200,66.35,0.12323403865112834,False,0,0.39049,False
2026-07-26T10:35:20+00:00,req-05-0321,churn-pipeline-1.2.0,200,117.96,-2.07604534614707,False,0,0.089918,False
2026-07-26T11:30:08+00:00,req-05-0322,churn-pipeline-1.2.0,200,43.77,1.3409351152959692,False,1,0.643318,False
2026-07-26T06:24:23+00:00,req-05-0323,churn-pipeline-1.2.0,200,57.53,0.4315738009197095,False,0,0.454337,False
2026-07-26T14:29:55+00:00,req-05-0324,churn-pipeline-1.2.0,200,48.29,-1.2634852958390013,False,0,0.164659,False
2026-07-26T20:40:00+00:00,req-05-0325,churn-pipeline-1.2.0,200,46.68,-0.8271511921661872,False,0,0.222168,False
2026-07-26T21:12:34+00:00,req-05-0326,churn-pipeline-1.2.0,200,93.24,0.24278541975924672,False,0,0.414927,False
2026-07-26T12:36:12+00:00,req-05-0327,churn-pipeline-1.2.0,200,65.56,0.7137734029631685,False,1,0.514173,False
2026-07-26T21:26:39+00:00,req-05-0328,churn-pipeline-1.2.0,200,54.41,-0.5123609991650868,False,0,0.2718,False
2026-07-26T22:09:16+00:00,req-05-0329,churn-pipeline-1.2.0,200,55.07,0.8668016777480286,False,1,0.54656,False
2026-07-26T02:06:45+00:00,req-05-0330,churn-pipeline-1.2.0,200,54.28,-1.8824051705551867,False,0,0.104327,False
2026-07-26T15:14:20+00:00,req-05-0331,churn-pipeline-1.2.0,200,55.86,-1.0945819616484767,False,0,0.185368,False
2026-07-26T18:33:31+00:00,req-05-0332,churn-pipeline-1.2.0,200,43.37,-2.167582210334187,False,0,0.083751,False
2026-07-26T00:22:44+00:00,req-05-0333,churn-pipeline-1.2.0,200,59.84,-0.9422754000131779,False,0,0.205718,False
2026-07-26T14:28:54+00:00,req-05-0334,churn-pipeline-1.2.0,200,57.94,1.5834810437712996,False,1,0.689109,False
2026-07-26T21:55:24+00:00,req-05-0335,churn-pipeline-1.2.0,200,51.0,2.1606923463146726,False,1,0.783569,False
2026-07-26T06:26:14+00:00,req-05-0336,churn-pipeline-1.2.0,200,68.31,0.24631999164196478,False,0,0.415657,False
2026-07-26T20:34:44+00:00,req-05-0337,churn-pipeline-1.2.0,200,70.19,-0.6703506676319824,False,0,0.246049,False
2026-07-26T22:24:48+00:00,req-05-0338,churn-pipeline-1.2.0,200,54.39,-0.2327218958934906,False,0,0.321298,False
2026-07-26T15:14:47+00:00,req-05-0339,churn-pipeline-1.2.0,200,62.07,0.4970068853746733,False,0,0.468157,False
2026-07-26T15:06:28+00:00,req-05-0340,churn-pipeline-1.2.0,200,129.69,-1.6411298942210366,False,0,0.125104,False
2026-07-26T12:50:04+00:00,req-05-0341,churn-pipeline-1.2.0,200,128.11,-0.601124134780265,False,0,0.257127,False
2026-07-26T09:48:59+00:00,req-05-0342,churn-pipeline-1.2.0,200,46.39,1.5066377281727616,False,1,0.674946,False
2026-07-26T10:52:12+00:00,req-05-0343,churn-pipeline-1.2.0,200,48.51,-1.0979955727947808,False,0,0.18493,False
2026-07-26T12:32:14+00:00,req-05-0344,churn-pipeline-1.2.0,200,46.31,-0.7864761442246201,False,0,0.2282,False
2026-07-26T11:34:19+00:00,req-05-0345,churn-pipeline-1.2.0,200,91.16,0.013853338780512522,False,0,0.368601,False
2026-07-26T19:49:31+00:00,req-05-0346,churn-pipeline-1.2.0,200,57.22,0.29729937247994465,False,0,0.426219,False
2026-07-26T18:27:40+00:00,req-05-0347,churn-pipeline-1.2.0,200,70.18,-0.6562542485094459,False,0,0.248278,False
2026-07-26T08:20:31+00:00,req-05-0348,churn-pipeline-1.2.0,200,123.15,0.08081260241455321,False,0,0.381943,False
2026-07-26T12:18:55+00:00,req-05-0349,churn-pipeline-1.2.0,200,64.78,0.6383365104264116,False,0,0.498147,False
2026-07-26T05:09:56+00:00,req-05-0350,churn-pipeline-1.2.0,200,81.48,2.05952441495183,False,1,0.768631,False
2026-07-26T04:13:28+00:00,req-05-0351,churn-pipeline-1.2.0,200,76.78,-0.13255659840651995,False,0,0.340139,False
2026-07-26T08:51:08+00:00,req-05-0352,churn-pipeline-1.2.0,200,53.85,-0.04336218110759089,False,0,0.357356,False
2026-07-26T01:23:46+00:00,req-05-0353,churn-pipeline-1.2.0,200,91.22,1.6038249632784862,False,1,0.692802,False
2026-07-26T20:30:36+00:00,req-05-0354,churn-pipeline-1.2.0,200,49.53,-0.576624151213,False,0,0.261125,False
2026-07-26T03:01:42+00:00,req-05-0355,churn-pipeline-1.2.0,200,99.8,-1.3905706844002899,False,0,0.150334,False
2026-07-26T07:50:13+00:00,req-05-0356,churn-pipeline-1.2.0,200,53.86,0.2627614244419106,False,0,0.419055,False
2026-07-26T06:02:04+00:00,req-05-0357,churn-pipeline-1.2.0,200,55.78,1.1299837763423108,False,1,0.601204,False
2026-07-26T04:57:50+00:00,req-05-0358,churn-pipeline-1.2.0,200,45.88,0.37909949195966974,False,0,0.443304,False
2026-07-26T08:49:32+00:00,req-05-0359,churn-pipeline-1.2.0,200,48.36,-0.10186644042460806,False,0,0.346019,False
2026-07-26T17:15:44+00:00,req-05-0360,churn-pipeline-1.2.0,200,56.7,-1.5208130417915808,False,0,0.136733,False
2026-07-26T21:25:04+00:00,req-05-0361,churn-pipeline-1.2.0,200,29.86,-0.061287707531791795,False,0,0.353865,False
2026-07-26T04:31:46+00:00,req-05-0362,churn-pipeline-1.2.0,200,60.32,1.2948126726321534,False,1,0.634273,False
2026-07-26T05:44:17+00:00,req-05-0363,churn-pipeline-1.2.0,200,55.25,-1.2958229356161826,False,0,0.160913,False
2026-07-26T11:16:17+00:00,req-05-0364,churn-pipeline-1.2.0,200,83.7,-0.25698453249343495,False,0,0.316817,False
2026-07-26T07:40:13+00:00,req-05-0365,churn-pipeline-1.2.0,200,74.42,-0.4068589687662788,False,0,0.289908,False
2026-07-26T19:11:59+00:00,req-05-0366,churn-pipeline-1.2.0,200,51.83,-0.7325897991696325,False,0,0.236367,False
2026-07-26T05:21:08+00:00,req-05-0367,churn-pipeline-1.2.0,200,56.13,0.26031915474495604,False,0,0.41855,False
2026-07-26T09:39:27+00:00,req-05-0368,churn-pipeline-1.2.0,200,60.3,0.465470503318808,False,0,0.461489,False
2026-07-26T13:05:52+00:00,req-05-0369,churn-pipeline-1.2.0,200,104.57,0.45446825003310864,False,0,0.459166,False
2026-07-26T09:09:22+00:00,req-05-0370,churn-pipeline-1.2.0,200,49.96,-1.0256502517958812,False,0,0.194379,False
2026-07-26T14:48:36+00:00,req-05-0371,churn-pipeline-1.2.0,200,51.63,-1.728282879050367,False,0,0.117218,False
2026-07-26T19:11:17+00:00,req-05-0372,churn-pipeline-1.2.0,200,45.3,0.27550785835726493,False,0,0.421695,False
2026-07-26T12:46:15+00:00,req-05-0373,churn-pipeline-1.2.0,200,40.45,-0.5312149935567845,False,0,0.26864,False
2026-07-26T10:57:50+00:00,req-05-0374,churn-pipeline-1.2.0,200,71.71,1.930227998671125,False,1,0.748512,False
2026-07-26T22:50:40+00:00,req-05-0375,churn-pipeline-1.2.0,200,69.36,1.9787351808156934,False,1,0.756194,False
2026-07-26T23:33:45+00:00,req-05-0376,churn-pipeline-1.2.0,200,97.99,2.090224284115842,False,1,0.773239,False
2026-07-26T23:53:20+00:00,req-05-0377,churn-pipeline-1.2.0,200,90.71,-0.9871164460864489,False,0,0.19956,False
2026-07-26T00:23:40+00:00,req-05-0378,churn-pipeline-1.2.0,200,139.98,0.5978375410791982,False,0,0.489542,False
2026-07-26T20:05:51+00:00,req-05-0379,churn-pipeline-1.2.0,200,63.48,0.9145001431140583,False,1,0.556588,False
2026-07-26T21:34:09+00:00,req-05-0380,churn-pipeline-1.2.0,200,59.8,0.7962719452216223,False,1,0.531665,False
2026-07-26T19:19:37+00:00,req-05-0381,churn-pipeline-1.2.0,200,42.88,-0.3721178414035516,False,0,0.296025,False
2026-07-26T17:59:21+00:00,req-05-0382,churn-pipeline-1.2.0,200,81.23,1.3431231481135923,False,1,0.643745,False
2026-07-26T08:47:06+00:00,req-05-0383,churn-pipeline-1.2.0,200,67.51,0.0004987356848489347,False,0,0.365963,False
2026-07-26T17:25:26+00:00,req-05-0384,churn-pipeline-1.2.0,200,80.06,0.13451143118221137,False,0,0.392774,False
2026-07-26T13:54:53+00:00,req-05-0385,churn-pipeline-1.2.0,200,45.14,-1.6147251243660008,False,0,0.127581,False
2026-07-26T19:57:19+00:00,req-05-0386,churn-pipeline-1.2.0,200,72.74,0.6770032180516381,False,1,0.506363,False
2026-07-26T08:26:07+00:00,req-05-0387,churn-pipeline-1.2.0,200,69.41,-0.27343229925103146,False,0,0.313799,False
2026-07-26T17:49:22+00:00,req-05-0388,churn-pipeline-1.2.0,200,67.96,0.4880178052055514,False,0,0.466255,False
2026-07-26T18:49:28+00:00,req-05-0389,churn-pipeline-1.2.0,200,52.23,0.24686938479484916,False,0,0.41577,False
2026-07-26T20:00:45+00:00,req-05-0390,churn-pipeline-1.2.0,200,95.1,0.1899834054969594,False,0,0.404075,False
2026-07-26T04:07:26+00:00,req-05-0391,churn-pipeline-1.2.0,200,125.27,-0.047999251090018374,False,0,0.356451,False
2026-07-26T20:43:47+00:00,req-05-0392,churn-pipeline-1.2.0,200,45.56,0.8259297213934766,False,1,0.537937,False
2026-07-26T05:12:00+00:00,req-05-0393,churn-pipeline-1.2.0,200,81.85,-0.20883716372931943,False,0,0.325741,False
2026-07-26T22:29:23+00:00,req-05-0394,churn-pipeline-1.2.0,200,25.88,-1.5279572904256324,False,0,0.136018,False
2026-07-26T00:55:43+00:00,req-05-0395,churn-pipeline-1.2.0,200,80.51,0.5974033866926307,False,0,0.48945,False
2026-07-26T05:21:59+00:00,req-05-0396,churn-pipeline-1.2.0,200,35.73,-0.8494558011572205,False,0,0.218909,False
2026-07-26T14:36:52+00:00,req-05-0397,churn-pipeline-1.2.0,200,54.95,-1.3904749348162468,False,0,0.150344,False
2026-07-26T13:02:25+00:00,req-05-0398,churn-pipeline-1.2.0,200,42.7,-1.0733555008497282,False,0,0.188108,False
2026-07-26T16:31:29+00:00,req-05-0399,churn-pipeline-1.2.0,200,60.67,0.29749899832476695,False,0,0.42626,False
2026-07-26T09:41:07+00:00,req-05-0400,churn-pipeline-1.2.0,200,85.01,-0.10134474324959261,False,0,0.346119,False
2026-07-26T00:04:50+00:00,req-05-0401,churn-pipeline-1.2.0,200,35.88,-2.23931718115649,False,0,0.079189,False
2026-07-26T14:49:27+00:00,req-05-0402,churn-pipeline-1.2.0,200,57.94,-0.4028387402053031,False,0,0.290612,False
2026-07-26T12:15:31+00:00,req-05-0403,churn-pipeline-1.2.0,200,55.15,1.2276927862235028,False,1,0.62094,False
2026-07-26T12:12:29+00:00,req-05-0404,churn-pipeline-1.2.0,200,107.8,-0.47386045448004777,False,0,0.278326,False
2026-07-26T09:02:41+00:00,req-05-0405,churn-pipeline-1.2.0,200,74.63,-0.17375038109897212,False,0,0.332325,False
2026-07-26T21:22:20+00:00,req-05-0406,churn-pipeline-1.2.0,500,44.6,1.0951410091935103,False,1,0.594083,True
2026-07-26T19:01:01+00:00,req-05-0407,churn-pipeline-1.2.0,200,55.9,0.8352637211147627,False,1,0.539908,False
2026-07-26T04:20:57+00:00,req-05-0408,churn-pipeline-1.2.0,200,106.95,1.0728386420342966,False,1,0.589503,False
2026-07-26T00:56:00+00:00,req-05-0409,churn-pipeline-1.2.0,200,81.69,-2.9111812905563883,False,0,0.046331,False
2026-07-26T04:21:09+00:00,req-05-0410,churn-pipeline-1.2.0,200,48.45,1.8201991903642163,False,1,0.730502,False
2026-07-26T01:09:56+00:00,req-05-0411,churn-pipeline-1.2.0,200,59.68,0.6682204571993255,False,1,0.504497,False
2026-07-26T17:01:22+00:00,req-05-0412,churn-pipeline-1.2.0,200,60.29,2.5845502347253575,False,1,0.838467,False
2026-07-26T14:53:06+00:00,req-05-0413,churn-pipeline-1.2.0,200,54.72,-0.8214423323129981,False,0,0.223007,False
2026-07-26T11:06:42+00:00,req-05-0414,churn-pipeline-1.2.0,200,37.6,-1.851623135931356,False,0,0.106797,False
2026-07-26T14:11:57+00:00,req-05-0415,churn-pipeline-1.2.0,200,52.33,0.007579379561435212,False,0,0.36736,False
2026-07-26T19:24:00+00:00,req-05-0416,churn-pipeline-1.2.0,200,101.39,-0.28914094624501896,False,0,0.310931,False
2026-07-26T19:56:46+00:00,req-05-0417,churn-pipeline-1.2.0,200,57.54,0.6863471827955624,False,1,0.508348,False
2026-07-26T10:25:42+00:00,req-05-0418,churn-pipeline-1.2.0,200,62.89,1.1286747618156736,False,1,0.600938,False
2026-07-26T14:12:51+00:00,req-05-0419,churn-pipeline-1.2.0,200,67.99,-0.09165885212347195,False,0,0.347985,False
2026-07-26T13:50:45+00:00,req-05-0420,churn-pipeline-1.2.0,200,132.18,-0.2527434481033621,False,0,0.317598,False
2026-07-26T22:47:05+00:00,req-05-0421,churn-pipeline-1.2.0,200,65.18,0.5488558104919337,False,0,0.479144,False
2026-07-26T18:16:33+00:00,req-05-0422,churn-pipeline-1.2.0,200,92.25,-0.26914509897712263,False,0,0.314584,False
2026-07-26T07:32:42+00:00,req-05-0423,churn-pipeline-1.2.0,200,53.68,-0.35698120594162686,False,0,0.298713,False
2026-07-26T21:17:11+00:00,req-05-0424,churn-pipeline-1.2.0,200,59.82,1.0889916856090502,False,1,0.592822,False
2026-07-26T09:33:00+00:00,req-05-0425,churn-pipeline-1.2.0,200,65.26,1.3227667497487512,False,1,0.639767,False
2026-07-26T18:11:08+00:00,req-05-0426,churn-pipeline-1.2.0,200,50.74,1.1381645560562483,False,1,0.60287,False
2026-07-26T23:27:51+00:00,req-05-0427,churn-pipeline-1.2.0,200,60.9,-0.1766411983618018,False,0,0.33178,False
2026-07-26T19:24:51+00:00,req-05-0428,churn-pipeline-1.2.0,200,86.36,-2.246778437140842,False,0,0.078728,False
2026-07-26T02:34:50+00:00,req-05-0429,churn-pipeline-1.2.0,200,50.31,-0.15561639071249064,False,0,0.335754,False
2026-07-26T04:56:12+00:00,req-05-0430,churn-pipeline-1.2.0,200,65.0,-0.7958790133109012,False,0,0.226795,False
2026-07-26T19:06:06+00:00,req-05-0431,churn-pipeline-1.2.0,200,81.55,-0.13621126996111743,False,0,0.339443,False
2026-07-26T02:57:37+00:00,req-05-0432,churn-pipeline-1.2.0,200,49.93,-0.7046454373534893,False,0,0.240681,False
2026-07-26T00:16:39+00:00,req-05-0433,churn-pipeline-1.2.0,200,92.29,-0.021776848238882082,False,0,0.361581,False
2026-07-26T06:11:38+00:00,req-05-0434,churn-pipeline-1.2.0,200,66.53,-1.0912394106931427,False,0,0.185797,False
2026-07-26T11:40:34+00:00,req-05-0435,churn-pipeline-1.2.0,200,61.65,-1.3447533085542978,False,0,0.155376,False
2026-07-26T03:04:55+00:00,req-05-0436,churn-pipeline-1.2.0,200,34.18,1.2838260566994368,False,1,0.632104,False
2026-07-26T03:40:53+00:00,req-05-0437,churn-pipeline-1.2.0,200,57.68,-1.0181404940360361,False,0,0.195381,False
2026-07-26T08:07:59+00:00,req-05-0438,churn-pipeline-1.2.0,200,73.21,0.0003482065191712309,False,0,0.365933,False
2026-07-26T14:22:21+00:00,req-05-0439,churn-pipeline-1.2.0,200,113.62,1.0022405889329773,False,1,0.574908,False
2026-07-26T13:03:58+00:00,req-05-0440,churn-pipeline-1.2.0,200,77.95,0.9600193325410513,False,1,0.566115,False
2026-07-26T19:09:21+00:00,req-05-0441,churn-pipeline-1.2.0,200,93.2,0.8345906151611189,False,1,0.539766,False
2026-07-26T23:32:16+00:00,req-05-0442,churn-pipeline-1.2.0,200,44.14,0.31800984022661205,False,0,0.430529,False
2026-07-26T00:47:34+00:00,req-05-0443,churn-pipeline-1.2.0,200,62.41,0.7602034739636923,False,1,0.524025,False
2026-07-26T16:31:08+00:00,req-05-0444,churn-pipeline-1.2.0,200,96.07,1.4417425392364622,False,1,0.662729,False
2026-07-26T03:55:49+00:00,req-05-0445,churn-pipeline-1.2.0,200,48.93,0.44627372369514207,False,0,0.457436,False
2026-07-26T08:39:04+00:00,req-05-0446,churn-pipeline-1.2.0,200,88.52,-1.9290624641548928,False,0,0.100679,False
2026-07-26T08:13:21+00:00,req-05-0447,churn-pipeline-1.2.0,200,82.19,-0.5549598664576015,False,0,0.264693,False
2026-07-26T16:49:03+00:00,req-05-0448,churn-pipeline-1.2.0,200,70.97,0.7311885753081921,False,1,0.51787,False
2026-07-26T06:08:21+00:00,req-05-0449,churn-pipeline-1.2.0,200,58.51,-0.6584507303948745,False,0,0.24793,False
2026-07-26T21:28:12+00:00,req-05-0450,churn-pipeline-1.2.0,200,47.41,1.701111446431576,False,1,0.710115,False
2026-07-26T09:11:50+00:00,req-05-0451,churn-pipeline-1.2.0,200,114.72,-0.06633881957475309,False,0,0.352884,False
2026-07-26T19:33:42+00:00,req-05-0452,churn-pipeline-1.2.0,200,79.57,0.08951120992740808,False,0,0.38369,False
2026-07-26T22:50:41+00:00,req-05-0453,churn-pipeline-1.2.0,200,72.49,1.1809814088468222,False,1,0.61155,False
2026-07-26T12:15:19+00:00,req-05-0454,churn-pipeline-1.2.0,200,56.96,-0.19199239217475741,False,0,0.328894,False
2026-07-26T02:25:44+00:00,req-05-0455,churn-pipeline-1.2.0,200,65.79,0.18509088751459535,False,0,0.403074,False
2026-07-26T16:50:01+00:00,req-05-0456,churn-pipeline-1.2.0,200,68.52,0.9440796581990679,False,1,0.562784,False
2026-07-26T10:09:31+00:00,req-05-0457,churn-pipeline-1.2.0,200,73.87,-1.5458841466253705,False,0,0.134237,False
2026-07-26T08:07:13+00:00,req-05-0458,churn-pipeline-1.2.0,200,82.22,-0.2995630705069271,False,0,0.309036,False
2026-07-26T10:58:12+00:00,req-05-0459,churn-pipeline-1.2.0,200,50.6,0.8706109601480762,False,1,0.547362,False
2026-07-26T07:11:41+00:00,req-05-0460,churn-pipeline-1.2.0,200,40.65,0.06888015575972377,False,0,0.379552,False
2026-07-26T06:43:41+00:00,req-05-0461,churn-pipeline-1.2.0,200,66.78,1.5407005026813543,False,1,0.681266,False
2026-07-26T23:45:05+00:00,req-05-0462,churn-pipeline-1.2.0,200,37.16,-1.6547195260962644,False,0,0.123845,False
2026-07-26T06:41:02+00:00,req-05-0463,churn-pipeline-1.2.0,200,58.6,-1.77450185634344,False,0,0.113214,False
2026-07-26T11:00:26+00:00,req-05-0464,churn-pipeline-1.2.0,200,55.23,0.8081708424538537,False,1,0.534183,False
2026-07-26T17:09:14+00:00,req-05-0465,churn-pipeline-1.2.0,200,76.08,0.9090975756794135,False,1,0.555454,False
2026-07-26T05:18:09+00:00,req-05-0466,churn-pipeline-1.2.0,200,122.59,-0.202912507173425,False,0,0.326848,False
2026-07-26T14:49:41+00:00,req-05-0467,churn-pipeline-1.2.0,200,34.89,0.42041412004801054,False,0,0.451986,False
2026-07-26T21:29:32+00:00,req-05-0468,churn-pipeline-1.2.0,200,134.58,0.782467326512977,False,1,0.528743,False
2026-07-26T19:30:28+00:00,req-05-0469,churn-pipeline-1.2.0,200,60.33,-0.8545563661443338,False,0,0.218168,False
2026-07-27T09:43:18+00:00,req-06-0000,churn-pipeline-1.2.0,200,71.71,-1.51329500003222,False,0,0.137489,False
2026-07-27T23:08:39+00:00,req-06-0001,churn-pipeline-1.2.0,200,56.06,0.1858266522897528,False,0,0.403225,False
2026-07-27T20:19:49+00:00,req-06-0002,churn-pipeline-1.2.0,200,68.96,1.220999118482157,False,1,0.6196,False
2026-07-27T23:18:16+00:00,req-06-0003,churn-pipeline-1.2.0,200,68.31,0.8842219534735313,False,1,0.550227,False
2026-07-27T11:53:46+00:00,req-06-0004,churn-pipeline-1.2.0,200,73.56,-0.13301993581665442,False,0,0.340051,False
2026-07-27T08:14:29+00:00,req-06-0005,churn-pipeline-1.2.0,200,76.27,-1.9324322813472568,False,0,0.10042,False
2026-07-27T23:52:18+00:00,req-06-0006,churn-pipeline-1.2.0,200,58.23,0.7514874576920001,False,1,0.522177,False
2026-07-27T17:29:01+00:00,req-06-0007,churn-pipeline-1.2.0,500,68.94,0.15371177751778603,False,0,0.396673,True
2026-07-27T19:02:26+00:00,req-06-0008,churn-pipeline-1.2.0,200,70.1,0.4455686646789214,False,0,0.457288,False
2026-07-27T04:23:05+00:00,req-06-0009,churn-pipeline-1.2.0,200,29.88,2.0329079403176396,False,1,0.764583,False
2026-07-27T20:51:39+00:00,req-06-0010,churn-pipeline-1.2.0,200,79.94,-0.8660522110071861,False,0,0.216506,False
2026-07-27T12:40:30+00:00,req-06-0011,churn-pipeline-1.2.0,500,68.19,-3.018556729778145,False,0,0.042461,True
2026-07-27T18:33:35+00:00,req-06-0012,churn-pipeline-1.2.0,200,77.86,-1.1061273067002448,False,0,0.18389,False
2026-07-27T19:48:02+00:00,req-06-0013,churn-pipeline-1.2.0,200,43.06,0.5103473216812122,False,0,0.470981,False
2026-07-27T02:32:31+00:00,req-06-0014,churn-pipeline-1.2.0,200,58.75,0.028272196835442534,False,0,0.371458,False
2026-07-27T02:22:40+00:00,req-06-0015,churn-pipeline-1.2.0,200,45.84,-1.2764179360786159,False,0,0.163153,False
2026-07-27T01:33:38+00:00,req-06-0016,churn-pipeline-1.2.0,200,82.49,-1.4907032523352521,False,0,0.139782,False
2026-07-27T15:25:50+00:00,req-06-0017,churn-pipeline-1.2.0,200,41.46,-0.3723394666082652,False,0,0.295985,False
2026-07-27T21:57:42+00:00,req-06-0018,churn-pipeline-1.2.0,200,48.29,-1.3083994033758959,False,0,0.159475,False
2026-07-27T00:43:21+00:00,req-06-0019,churn-pipeline-1.2.0,200,77.12,0.5466650891672516,False,0,0.478679,False
2026-07-27T03:19:00+00:00,req-06-0020,churn-pipeline-1.2.0,200,53.14,-0.43199823305758245,False,0,0.285529,False
2026-07-27T11:39:43+00:00,req-06-0021,churn-pipeline-1.2.0,200,48.29,-0.6584737785482974,False,0,0.247926,False
2026-07-27T09:23:21+00:00,req-06-0022,churn-pipeline-1.2.0,200,86.88,-0.796190223069157,False,0,0.226749,False
2026-07-27T02:28:19+00:00,req-06-0023,churn-pipeline-1.2.0,200,88.03,0.27627886290962406,False,0,0.421855,False
2026-07-27T14:38:16+00:00,req-06-0024,churn-pipeline-1.2.0,200,81.9,0.04473968494803755,False,0,0.374732,False
2026-07-27T21:43:49+00:00,req-06-0025,churn-pipeline-1.2.0,200,85.28,0.21205513335572362,False,0,0.408601,False
2026-07-27T05:05:08+00:00,req-06-0026,churn-pipeline-1.2.0,200,60.36,0.1891359159961021,False,0,0.403902,False
2026-07-27T00:04:04+00:00,req-06-0027,churn-pipeline-1.2.0,200,60.88,-0.0758053134265418,False,0,0.351048,False
2026-07-27T05:24:24+00:00,req-06-0028,churn-pipeline-1.2.0,200,52.83,-1.0847871126309951,False,0,0.186628,False
2026-07-27T04:25:49+00:00,req-06-0029,churn-pipeline-1.2.0,200,68.58,-0.7668991330678253,False,0,0.231144,False
2026-07-27T11:11:23+00:00,req-06-0030,churn-pipeline-1.2.0,200,54.9,-0.41440865039588376,False,0,0.288589,False
2026-07-27T02:34:32+00:00,req-06-0031,churn-pipeline-1.2.0,200,56.59,2.168454999992738,False,1,0.784686,False
2026-07-27T08:39:41+00:00,req-06-0032,churn-pipeline-1.2.0,200,78.76,-1.416278136437652,False,0,0.147564,False
2026-07-27T02:52:00+00:00,req-06-0033,churn-pipeline-1.2.0,200,94.96,-0.4399253284827351,False,0,0.284156,False
2026-07-27T16:14:16+00:00,req-06-0034,churn-pipeline-1.2.0,200,73.83,0.1031804131160132,False,0,0.386441,False
2026-07-27T11:15:38+00:00,req-06-0035,churn-pipeline-1.2.0,200,115.42,-0.3184993909361172,False,0,0.30561,False
2026-07-27T01:48:06+00:00,req-06-0036,churn-pipeline-1.2.0,200,51.86,1.1276680185096246,False,1,0.600732,False
2026-07-27T01:02:56+00:00,req-06-0037,churn-pipeline-1.2.0,200,36.1,-0.3239228270280097,False,0,0.304632,False
2026-07-27T11:43:48+00:00,req-06-0038,churn-pipeline-1.2.0,200,81.7,-0.24626846910813988,False,0,0.318792,False
2026-07-27T14:12:11+00:00,req-06-0039,churn-pipeline-1.2.0,200,50.77,0.8553599392971332,False,1,0.544149,False
2026-07-27T04:10:56+00:00,req-06-0040,churn-pipeline-1.2.0,200,59.55,1.901247246064295,False,1,0.743847,False
2026-07-27T07:45:52+00:00,req-06-0041,churn-pipeline-1.2.0,200,36.89,1.4778732926457445,False,1,0.669559,False
2026-07-27T14:33:41+00:00,req-06-0042,churn-pipeline-1.2.0,500,48.75,-0.14348657831460082,False,0,0.338057,True
2026-07-27T11:18:29+00:00,req-06-0043,churn-pipeline-1.2.0,200,40.19,-0.05198992231902345,False,0,0.355674,False
2026-07-27T02:47:20+00:00,req-06-0044,churn-pipeline-1.2.0,200,56.57,0.04905520702341414,False,0,0.375591,False
2026-07-27T09:23:25+00:00,req-06-0045,churn-pipeline-1.2.0,200,57.29,0.15434937888571482,False,0,0.396803,False
2026-07-27T04:44:35+00:00,req-06-0046,churn-pipeline-1.2.0,200,66.9,-0.8897155200652056,False,0,0.213114,False
2026-07-27T22:14:30+00:00,req-06-0047,churn-pipeline-1.2.0,200,96.65,0.983423488798211,False,1,0.570995,False
2026-07-27T19:17:36+00:00,req-06-0048,churn-pipeline-1.2.0,200,80.72,0.2169395841089259,False,0,0.409604,False
2026-07-27T07:29:19+00:00,req-06-0049,churn-pipeline-1.2.0,200,38.68,-0.04709899825607944,False,0,0.356627,False
2026-07-27T05:38:38+00:00,req-06-0050,churn-pipeline-1.2.0,200,78.96,-1.3347026453870265,False,0,0.156501,False
2026-07-27T03:13:53+00:00,req-06-0051,churn-pipeline-1.2.0,200,67.37,0.06540051891514309,False,0,0.378855,False
2026-07-27T17:41:22+00:00,req-06-0052,churn-pipeline-1.2.0,200,63.0,-1.9878729183818455,False,0,0.096242,False
2026-07-27T22:02:16+00:00,req-06-0053,churn-pipeline-1.2.0,200,64.53,-0.6107318112338437,False,0,0.25557,False
2026-07-27T06:33:12+00:00,req-06-0054,churn-pipeline-1.2.0,200,69.4,-0.5912525918031586,False,0,0.258733,False
2026-07-27T15:21:16+00:00,req-06-0055,churn-pipeline-1.2.0,200,52.09,0.3013449527419999,False,0,0.42706,False
2026-07-27T05:38:26+00:00,req-06-0056,churn-pipeline-1.2.0,200,61.32,1.9738425261925607,False,1,0.755426,False
2026-07-27T22:00:30+00:00,req-06-0057,churn-pipeline-1.2.0,200,94.94,0.600502838948709,False,0,0.490108,False
2026-07-27T07:10:46+00:00,req-06-0058,churn-pipeline-1.2.0,200,51.89,1.520822176267394,False,1,0.677586,False
2026-07-27T02:18:21+00:00,req-06-0059,churn-pipeline-1.2.0,200,46.75,0.6774727817587557,False,1,0.506463,False
2026-07-27T21:08:32+00:00,req-06-0060,churn-pipeline-1.2.0,200,63.73,1.1813061641719962,False,1,0.611616,False
2026-07-27T22:41:33+00:00,req-06-0061,churn-pipeline-1.2.0,200,45.27,1.9499837205902615,False,1,0.75166,False
2026-07-27T09:31:55+00:00,req-06-0062,churn-pipeline-1.2.0,200,37.45,-0.7684286739173677,False,0,0.230913,False
2026-07-27T21:46:30+00:00,req-06-0063,churn-pipeline-1.2.0,200,58.22,-0.8369596558380785,False,0,0.22073,False
2026-07-27T05:51:00+00:00,req-06-0064,churn-pipeline-1.2.0,200,103.33,0.7022514455011875,False,1,0.511726,False
2026-07-27T06:30:05+00:00,req-06-0065,churn-pipeline-1.2.0,200,64.2,-0.0038623767653581005,False,0,0.365103,False
2026-07-27T12:52:45+00:00,req-06-0066,churn-pipeline-1.2.0,200,68.82,0.23137152444730877,False,0,0.412574,False
2026-07-27T14:24:36+00:00,req-06-0067,churn-pipeline-1.2.0,200,32.88,-0.2611002367127287,False,0,0.316061,False
2026-07-27T09:15:19+00:00,req-06-0068,churn-pipeline-1.2.0,200,74.78,-0.6260716528759532,False,0,0.253097,False
2026-07-27T19:11:26+00:00,req-06-0069,churn-pipeline-1.2.0,200,66.97,1.7018029022137766,False,1,0.710236,False
2026-07-27T18:57:53+00:00,req-06-0070,churn-pipeline-1.2.0,200,52.54,-1.15485416951091,False,0,0.177756,False
2026-07-27T02:54:10+00:00,req-06-0071,churn-pipeline-1.2.0,200,68.86,0.7207118722036214,False,1,0.515646,False
2026-07-27T23:46:14+00:00,req-06-0072,churn-pipeline-1.2.0,200,68.64,0.5504397000169724,False,0,0.47948,False
2026-07-27T03:49:13+00:00,req-06-0073,churn-pipeline-1.2.0,200,46.31,-1.6579639624487563,False,0,0.123546,False
2026-07-27T12:38:16+00:00,req-06-0074,churn-pipeline-1.2.0,200,72.28,-0.8723193464932735,False,0,0.215604,False
2026-07-27T10:09:10+00:00,req-06-0075,churn-pipeline-1.2.0,200,95.34,-0.695825088997361,False,0,0.242054,False
2026-07-27T10:50:31+00:00,req-06-0076,churn-pipeline-1.2.0,200,60.43,0.5928133189824208,False,0,0.488475,False
2026-07-27T03:05:00+00:00,req-06-0077,churn-pipeline-1.2.0,200,49.24,-0.38538686122707855,False,0,0.29368,False
2026-07-27T08:13:58+00:00,req-06-0078,churn-pipeline-1.2.0,200,61.41,-0.0898692969413456,False,0,0.34833,False
2026-07-27T00:43:41+00:00,req-06-0079,churn-pipeline-1.2.0,200,85.44,-1.5305297248339642,False,0,0.135761,False
2026-07-27T23:21:36+00:00,req-06-0080,churn-pipeline-1.2.0,200,43.9,2.4422073025510795,False,1,0.821402,False
2026-07-27T03:27:08+00:00,req-06-0081,churn-pipeline-1.2.0,200,78.22,0.07475539967647189,False,0,0.380728,False
2026-07-27T11:35:55+00:00,req-06-0082,churn-pipeline-1.2.0,200,52.32,0.5239509421617911,False,0,0.473863,False
2026-07-27T05:11:04+00:00,req-06-0083,churn-pipeline-1.2.0,200,70.24,-0.5676567629934836,False,0,0.262598,False
2026-07-27T04:16:18+00:00,req-06-0084,churn-pipeline-1.2.0,200,54.26,-0.6852586934212438,False,0,0.243706,False
2026-07-27T09:21:54+00:00,req-06-0085,churn-pipeline-1.2.0,200,54.21,2.008318887701208,False,1,0.7608,False
2026-07-27T23:15:40+00:00,req-06-0086,churn-pipeline-1.2.0,200,105.82,-2.012557687356961,False,0,0.094433,False
2026-07-27T11:28:35+00:00,req-06-0087,churn-pipeline-1.2.0,200,41.41,0.2925794218523155,False,0,0.425238,False
2026-07-27T23:03:40+00:00,req-06-0088,churn-pipeline-1.2.0,200,75.92,-1.272079085663288,False,0,0.163657,False
2026-07-27T19:50:56+00:00,req-06-0089,churn-pipeline-1.2.0,200,113.12,-0.4252512121168552,False,0,0.2867,False
2026-07-27T10:27:26+00:00,req-06-0090,churn-pipeline-1.2.0,200,80.94,-0.669999191057722,False,0,0.246104,False
2026-07-27T21:37:42+00:00,req-06-0091,churn-pipeline-1.2.0,200,42.45,-1.0352765675902103,False,0,0.193101,False
2026-07-27T08:21:23+00:00,req-06-0092,churn-pipeline-1.2.0,200,43.13,0.037213816191643864,False,0,0.373234,False
2026-07-27T12:02:03+00:00,req-06-0093,churn-pipeline-1.2.0,200,51.1,-2.6964306046713693,False,0,0.055098,False
2026-07-27T16:19:49+00:00,req-06-0094,churn-pipeline-1.2.0,200,68.37,-0.33126290601463215,False,0,0.303312,False
2026-07-27T14:08:46+00:00,req-06-0095,churn-pipeline-1.2.0,200,69.87,-0.09480447411747386,False,0,0.347378,False
2026-07-27T19:53:39+00:00,req-06-0096,churn-pipeline-1.2.0,200,43.27,-1.4272403737263133,False,0,0.146396,False
2026-07-27T03:54:34+00:00,req-06-0097,churn-pipeline-1.2.0,200,49.16,1.588879657521853,False,1,0.690092,False
2026-07-27T11:57:53+00:00,req-06-0098,churn-pipeline-1.2.0,200,50.13,-0.6241812935371807,False,0,0.253401,False
2026-07-27T15:57:11+00:00,req-06-0099,churn-pipeline-1.2.0,200,61.35,-0.24935845458807884,False,0,0.318222,False
2026-07-27T07:56:22+00:00,req-06-0100,churn-pipeline-1.2.0,200,122.67,-0.6218301221104378,False,0,0.253779,False
2026-07-27T20:48:21+00:00,req-06-0101,churn-pipeline-1.2.0,200,48.22,-0.08564442645211533,False,0,0.349145,False
2026-07-27T07:14:00+00:00,req-06-0102,churn-pipeline-1.2.0,200,47.55,1.3735512981813518,False,1,0.649654,False
2026-07-27T07:13:39+00:00,req-06-0103,churn-pipeline-1.2.0,200,45.23,2.5966665941196485,False,1,0.839857,False
2026-07-27T07:50:18+00:00,req-06-0104,churn-pipeline-1.2.0,200,79.66,0.7829211638856914,False,1,0.528839,False
2026-07-27T16:14:07+00:00,req-06-0105,churn-pipeline-1.2.0,200,64.15,1.1423934553203599,False,1,0.603731,False
2026-07-27T02:49:58+00:00,req-06-0106,churn-pipeline-1.2.0,200,48.79,1.8022488555509362,False,1,0.727487,False
2026-07-27T03:25:44+00:00,req-06-0107,churn-pipeline-1.2.0,200,57.88,0.2613146306047799,False,0,0.418756,False
2026-07-27T18:41:12+00:00,req-06-0108,churn-pipeline-1.2.0,200,50.46,1.6487634172924635,False,1,0.700871,False
2026-07-27T04:58:31+00:00,req-06-0109,churn-pipeline-1.2.0,200,71.46,0.8320211890099234,False,1,0.539224,False
2026-07-27T02:31:08+00:00,req-06-0110,churn-pipeline-1.2.0,200,153.45,0.15118672727715055,False,0,0.39616,False
2026-07-27T06:19:39+00:00,req-06-0111,churn-pipeline-1.2.0,200,77.53,0.3678580861740413,False,0,0.440947,False
2026-07-27T09:33:34+00:00,req-06-0112,churn-pipeline-1.2.0,200,63.09,-1.9124878115362156,False,0,0.101962,False
2026-07-27T00:47:41+00:00,req-06-0113,churn-pipeline-1.2.0,200,52.54,0.30672522346845726,False,0,0.428179,False
2026-07-27T20:02:19+00:00,req-06-0114,churn-pipeline-1.2.0,200,42.29,-1.6209348964686112,False,0,0.126995,False
2026-07-27T02:49:11+00:00,req-06-0115,churn-pipeline-1.2.0,200,82.2,-1.706532609191663,False,0,0.119145,False
2026-07-27T09:41:54+00:00,req-06-0116,churn-pipeline-1.2.0,200,80.78,0.20252262347648609,False,0,0.406644,False
2026-07-27T04:51:03+00:00,req-06-0117,churn-pipeline-1.2.0,200,55.99,-1.169782524960057,False,0,0.175909,False
2026-07-27T07:04:27+00:00,req-06-0118,churn-pipeline-1.2.0,500,95.84,-0.00746943886854659,False,0,0.364393,True
2026-07-27T01:05:09+00:00,req-06-0119,churn-pipeline-1.2.0,200,65.44,0.14535624531735802,False,0,0.394975,False
2026-07-27T22:45:29+00:00,req-06-0120,churn-pipeline-1.2.0,200,83.29,0.19220208085799165,False,0,0.404529,False
2026-07-27T22:29:48+00:00,req-06-0121,churn-pipeline-1.2.0,200,71.46,-0.9493274773942065,False,0,0.20474,False
2026-07-27T03:02:13+00:00,req-06-0122,churn-pipeline-1.2.0,200,61.42,0.9436165016052588,False,1,0.562687,False
2026-07-27T04:44:05+00:00,req-06-0123,churn-pipeline-1.2.0,200,47.89,-0.09369699828938291,False,0,0.347592,False
2026-07-27T21:14:11+00:00,req-06-0124,churn-pipeline-1.2.0,200,62.04,0.46312946417972006,False,0,0.460994,False
2026-07-27T09:57:31+00:00,req-06-0125,churn-pipeline-1.2.0,200,85.1,-1.2562615946443465,False,0,0.165505,False
2026-07-27T01:29:23+00:00,req-06-0126,churn-pipeline-1.2.0,200,55.25,-0.18724393463578629,False,0,0.329785,False
2026-07-27T03:15:39+00:00,req-06-0127,churn-pipeline-1.2.0,200,74.82,1.1521592074336262,False,1,0.605715,False
2026-07-27T09:55:28+00:00,req-06-0128,churn-pipeline-1.2.0,200,45.97,1.0186865133991365,False,1,0.578321,False
2026-07-27T13:23:26+00:00,req-06-0129,churn-pipeline-1.2.0,200,83.43,-0.8371573170706137,False,0,0.220701,False
2026-07-27T15:09:40+00:00,req-06-0130,churn-pipeline-1.2.0,200,71.85,-0.5728361001035878,False,0,0.261747,False
2026-07-27T03:40:36+00:00,req-06-0131,churn-pipeline-1.2.0,200,44.24,-1.0381210665670098,False,0,0.192725,False
2026-07-27T08:52:51+00:00,req-06-0132,churn-pipeline-1.2.0,200,60.5,-0.6892335641739259,False,0,0.243083,False
2026-07-27T06:15:56+00:00,req-06-0133,churn-pipeline-1.2.0,200,87.57,-1.4690209177418554,False,0,0.142013,False
2026-07-27T12:49:49+00:00,req-06-0134,churn-pipeline-1.2.0,200,43.45,-0.14508466602889772,False,0,0.337753,False
2026-07-27T07:42:52+00:00,req-06-0135,churn-pipeline-1.2.0,200,46.14,0.6647953180919862,False,1,0.503769,False
2026-07-27T04:53:45+00:00,req-06-0136,churn-pipeline-1.2.0,200,63.57,-0.8243055069911326,False,0,0.222586,False
2026-07-27T19:33:53+00:00,req-06-0137,churn-pipeline-1.2.0,200,128.64,-0.09513659679423579,False,0,0.347314,False
2026-07-27T13:39:24+00:00,req-06-0138,churn-pipeline-1.2.0,200,52.41,,True,0,0.365864,False
2026-07-27T11:22:29+00:00,req-06-0139,churn-pipeline-1.2.0,200,76.16,1.1078746681781302,False,1,0.59669,False
2026-07-27T03:13:45+00:00,req-06-0140,churn-pipeline-1.2.0,200,70.64,-0.6421714286446424,False,0,0.250519,False
2026-07-27T01:41:57+00:00,req-06-0141,churn-pipeline-1.2.0,200,53.83,-0.6039769130333941,False,0,0.256664,False
2026-07-27T19:06:22+00:00,req-06-0142,churn-pipeline-1.2.0,200,68.44,-0.8883221847069794,False,0,0.213312,False
2026-07-27T23:14:48+00:00,req-06-0143,churn-pipeline-1.2.0,200,56.32,-1.1943849960824122,False,0,0.172898,False
2026-07-27T14:00:39+00:00,req-06-0144,churn-pipeline-1.2.0,200,57.97,,True,0,0.365864,False
2026-07-27T00:56:17+00:00,req-06-0145,churn-pipeline-1.2.0,200,38.2,-0.14186633614700256,False,0,0.338366,False
2026-07-27T11:33:58+00:00,req-06-0146,churn-pipeline-1.2.0,200,64.49,0.05755035281446696,False,0,0.377286,False
2026-07-27T06:43:28+00:00,req-06-0147,churn-pipeline-1.2.0,200,86.67,1.3383732140051667,False,1,0.642818,False
2026-07-27T01:18:43+00:00,req-06-0148,churn-pipeline-1.2.0,200,66.21,1.398684762224265,False,1,0.654501,False
2026-07-27T03:25:06+00:00,req-06-0149,churn-pipeline-1.2.0,200,92.14,-1.7285460232265437,False,0,0.117195,False
2026-07-27T11:59:40+00:00,req-06-0150,churn-pipeline-1.2.0,200,78.26,0.6802264067503457,False,1,0.507048,False
2026-07-27T10:14:42+00:00,req-06-0151,churn-pipeline-1.2.0,200,63.77,0.23692927199674865,False,0,0.41372,False
2026-07-27T13:31:32+00:00,req-06-0152,churn-pipeline-1.2.0,200,53.17,-0.4846705491032333,False,0,0.276484,False
2026-07-27T16:38:30+00:00,req-06-0153,churn-pipeline-1.2.0,200,55.63,0.34406787137933953,False,0,0.435968,False
2026-07-27T06:22:33+00:00,req-06-0154,churn-pipeline-1.2.0,200,40.6,-1.812702396981825,False,0,0.109995,False
2026-07-27T06:52:16+00:00,req-06-0155,churn-pipeline-1.2.0,200,59.68,1.5357744599152192,False,1,0.680356,False
2026-07-27T16:15:43+00:00,req-06-0156,churn-pipeline-1.2.0,200,68.11,0.540691301925503,False,0,0.477412,False
2026-07-27T04:43:53+00:00,req-06-0157,churn-pipeline-1.2.0,200,112.54,-0.9084576320742921,False,0,0.210454,False
2026-07-27T01:50:32+00:00,req-06-0158,churn-pipeline-1.2.0,200,76.97,-0.6146807329105001,False,0,0.254932,False
2026-07-27T20:29:08+00:00,req-06-0159,churn-pipeline-1.2.0,200,49.29,-1.7883037993248125,False,0,0.112041,False
2026-07-27T05:00:30+00:00,req-06-0160,churn-pipeline-1.2.0,200,41.01,-0.3296551123280668,False,0,0.303601,False
2026-07-27T02:54:04+00:00,req-06-0161,churn-pipeline-1.2.0,200,60.84,-0.5068685761026122,False,0,0.272725,False
2026-07-27T17:42:04+00:00,req-06-0162,churn-pipeline-1.2.0,200,84.28,-1.391365906479947,False,0,0.150248,False
2026-07-27T12:45:49+00:00,req-06-0163,churn-pipeline-1.2.0,200,60.57,0.815537345395267,False,1,0.535741,False
2026-07-27T03:31:59+00:00,req-06-0164,churn-pipeline-1.2.0,200,77.31,1.3406370491791992,False,1,0.64326,False
2026-07-27T20:24:46+00:00,req-06-0165,churn-pipeline-1.2.0,200,61.34,-0.028728514546701656,False,0,0.360218,False
2026-07-27T05:53:35+00:00,req-06-0166,churn-pipeline-1.2.0,200,81.76,-0.3209292269886864,False,0,0.305172,False
2026-07-27T16:13:29+00:00,req-06-0167,churn-pipeline-1.2.0,200,38.99,0.4567338322383835,False,0,0.459644,False
2026-07-27T15:37:13+00:00,req-06-0168,churn-pipeline-1.2.0,200,108.61,-0.02062091061979522,False,0,0.361807,False
2026-07-27T19:54:41+00:00,req-06-0169,churn-pipeline-1.2.0,200,45.53,-1.1362881770427458,False,0,0.180074,False
2026-07-27T17:29:31+00:00,req-06-0170,churn-pipeline-1.2.0,200,83.8,-0.6853118859166243,False,0,0.243697,False
2026-07-27T16:52:24+00:00,req-06-0171,churn-pipeline-1.2.0,200,59.58,-0.3112578070854324,False,0,0.306918,False
2026-07-27T01:14:08+00:00,req-06-0172,churn-pipeline-1.2.0,200,62.63,0.26059592420053074,False,0,0.418607,False
2026-07-27T22:30:51+00:00,req-06-0173,churn-pipeline-1.2.0,200,60.17,0.009803553770291603,False,0,0.3678,False
2026-07-27T03:02:17+00:00,req-06-0174,churn-pipeline-1.2.0,200,70.54,0.22088784898647168,False,0,0.410416,False
2026-07-27T06:05:06+00:00,req-06-0175,churn-pipeline-1.2.0,200,75.25,-1.601069382448118,False,0,0.128879,False
2026-07-27T10:42:24+00:00,req-06-0176,churn-pipeline-1.2.0,200,91.2,0.6984786312891755,False,1,0.510925,False
2026-07-27T06:55:18+00:00,req-06-0177,churn-pipeline-1.2.0,200,102.0,0.0035866782089379067,False,0,0.366572,False
2026-07-27T14:13:37+00:00,req-06-0178,churn-pipeline-1.2.0,500,72.28,2.6803445068576615,False,1,0.849194,True
2026-07-27T01:16:11+00:00,req-06-0179,churn-pipeline-1.2.0,200,112.48,-0.40701608868523365,False,0,0.289881,False
2026-07-27T10:53:26+00:00,req-06-0180,churn-pipeline-1.2.0,200,66.96,0.33963141986484097,False,0,0.435041,False
2026-07-27T08:23:12+00:00,req-06-0181,churn-pipeline-1.2.0,200,91.76,2.970680120318927,False,1,0.878156,False
2026-07-27T15:31:46+00:00,req-06-0182,churn-pipeline-1.2.0,200,74.56,0.20379621097833778,False,0,0.406905,False
2026-07-27T12:28:30+00:00,req-06-0183,churn-pipeline-1.2.0,200,54.52,-0.07101206623981757,False,0,0.351977,False
2026-07-27T18:08:37+00:00,req-06-0184,churn-pipeline-1.2.0,200,68.88,-1.036267989488184,False,0,0.19297,False
2026-07-27T03:56:48+00:00,req-06-0185,churn-pipeline-1.2.0,200,76.36,1.6046796855694343,False,1,0.692956,False
2026-07-27T22:47:20+00:00,req-06-0186,churn-pipeline-1.2.0,200,64.33,-1.2170566654853987,False,0,0.170159,False
2026-07-27T09:24:40+00:00,req-06-0187,churn-pipeline-1.2.0,200,74.18,0.44847696269052806,False,0,0.457901,False
2026-07-27T08:23:49+00:00,req-06-0188,churn-pipeline-1.2.0,200,85.74,-0.49723308737380056,False,0,0.274353,False
2026-07-27T13:09:35+00:00,req-06-0189,churn-pipeline-1.2.0,200,64.52,-0.1988030757069234,False,0,0.327617,False
2026-07-27T03:54:52+00:00,req-06-0190,churn-pipeline-1.2.0,200,25.34,-1.495128882040561,False,0,0.139331,False
2026-07-27T19:32:57+00:00,req-06-0191,churn-pipeline-1.2.0,200,111.21,1.4102835828205897,False,1,0.656727,False
2026-07-27T06:20:16+00:00,req-06-0192,churn-pipeline-1.2.0,200,59.1,-0.29168717121419047,False,0,0.310468,False
2026-07-27T22:15:30+00:00,req-06-0193,churn-pipeline-1.2.0,200,49.95,-1.2758441418376854,False,0,0.163219,False
2026-07-27T03:33:21+00:00,req-06-0194,churn-pipeline-1.2.0,200,45.36,1.315325126892096,False,1,0.638308,False
2026-07-27T20:44:26+00:00,req-06-0195,churn-pipeline-1.2.0,200,58.37,-0.5293436536891688,False,0,0.268953,False
2026-07-27T09:27:42+00:00,req-06-0196,churn-pipeline-1.2.0,200,54.29,0.35133765631725733,False,0,0.437488,False
2026-07-27T14:34:35+00:00,req-06-0197,churn-pipeline-1.2.0,200,51.34,0.8834872012410843,False,1,0.550073,False
2026-07-27T20:56:29+00:00,req-06-0198,churn-pipeline-1.2.0,200,52.25,0.497736047103036,False,0,0.468311,False
2026-07-27T03:05:57+00:00,req-06-0199,churn-pipeline-1.2.0,200,77.01,-2.306467328023987,False,0,0.075126,False
2026-07-27T08:19:45+00:00,req-06-0200,churn-pipeline-1.2.0,200,124.47,0.7301245360266765,False,1,0.517644,False
2026-07-27T22:45:41+00:00,req-06-0201,churn-pipeline-1.2.0,200,84.52,-0.10564445079838461,False,0,0.345292,False
2026-07-27T03:34:18+00:00,req-06-0202,churn-pipeline-1.2.0,200,93.09,-0.3454801316434993,False,0,0.300765,False
2026-07-27T02:28:08+00:00,req-06-0203,churn-pipeline-1.2.0,200,57.61,-0.1145286964239834,False,0,0.343587,False
2026-07-27T12:32:35+00:00,req-06-0204,churn-pipeline-1.2.0,200,67.21,-1.6905344336381358,False,0,0.120579,False
2026-07-27T00:35:35+00:00,req-06-0205,churn-pipeline-1.2.0,200,74.5,0.2017794603948928,False,0,0.406492,False
2026-07-27T23:48:23+00:00,req-06-0206,churn-pipeline-1.2.0,200,52.63,-1.432610942394776,False,0,0.145826,False
2026-07-27T21:41:23+00:00,req-06-0207,churn-pipeline-1.2.0,200,56.72,-0.30013169503446285,False,0,0.308933,False
2026-07-27T04:30:58+00:00,req-06-0208,churn-pipeline-1.2.0,200,85.44,0.1640776531151212,False,0,0.398784,False
2026-07-27T04:08:41+00:00,req-06-0209,churn-pipeline-1.2.0,200,92.14,1.127738942386995,False,1,0.600747,False
2026-07-27T18:40:08+00:00,req-06-0210,churn-pipeline-1.2.0,200,66.42,-0.8605938178527003,False,0,0.217294,False
2026-07-27T12:29:51+00:00,req-06-0211,churn-pipeline-1.2.0,200,44.34,,True,0,0.365864,False
2026-07-27T19:45:38+00:00,req-06-0212,churn-pipeline-1.2.0,200,59.13,0.9941959161909049,False,1,0.573236,False
2026-07-27T23:13:22+00:00,req-06-0213,churn-pipeline-1.2.0,200,40.98,-0.4508802296150629,False,0,0.282266,False
2026-07-27T09:37:55+00:00,req-06-0214,churn-pipeline-1.2.0,200,66.58,-1.164186729722733,False,0,0.176599,False
2026-07-27T06:05:35+00:00,req-06-0215,churn-pipeline-1.2.0,200,70.54,-1.5160069913419423,False,0,0.137216,False
2026-07-27T14:52:09+00:00,req-06-0216,churn-pipeline-1.2.0,200,59.61,0.28534154410979634,False,0,0.423735,False
2026-07-27T15:14:25+00:00,req-06-0217,churn-pipeline-1.2.0,200,70.23,-0.7741483570178547,False,0,0.23005,False
2026-07-27T10:22:37+00:00,req-06-0218,churn-pipeline-1.2.0,200,74.28,1.2593246455458011,False,1,0.627247,False
2026-07-27T07:10:37+00:00,req-06-0219,churn-pipeline-1.2.0,200,70.57,-0.7135000213196839,False,0,0.239308,False
2026-07-27T06:17:45+00:00,req-06-0220,churn-pipeline-1.2.0,200,44.25,-0.9457045290545709,False,0,0.205242,False
2026-07-27T12:31:01+00:00,req-06-0221,churn-pipeline-1.2.0,200,59.94,0.24530766880652935,False,0,0.415448,False
2026-07-27T10:13:36+00:00,req-06-0222,churn-pipeline-1.2.0,200,74.11,-0.7203492000173944,False,0,0.23825,False
2026-07-27T10:58:50+00:00,req-06-0223,churn-pipeline-1.2.0,200,107.72,0.00897749303724352,False,0,0.367637,False
2026-07-27T02:17:13+00:00,req-06-0224,churn-pipeline-1.2.0,200,59.58,1.0352887965614475,False,1,0.581758,False
2026-07-27T21:08:20+00:00,req-06-0225,churn-pipeline-1.2.0,200,77.53,0.12309079825216036,False,0,0.390461,False
2026-07-27T16:58:01+00:00,req-06-0226,churn-pipeline-1.2.0,200,86.09,0.1270126837378603,False,0,0.391255,False
2026-07-27T22:03:17+00:00,req-06-0227,churn-pipeline-1.2.0,200,61.04,0.215404044353839,False,0,0.409289,False
2026-07-27T19:54:02+00:00,req-06-0228,churn-pipeline-1.2.0,200,93.87,-1.777753939799663,False,0,0.112937,False
2026-07-27T14:51:04+00:00,req-06-0229,churn-pipeline-1.2.0,200,95.5,0.4114296374270147,False,0,0.450096,False
2026-07-27T07:22:39+00:00,req-06-0230,churn-pipeline-1.2.0,200,101.1,0.16792815556219093,False,0,0.399569,False
2026-07-27T15:41:42+00:00,req-06-0231,churn-pipeline-1.2.0,200,75.27,,True,0,0.365864,False
2026-07-27T13:35:43+00:00,req-06-0232,churn-pipeline-1.2.0,200,138.33,0.636101341193975,False,0,0.497672,False
2026-07-27T22:10:15+00:00,req-06-0233,churn-pipeline-1.2.0,200,53.38,-0.21204606318578983,False,0,0.325142,False
2026-07-27T05:34:17+00:00,req-06-0234,churn-pipeline-1.2.0,200,128.26,1.0840125360862247,False,1,0.5918,False
2026-07-27T00:36:57+00:00,req-06-0235,churn-pipeline-1.2.0,200,83.12,-0.3072622324933567,False,0,0.307641,False
2026-07-27T03:03:32+00:00,req-06-0236,churn-pipeline-1.2.0,200,99.81,0.25951495928159024,False,0,0.418384,False
2026-07-27T04:12:14+00:00,req-06-0237,churn-pipeline-1.2.0,200,58.67,-0.326706902003324,False,0,0.304131,False
2026-07-27T15:55:36+00:00,req-06-0238,churn-pipeline-1.2.0,200,85.17,0.48484569516937215,False,0,0.465584,False
2026-07-27T03:31:10+00:00,req-06-0239,churn-pipeline-1.2.0,200,102.62,-0.3953142717696502,False,0,0.291932,False
2026-07-27T03:13:06+00:00,req-06-0240,churn-pipeline-1.2.0,200,45.9,1.729929189388646,False,1,0.715132,False
2026-07-27T09:31:41+00:00,req-06-0241,churn-pipeline-1.2.0,200,61.69,2.118230874086921,False,1,0.777386,False
2026-07-27T18:46:02+00:00,req-06-0242,churn-pipeline-1.2.0,200,32.76,0.9176351668953052,False,1,0.557245,False
2026-07-27T10:11:13+00:00,req-06-0243,churn-pipeline-1.2.0,200,61.39,1.6183614818847298,False,1,0.695425,False
2026-07-27T06:31:19+00:00,req-06-0244,churn-pipeline-1.2.0,200,50.06,-1.6161752049019995,False,0,0.127444,False
2026-07-27T06:49:34+00:00,req-06-0245,churn-pipeline-1.2.0,200,60.62,-1.4924466304387443,False,0,0.139604,False
2026-07-27T19:38:39+00:00,req-06-0246,churn-pipeline-1.2.0,200,165.66,-0.3376385949627737,False,0,0.302169,False
2026-07-27T10:23:55+00:00,req-06-0247,churn-pipeline-1.2.0,200,112.63,0.043292513521821306,False,0,0.374443,False
2026-07-27T08:50:38+00:00,req-06-0248,churn-pipeline-1.2.0,200,41.01,,True,0,0.365864,False
2026-07-27T18:33:47+00:00,req-06-0249,churn-pipeline-1.2.0,200,77.65,-1.7242420121146014,False,0,0.117574,False
2026-07-27T08:51:07+00:00,req-06-0250,churn-pipeline-1.2.0,200,83.94,1.2091712916398292,False,1,0.617227,False
2026-07-27T08:33:43+00:00,req-06-0251,churn-pipeline-1.2.0,200,58.34,2.2619081450247833,False,1,0.797803,False
2026-07-27T18:00:49+00:00,req-06-0252,churn-pipeline-1.2.0,200,68.82,1.3450370631312538,False,1,0.644118,False
2026-07-27T07:51:32+00:00,req-06-0253,churn-pipeline-1.2.0,200,71.0,1.1397994322257952,False,1,0.603203,False
2026-07-27T12:14:46+00:00,req-06-0254,churn-pipeline-1.2.0,200,42.24,0.23742558540288322,False,0,0.413822,False
2026-07-27T15:57:06+00:00,req-06-0255,churn-pipeline-1.2.0,200,46.73,-0.8851472392634939,False,0,0.213766,False
2026-07-27T04:49:24+00:00,req-06-0256,churn-pipeline-1.2.0,200,68.68,0.076154455267766,False,0,0.381009,False
2026-07-27T03:04:49+00:00,req-06-0257,churn-pipeline-1.2.0,200,67.1,2.2108674386835787,False,1,0.790714,False
2026-07-27T20:24:35+00:00,req-06-0258,churn-pipeline-1.2.0,500,51.81,-0.36958751813240887,False,0,0.296473,True
2026-07-27T07:07:43+00:00,req-06-0259,churn-pipeline-1.2.0,200,50.41,-0.47770511021513873,False,0,0.27767,False
2026-07-27T08:09:49+00:00,req-06-0260,churn-pipeline-1.2.0,200,63.16,1.1626688420591096,False,1,0.607846,False
2026-07-27T14:09:14+00:00,req-06-0261,churn-pipeline-1.2.0,200,86.31,1.2323703532828756,False,1,0.621875,False
2026-07-27T02:27:59+00:00,req-06-0262,churn-pipeline-1.2.0,200,63.43,-0.8902968960635438,False,0,0.213031,False
2026-07-27T01:05:38+00:00,req-06-0263,churn-pipeline-1.2.0,200,109.25,-0.2745588438992937,False,0,0.313593,False
2026-07-27T09:59:02+00:00,req-06-0264,churn-pipeline-1.2.0,200,52.03,-0.5270007706965063,False,0,0.269345,False
2026-07-27T23:14:18+00:00,req-06-0265,churn-pipeline-1.2.0,200,69.14,0.07317384801414484,False,0,0.380411,False
2026-07-27T13:46:30+00:00,req-06-0266,churn-pipeline-1.2.0,200,58.03,1.1588710044990675,False,1,0.607077,False
2026-07-27T13:52:59+00:00,req-06-0267,churn-pipeline-1.2.0,200,78.46,-0.8442288971844957,False,0,0.219669,False
2026-07-27T14:38:14+00:00,req-06-0268,churn-pipeline-1.2.0,200,50.62,1.1441480528487835,False,1,0.604088,False
2026-07-27T20:39:44+00:00,req-06-0269,churn-pipeline-1.2.0,200,120.44,0.10673381136737393,False,0,0.387158,False
2026-07-27T20:03:16+00:00,req-06-0270,churn-pipeline-1.2.0,200,37.84,2.442501743129992,False,1,0.821439,False
2026-07-27T00:34:51+00:00,req-06-0271,churn-pipeline-1.2.0,200,112.54,0.33477242858941725,False,0,0.434026,False
2026-07-27T12:59:37+00:00,req-06-0272,churn-pipeline-1.2.0,200,66.9,-0.10176449811072853,False,0,0.346038,False
2026-07-27T13:07:08+00:00,req-06-0273,churn-pipeline-1.2.0,200,77.57,0.603450463471792,False,0,0.490734,False
2026-07-27T05:22:08+00:00,req-06-0274,churn-pipeline-1.2.0,200,99.63,-0.3540035497815706,False,0,0.299243,False
2026-07-27T23:24:03+00:00,req-06-0275,churn-pipeline-1.2.0,200,85.53,-1.885036779519417,False,0,0.104118,False
2026-07-27T06:16:47+00:00,req-06-0276,churn-pipeline-1.2.0,200,51.46,-0.2525472329846529,False,0,0.317634,False
2026-07-27T20:00:45+00:00,req-06-0277,churn-pipeline-1.2.0,200,78.76,-0.26910828952268634,False,0,0.314591,False
2026-07-27T02:25:12+00:00,req-06-0278,churn-pipeline-1.2.0,200,118.15,-1.6719333335773026,False,0,0.122266,False
2026-07-27T14:26:34+00:00,req-06-0279,churn-pipeline-1.2.0,200,48.93,-0.0766869492842174,False,0,0.350878,False
2026-07-27T17:39:43+00:00,req-06-0280,churn-pipeline-1.2.0,200,128.03,-2.1704657358398673,False,0,0.083563,False
2026-07-27T12:05:56+00:00,req-06-0281,churn-pipeline-1.2.0,200,73.54,-0.3650711769132532,False,0,0.297274,False
2026-07-27T02:32:33+00:00,req-06-0282,churn-pipeline-1.2.0,200,56.59,0.25577579164690595,False,0,0.41761,False
2026-07-27T02:58:26+00:00,req-06-0283,churn-pipeline-1.2.0,200,48.84,0.10184598599514402,False,0,0.386172,False
2026-07-27T14:32:22+00:00,req-06-0284,churn-pipeline-1.2.0,200,60.52,-0.43162294653115907,False,0,0.285594,False
2026-07-27T20:42:11+00:00,req-06-0285,churn-pipeline-1.2.0,200,34.77,-0.08980692204547507,False,0,0.348342,False
2026-07-27T14:19:36+00:00,req-06-0286,churn-pipeline-1.2.0,200,56.91,-0.8232676593517223,False,0,0.222739,False
2026-07-27T02:25:12+00:00,req-06-0287,churn-pipeline-1.2.0,200,59.75,0.011357345393661516,False,0,0.368107,False
2026-07-27T18:51:07+00:00,req-06-0288,churn-pipeline-1.2.0,200,46.09,0.06099072692135948,False,0,0.377974,False
2026-07-27T11:01:13+00:00,req-06-0289,churn-pipeline-1.2.0,200,82.57,-0.9452624767965853,False,0,0.205303,False
2026-07-27T01:47:28+00:00,req-06-0290,churn-pipeline-1.2.0,200,60.61,0.2810841605345526,False,0,0.422852,False
2026-07-27T08:49:46+00:00,req-06-0291,churn-pipeline-1.2.0,200,53.03,0.2745252878344764,False,0,0.421492,False
2026-07-27T04:52:11+00:00,req-06-0292,churn-pipeline-1.2.0,200,58.57,-0.17452040926012466,False,0,0.33218,False
2026-07-27T23:40:25+00:00,req-06-0293,churn-pipeline-1.2.0,200,72.82,2.542099388101159,False,1,0.83352,False
2026-07-27T21:49:46+00:00,req-06-0294,churn-pipeline-1.2.0,200,66.54,-0.14773750601852403,False,0,0.337249,False
2026-07-27T02:32:44+00:00,req-06-0295,churn-pipeline-1.2.0,200,51.94,-0.293195957641669,False,0,0.310193,False
2026-07-27T13:44:01+00:00,req-06-0296,churn-pipeline-1.2.0,200,67.67,-0.44351276466811934,False,0,0.283537,False
2026-07-27T00:10:09+00:00,req-06-0297,churn-pipeline-1.2.0,200,63.95,-1.0194861842302196,False,0,0.195201,False
2026-07-27T10:59:04+00:00,req-06-0298,churn-pipeline-1.2.0,200,45.14,0.7201922278355735,False,1,0.515536,False
2026-07-27T03:44:30+00:00,req-06-0299,churn-pipeline-1.2.0,200,59.27,-0.7205593164204227,False,0,0.238218,False
2026-07-27T17:56:39+00:00,req-06-0300,churn-pipeline-1.2.0,200,78.24,-0.5963455543476406,False,0,0.257904,False
2026-07-27T01:43:46+00:00,req-06-0301,churn-pipeline-1.2.0,200,78.06,-0.565153637515528,False,0,0.26301,False
2026-07-27T21:39:38+00:00,req-06-0302,churn-pipeline-1.2.0,200,60.39,-1.0341906916409367,False,0,0.193245,False
2026-07-27T05:32:51+00:00,req-06-0303,churn-pipeline-1.2.0,200,80.72,-1.8386374991719592,False,0,0.107855,False
2026-07-27T06:18:44+00:00,req-06-0304,churn-pipeline-1.2.0,200,47.5,-0.48608686051715333,False,0,0.276243,False
2026-07-27T21:15:29+00:00,req-06-0305,churn-pipeline-1.2.0,200,47.98,0.9170020783479058,False,1,0.557113,False
2026-07-27T21:38:07+00:00,req-06-0306,churn-pipeline-1.2.0,200,59.98,0.20682879573850613,False,0,0.407528,False
2026-07-27T02:18:13+00:00,req-06-0307,churn-pipeline-1.2.0,200,104.96,1.6386040336975316,False,1,0.699057,False
2026-07-27T02:36:31+00:00,req-06-0308,churn-pipeline-1.2.0,200,68.49,0.7885041202386429,False,1,0.530021,False
2026-07-27T20:28:56+00:00,req-06-0309,churn-pipeline-1.2.0,200,59.52,0.550163050787747,False,0,0.479421,False
2026-07-27T23:27:51+00:00,req-06-0310,churn-pipeline-1.2.0,200,106.54,1.9767814737853509,False,1,0.755888,False
2026-07-27T11:43:46+00:00,req-06-0311,churn-pipeline-1.2.0,200,59.3,-0.10200287475337187,False,0,0.345992,False
2026-07-27T03:57:23+00:00,req-06-0312,churn-pipeline-1.2.0,200,132.89,0.0662294571801999,False,0,0.379021,False
2026-07-27T03:39:49+00:00,req-06-0313,churn-pipeline-1.2.0,200,55.19,-0.01203764274314458,False,0,0.363494,False
2026-07-27T06:23:22+00:00,req-06-0314,churn-pipeline-1.2.0,200,47.02,1.6209760677427274,False,1,0.695896,False
2026-07-27T16:26:57+00:00,req-06-0315,churn-pipeline-1.2.0,200,61.63,0.0026410822820454906,False,0,0.366385,False
2026-07-27T02:19:05+00:00,req-06-0316,churn-pipeline-1.2.0,200,60.02,-0.6806912427809595,False,0,0.244422,False
2026-07-27T15:23:42+00:00,req-06-0317,churn-pipeline-1.2.0,200,50.2,0.6170593148609944,False,0,0.493625,False
2026-07-27T19:17:17+00:00,req-06-0318,churn-pipeline-1.2.0,200,149.46,-0.8570728016098795,False,0,0.217804,False
2026-07-27T03:26:51+00:00,req-06-0319,churn-pipeline-1.2.0,200,71.98,0.5601450882446214,False,0,0.481539,False
2026-07-27T23:37:17+00:00,req-06-0320,churn-pipeline-1.2.0,200,75.41,0.43453298084892666,False,0,0.454961,False
2026-07-27T23:41:52+00:00,req-06-0321,churn-pipeline-1.2.0,200,56.07,-0.19887280119682071,False,0,0.327604,False
2026-07-27T07:07:38+00:00,req-06-0322,churn-pipeline-1.2.0,200,54.03,0.594102150691168,False,0,0.488749,False
2026-07-27T02:41:29+00:00,req-06-0323,churn-pipeline-1.2.0,200,90.25,-1.5621794268237694,False,0,0.132636,False
2026-07-27T07:48:52+00:00,req-06-0324,churn-pipeline-1.2.0,200,38.02,0.17111022739123524,False,0,0.400218,False
2026-07-27T06:12:01+00:00,req-06-0325,churn-pipeline-1.2.0,200,45.09,-0.48590365390006857,False,0,0.276274,False
2026-07-27T06:41:43+00:00,req-06-0326,churn-pipeline-1.2.0,200,60.05,3.005376756148747,False,1,0.881276,False
2026-07-27T22:11:52+00:00,req-06-0327,churn-pipeline-1.2.0,200,100.16,0.1636163231222182,False,0,0.39869,False
2026-07-27T03:42:57+00:00,req-06-0328,churn-pipeline-1.2.0,200,57.66,-0.6262116522726091,False,0,0.253075,False
2026-07-27T07:36:30+00:00,req-06-0329,churn-pipeline-1.2.0,200,74.26,-1.447216822855736,False,0,0.144287,False
2026-07-27T18:53:55+00:00,req-06-0330,churn-pipeline-1.2.0,200,65.58,1.3706765066339792,False,1,0.649098,False
2026-07-27T01:22:50+00:00,req-06-0331,churn-pipeline-1.2.0,200,98.41,-0.36753435549996677,False,0,0.296837,False
2026-07-27T01:27:26+00:00,req-06-0332,churn-pipeline-1.2.0,200,39.15,-0.8309196704291902,False,0,0.221615,False
2026-07-27T07:14:42+00:00,req-06-0333,churn-pipeline-1.2.0,200,82.26,0.3531141747095126,False,0,0.43786,False
2026-07-27T23:13:35+00:00,req-06-0334,churn-pipeline-1.2.0,200,60.99,0.6822047729759363,False,1,0.507468,False
2026-07-27T20:08:48+00:00,req-06-0335,churn-pipeline-1.2.0,200,87.39,0.6656505798700054,False,1,0.503951,False
2026-07-27T22:15:20+00:00,req-06-0336,churn-pipeline-1.2.0,200,50.01,0.02073794421232969,False,0,0.369964,False
2026-07-27T20:44:09+00:00,req-06-0337,churn-pipeline-1.2.0,200,65.51,0.16714964373105595,False,0,0.39941,False
2026-07-27T02:50:33+00:00,req-06-0338,churn-pipeline-1.2.0,200,62.9,0.2436389294647379,False,0,0.415104,False
2026-07-27T09:37:25+00:00,req-06-0339,churn-pipeline-1.2.0,200,47.16,0.35321607891031703,False,0,0.437881,False
2026-07-27T12:42:30+00:00,req-06-0340,churn-pipeline-1.2.0,200,43.15,0.4461294556965565,False,0,0.457406,False
2026-07-27T03:59:53+00:00,req-06-0341,churn-pipeline-1.2.0,200,53.98,1.1491753888708234,False,1,0.605109,False
2026-07-27T23:49:42+00:00,req-06-0342,churn-pipeline-1.2.0,200,67.76,0.05923560512714281,False,0,0.377623,False
2026-07-27T14:28:25+00:00,req-06-0343,churn-pipeline-1.2.0,200,51.02,-0.8576434291218801,False,0,0.217721,False
2026-07-27T20:27:46+00:00,req-06-0344,churn-pipeline-1.2.0,200,58.48,-0.15150628825923607,False,0,0.336534,False
2026-07-27T06:12:26+00:00,req-06-0345,churn-pipeline-1.2.0,200,35.55,0.7914698596717467,False,1,0.530649,False
2026-07-27T17:09:47+00:00,req-06-0346,churn-pipeline-1.2.0,200,57.73,-1.8758543563040881,False,0,0.104849,False
2026-07-27T02:32:31+00:00,req-06-0347,churn-pipeline-1.2.0,200,90.19,-1.8697898051405593,False,0,0.105333,False
2026-07-27T00:32:20+00:00,req-06-0348,churn-pipeline-1.2.0,200,81.45,0.9641899274619407,False,1,0.566985,False
2026-07-27T15:22:29+00:00,req-06-0349,churn-pipeline-1.2.0,200,63.22,1.5961289576938944,False,1,0.691408,False
2026-07-27T01:38:27+00:00,req-06-0350,churn-pipeline-1.2.0,200,70.27,-1.3284600367704473,False,0,0.157203,False
2026-07-27T06:37:41+00:00,req-06-0351,churn-pipeline-1.2.0,200,49.87,0.10548223437453978,False,0,0.386905,False
2026-07-27T19:03:23+00:00,req-06-0352,churn-pipeline-1.2.0,200,109.31,-0.41952236856286584,False,0,0.287697,False
2026-07-27T11:56:41+00:00,req-06-0353,churn-pipeline-1.2.0,200,125.97,-0.27387161785370506,False,0,0.313719,False
2026-07-27T09:02:04+00:00,req-06-0354,churn-pipeline-1.2.0,200,68.52,0.32080755919423637,False,0,0.431113,False
2026-07-27T06:58:18+00:00,req-06-0355,churn-pipeline-1.2.0,200,148.92,-1.3575137404612865,False,0,0.153958,False
2026-07-27T16:02:32+00:00,req-06-0356,churn-pipeline-1.2.0,200,52.29,-1.1625783755170214,False,0,0.176798,False
2026-07-27T22:54:23+00:00,req-06-0357,churn-pipeline-1.2.0,200,43.56,,True,0,0.365864,False
2026-07-27T17:44:25+00:00,req-06-0358,churn-pipeline-1.2.0,200,51.8,-0.15264437778886822,False,0,0.336318,False
2026-07-27T08:36:50+00:00,req-06-0359,churn-pipeline-1.2.0,200,60.59,-1.18225286096838,False,0,0.174378,False
2026-07-27T10:07:56+00:00,req-06-0360,churn-pipeline-1.2.0,200,136.22,0.8291300585286435,False,1,0.538613,False
2026-07-27T02:28:25+00:00,req-06-0361,churn-pipeline-1.2.0,200,59.41,-0.43843902176658506,False,0,0.284414,False
2026-07-27T03:26:28+00:00,req-06-0362,churn-pipeline-1.2.0,200,49.37,-0.44290848637018765,False,0,0.283641,False
2026-07-27T06:26:11+00:00,req-06-0363,churn-pipeline-1.2.0,200,48.76,0.2967917297413958,False,0,0.426113,False
2026-07-28T23:29:01+00:00,req-07-0000,churn-pipeline-1.2.0,200,58.46,1.2806854799087324,False,1,0.631483,False
2026-07-28T14:53:34+00:00,req-07-0001,churn-pipeline-1.2.0,200,48.1,0.9543144274486896,False,1,0.564923,False
2026-07-28T20:55:55+00:00,req-07-0002,churn-pipeline-1.2.0,200,41.35,-1.1957094387161817,False,0,0.172737,False
2026-07-28T21:10:03+00:00,req-07-0003,churn-pipeline-1.2.0,200,33.14,-0.7146842998465852,False,0,0.239125,False
2026-07-28T06:37:58+00:00,req-07-0004,churn-pipeline-1.2.0,200,38.98,0.49852930961859,False,0,0.468479,False
2026-07-28T04:24:56+00:00,req-07-0005,churn-pipeline-1.2.0,200,90.13,0.37103491532839156,False,0,0.441613,False
2026-07-28T03:50:36+00:00,req-07-0006,churn-pipeline-1.2.0,200,47.4,-1.102900618468701,False,0,0.184302,False
2026-07-28T19:03:44+00:00,req-07-0007,churn-pipeline-1.2.0,200,77.13,0.7865829187719547,False,1,0.529614,False
2026-07-28T16:03:58+00:00,req-07-0008,churn-pipeline-1.2.0,200,88.28,-0.9354178471957159,False,0,0.206672,False
2026-07-28T20:45:24+00:00,req-07-0009,churn-pipeline-1.2.0,200,65.35,1.3690181125491587,False,1,0.648776,False
2026-07-28T12:10:19+00:00,req-07-0010,churn-pipeline-1.2.0,200,59.08,0.5559216140621025,False,0,0.480643,False
2026-07-28T23:26:08+00:00,req-07-0011,churn-pipeline-1.2.0,200,67.83,-1.1885206731780074,False,0,0.173612,False
2026-07-28T21:27:28+00:00,req-07-0012,churn-pipeline-1.2.0,200,56.89,-0.5555305365365824,False,0,0.264599,False
2026-07-28T19:24:18+00:00,req-07-0013,churn-pipeline-1.2.0,200,95.55,-0.5737836452550553,False,0,0.261591,False
2026-07-28T19:16:32+00:00,req-07-0014,churn-pipeline-1.2.0,500,118.5,0.1678705573674474,False,0,0.399557,True
2026-07-28T02:58:13+00:00,req-07-0015,churn-pipeline-1.2.0,200,103.37,-0.214175742913115,False,0,0.324745,False
2026-07-28T17:52:29+00:00,req-07-0016,churn-pipeline-1.2.0,200,32.65,-1.2027633590508726,False,0,0.171882,False
2026-07-28T22:43:51+00:00,req-07-0017,churn-pipeline-1.2.0,200,56.52,-1.4639721035337048,False,0,0.142537,False
2026-07-28T07:00:42+00:00,req-07-0018,churn-pipeline-1.2.0,200,65.09,0.5764745011177544,False,0,0.485005,False
2026-07-28T19:33:35+00:00,req-07-0019,churn-pipeline-1.2.0,200,75.38,0.3005487077923713,False,0,0.426894,False
2026-07-28T08:24:00+00:00,req-07-0020,churn-pipeline-1.2.0,200,37.4,0.11081443506528331,False,0,0.387981,False
2026-07-28T05:05:44+00:00,req-07-0021,churn-pipeline-1.2.0,200,37.21,0.2842684519084837,False,0,0.423512,False
2026-07-28T17:31:59+00:00,req-07-0022,churn-pipeline-1.2.0,200,98.75,-0.6498651049012869,False,0,0.249293,False
2026-07-28T03:57:53+00:00,req-07-0023,churn-pipeline-1.2.0,200,54.35,0.19319197566390092,False,0,0.404732,False
2026-07-28T11:33:01+00:00,req-07-0024,churn-pipeline-1.2.0,200,40.38,2.665430843233481,False,1,0.847563,False
2026-07-28T22:28:26+00:00,req-07-0025,churn-pipeline-1.2.0,200,45.66,1.2332954767845004,False,1,0.62206,False
2026-07-28T03:45:54+00:00,req-07-0026,churn-pipeline-1.2.0,200,73.65,-0.30282887350782906,False,0,0.308444,False
2026-07-28T03:44:12+00:00,req-07-0027,churn-pipeline-1.2.0,200,49.96,-0.549540334456302,False,0,0.265591,False
2026-07-28T22:37:47+00:00,req-07-0028,churn-pipeline-1.2.0,200,70.23,-3.003461367366145,False,0,0.042986,False
2026-07-28T18:39:01+00:00,req-07-0029,churn-pipeline-1.2.0,200,47.52,1.122128860633933,False,1,0.599603,False
2026-07-28T11:04:43+00:00,req-07-0030,churn-pipeline-1.2.0,200,37.2,0.8259356214635535,False,1,0.537938,False
2026-07-28T09:43:34+00:00,req-07-0031,churn-pipeline-1.2.0,200,102.53,-0.5710193677403171,False,0,0.262045,False
2026-07-28T23:08:09+00:00,req-07-0032,churn-pipeline-1.2.0,200,73.83,-1.503293067020984,False,0,0.138501,False
2026-07-28T17:22:16+00:00,req-07-0033,churn-pipeline-1.2.0,200,58.42,-1.2130308153492122,False,0,0.170643,False
2026-07-28T21:47:50+00:00,req-07-0034,churn-pipeline-1.2.0,200,55.01,0.466617755603394,False,0,0.461731,False
2026-07-28T02:12:15+00:00,req-07-0035,churn-pipeline-1.2.0,200,103.87,-0.09380777034564002,False,0,0.34757,False
2026-07-28T12:43:53+00:00,req-07-0036,churn-pipeline-1.2.0,200,78.55,0.7261716184876453,False,1,0.516805,False
2026-07-28T17:24:05+00:00,req-07-0037,churn-pipeline-1.2.0,200,93.82,0.09076529528659254,False,0,0.383942,False
2026-07-28T00:51:30+00:00,req-07-0038,churn-pipeline-1.2.0,200,53.93,1.0150967737223087,False,1,0.577576,False
2026-07-28T12:17:09+00:00,req-07-0039,churn-pipeline-1.2.0,200,66.06,0.3880538974118593,False,0,0.445183,False
2026-07-28T01:20:07+00:00,req-07-0040,churn-pipeline-1.2.0,200,73.93,0.8702351491687149,False,1,0.547283,False
2026-07-28T21:36:32+00:00,req-07-0041,churn-pipeline-1.2.0,200,54.51,-2.1941675814680344,False,0,0.082033,False
2026-07-28T16:20:34+00:00,req-07-0042,churn-pipeline-1.2.0,200,63.04,-1.296062849022333,False,0,0.160886,False
2026-07-28T04:31:17+00:00,req-07-0043,churn-pipeline-1.2.0,200,53.93,-0.38256925338200876,False,0,0.294177,False
2026-07-28T12:30:53+00:00,req-07-0044,churn-pipeline-1.2.0,200,73.85,1.1335472241452542,False,1,0.60193,False
2026-07-28T02:37:28+00:00,req-07-0045,churn-pipeline-1.2.0,200,42.59,1.9745562123711269,False,1,0.755538,False
2026-07-28T19:17:33+00:00,req-07-0046,churn-pipeline-1.2.0,200,78.06,-0.1724475715062218,False,0,0.332571,False
2026-07-28T04:42:33+00:00,req-07-0047,churn-pipeline-1.2.0,200,71.8,-0.642159067082589,False,0,0.250521,False
2026-07-28T14:34:28+00:00,req-07-0048,churn-pipeline-1.2.0,200,60.91,-2.0527169714706934,False,0,0.091554,False
2026-07-28T01:53:08+00:00,req-07-0049,churn-pipeline-1.2.0,200,75.06,0.9067419522768222,False,1,0.55496,False
2026-07-28T03:47:22+00:00,req-07-0050,churn-pipeline-1.2.0,200,57.84,-0.5777001039542008,False,0,0.260948,False
2026-07-28T23:31:25+00:00,req-07-0051,churn-pipeline-1.2.0,200,52.45,3.1062514028260626,False,1,0.889958,False
2026-07-28T09:15:37+00:00,req-07-0052,churn-pipeline-1.2.0,200,77.35,-0.776374116036239,False,0,0.229716,False
2026-07-28T02:56:54+00:00,req-07-0053,churn-pipeline-1.2.0,200,78.43,2.210538851703698,False,1,0.790668,False
2026-07-28T16:47:50+00:00,req-07-0054,churn-pipeline-1.2.0,200,55.26,0.7857857527668404,False,1,0.529445,False
2026-07-28T04:49:13+00:00,req-07-0055,churn-pipeline-1.2.0,200,53.76,-1.079677619287435,False,0,0.187289,False
2026-07-28T14:08:45+00:00,req-07-0056,churn-pipeline-1.2.0,200,61.3,0.2437509780757659,False,0,0.415127,False
2026-07-28T19:25:56+00:00,req-07-0057,churn-pipeline-1.2.0,200,54.48,0.8099495528779896,False,1,0.534559,False
2026-07-28T16:24:07+00:00,req-07-0058,churn-pipeline-1.2.0,200,105.89,-0.23651480214241222,False,0,0.320595,False
2026-07-28T05:55:19+00:00,req-07-0059,churn-pipeline-1.2.0,200,71.93,0.8798818460799135,False,1,0.549314,False
2026-07-28T05:41:13+00:00,req-07-0060,churn-pipeline-1.2.0,200,65.3,0.856755017316093,False,1,0.544443,False
2026-07-28T05:20:06+00:00,req-07-0061,churn-pipeline-1.2.0,200,48.23,0.6261554256238379,False,0,0.495558,False
2026-07-28T15:10:00+00:00,req-07-0062,churn-pipeline-1.2.0,200,82.34,-0.017297036449880895,False,0,0.36246,False
2026-07-28T16:08:07+00:00,req-07-0063,churn-pipeline-1.2.0,200,53.45,-1.233687093771433,False,0,0.168173,False
2026-07-28T12:30:11+00:00,req-07-0064,churn-pipeline-1.2.0,200,52.75,-0.08062464424899514,False,0,0.350116,False
2026-07-28T09:34:13+00:00,req-07-0065,churn-pipeline-1.2.0,200,83.23,0.18486789690163516,False,0,0.403028,False
2026-07-28T01:29:25+00:00,req-07-0066,churn-pipeline-1.2.0,200,73.58,-1.9698534145897157,False,0,0.097583,False
2026-07-28T20:03:05+00:00,req-07-0067,churn-pipeline-1.2.0,200,29.17,0.17769708179091098,False,0,0.401563,False
2026-07-28T15:50:38+00:00,req-07-0068,churn-pipeline-1.2.0,200,61.8,-0.1016413280506505,False,0,0.346062,False
2026-07-28T15:19:06+00:00,req-07-0069,churn-pipeline-1.2.0,200,67.66,-1.3614573743242022,False,0,0.153522,False
2026-07-28T02:29:21+00:00,req-07-0070,churn-pipeline-1.2.0,200,58.31,-0.34965671022634465,False,0,0.300019,False
2026-07-28T06:55:01+00:00,req-07-0071,churn-pipeline-1.2.0,200,68.42,-0.32743866417601386,False,0,0.304,False
2026-07-28T07:17:27+00:00,req-07-0072,churn-pipeline-1.2.0,200,36.43,2.0265992601680898,False,1,0.763616,False
2026-07-28T14:21:00+00:00,req-07-0073,churn-pipeline-1.2.0,200,26.27,0.2311242634862354,False,0,0.412523,False
2026-07-28T18:53:45+00:00,req-07-0074,churn-pipeline-1.2.0,200,47.57,1.0878475138803287,False,1,0.592587,False
2026-07-28T20:47:42+00:00,req-07-0075,churn-pipeline-1.2.0,200,71.14,-0.12370606971518107,False,0,0.34183,False
2026-07-28T12:31:47+00:00,req-07-0076,churn-pipeline-1.2.0,200,23.16,-1.967612342676838,False,0,0.097751,False
2026-07-28T08:44:51+00:00,req-07-0077,churn-pipeline-1.2.0,200,49.62,0.7059589412627046,False,1,0.512514,False
2026-07-28T09:47:40+00:00,req-07-0078,churn-pipeline-1.2.0,200,35.13,-0.6910960660669185,False,0,0.242792,False
2026-07-28T17:40:31+00:00,req-07-0079,churn-pipeline-1.2.0,200,60.14,-0.35238013648730615,False,0,0.299533,False
2026-07-28T07:38:02+00:00,req-07-0080,churn-pipeline-1.2.0,200,121.62,-1.1056198115712441,False,0,0.183955,False
2026-07-28T09:58:47+00:00,req-07-0081,churn-pipeline-1.2.0,200,60.64,0.07640625711742785,False,0,0.381059,False
2026-07-28T18:52:12+00:00,req-07-0082,churn-pipeline-1.2.0,200,62.8,1.1184372797035749,False,1,0.598849,False
2026-07-28T13:02:01+00:00,req-07-0083,churn-pipeline-1.2.0,200,85.02,0.9793750138983575,False,1,0.570151,False
2026-07-28T11:13:30+00:00,req-07-0084,churn-pipeline-1.2.0,200,65.44,1.6654989831744227,False,1,0.703845,False
2026-07-28T17:36:31+00:00,req-07-0085,churn-pipeline-1.2.0,200,60.68,,True,0,0.365864,False
2026-07-28T06:55:37+00:00,req-07-0086,churn-pipeline-1.2.0,200,87.44,-2.148167941771135,False,0,0.085026,False
2026-07-28T01:27:09+00:00,req-07-0087,churn-pipeline-1.2.0,200,75.6,-1.2533015889755885,False,0,0.165853,False
2026-07-28T18:55:16+00:00,req-07-0088,churn-pipeline-1.2.0,200,71.29,-1.8986011572428807,False,0,0.103048,False
2026-07-28T10:55:07+00:00,req-07-0089,churn-pipeline-1.2.0,200,62.18,0.6635269309090697,False,1,0.503499,False
2026-07-28T07:48:40+00:00,req-07-0090,churn-pipeline-1.2.0,200,58.19,-0.7277358729891104,False,0,0.237113,False
2026-07-28T02:17:06+00:00,req-07-0091,churn-pipeline-1.2.0,200,87.17,-0.5136393484361261,False,0,0.271585,False
2026-07-28T22:13:53+00:00,req-07-0092,churn-pipeline-1.2.0,200,58.37,-0.22742730352382812,False,0,0.32228,False
2026-07-28T17:24:00+00:00,req-07-0093,churn-pipeline-1.2.0,200,96.39,0.40169922249528917,False,0,0.448049,False
2026-07-28T06:34:40+00:00,req-07-0094,churn-pipeline-1.2.0,200,46.49,-1.5595871004067792,False,0,0.132889,False
2026-07-28T14:35:14+00:00,req-07-0095,churn-pipeline-1.2.0,200,102.84,-1.3218066357657916,False,0,0.157953,False
2026-07-28T11:08:38+00:00,req-07-0096,churn-pipeline-1.2.0,200,75.6,0.0013610168576621425,False,0,0.366133,False
2026-07-28T07:50:46+00:00,req-07-0097,churn-pipeline-1.2.0,200,47.68,1.2586832329621909,False,1,0.62712,False
2026-07-28T07:28:43+00:00,req-07-0098,churn-pipeline-1.2.0,200,76.5,-0.02666727341363895,False,0,0.360622,False
2026-07-28T01:49:50+00:00,req-07-0099,churn-pipeline-1.2.0,200,52.79,-0.831242691701134,False,0,0.221567,False
2026-07-28T23:23:40+00:00,req-07-0100,churn-pipeline-1.2.0,200,65.7,-2.255619114354518,False,0,0.078184,False
2026-07-28T22:13:09+00:00,req-07-0101,churn-pipeline-1.2.0,200,55.63,1.000309364313293,False,1,0.574507,False
2026-07-28T20:53:33+00:00,req-07-0102,churn-pipeline-1.2.0,200,62.29,-0.7727282318600042,False,0,0.230264,False
2026-07-28T07:33:36+00:00,req-07-0103,churn-pipeline-1.2.0,200,87.85,-1.2048087615393073,False,0,0.171634,False
2026-07-28T23:55:29+00:00,req-07-0104,churn-pipeline-1.2.0,200,76.73,-1.8010914877817201,False,0,0.110964,False
2026-07-28T06:36:32+00:00,req-07-0105,churn-pipeline-1.2.0,200,45.34,-1.5110558516990638,False,0,0.137715,False
2026-07-28T19:47:12+00:00,req-07-0106,churn-pipeline-1.2.0,200,46.18,-1.0092749314765455,False,0,0.196568,False
2026-07-28T02:25:26+00:00,req-07-0107,churn-pipeline-1.2.0,200,70.88,-0.2507911730038586,False,0,0.317958,False
2026-07-28T07:27:03+00:00,req-07-0108,churn-pipeline-1.2.0,200,72.55,-1.26917878999869,False,0,0.163995,False
2026-07-28T13:51:23+00:00,req-07-0109,churn-pipeline-1.2.0,200,52.38,0.19499343942501918,False,0,0.405101,False
2026-07-28T23:13:36+00:00,req-07-0110,churn-pipeline-1.2.0,200,108.16,-0.2587701269140074,False,0,0.316489,False
2026-07-28T06:22:32+00:00,req-07-0111,churn-pipeline-1.2.0,200,84.33,2.3330919036437536,False,1,0.807388,False
2026-07-28T10:22:38+00:00,req-07-0112,churn-pipeline-1.2.0,200,53.21,-1.789665272212295,False,0,0.111926,False
2026-07-28T20:13:42+00:00,req-07-0113,churn-pipeline-1.2.0,200,51.59,0.16955340182800088,False,0,0.399901,False
2026-07-28T11:20:05+00:00,req-07-0114,churn-pipeline-1.2.0,200,60.43,0.1827052384930049,False,0,0.402586,False
2026-07-28T16:23:11+00:00,req-07-0115,churn-pipeline-1.2.0,200,58.45,-1.082085274119306,False,0,0.186977,False
2026-07-28T10:02:23+00:00,req-07-0116,churn-pipeline-1.2.0,200,97.16,0.10001501731983371,False,0,0.385803,False
2026-07-28T00:05:38+00:00,req-07-0117,churn-pipeline-1.2.0,200,89.07,0.8080740847270514,False,1,0.534162,False
2026-07-28T06:47:39+00:00,req-07-0118,churn-pipeline-1.2.0,200,65.73,0.10131605668572415,False,0,0.386065,False
2026-07-28T13:34:34+00:00,req-07-0119,churn-pipeline-1.2.0,200,80.75,1.4536860290608296,False,1,0.664995,False
2026-07-28T00:28:01+00:00,req-07-0120,churn-pipeline-1.2.0,200,84.58,-2.2865719990001057,False,0,0.076309,False
2026-07-28T05:33:50+00:00,req-07-0121,churn-pipeline-1.2.0,200,66.22,-0.8843450834428567,False,0,0.21388,False
2026-07-28T22:52:28+00:00,req-07-0122,churn-pipeline-1.2.0,200,73.94,1.5488088495924917,False,1,0.682761,False
2026-07-28T00:22:07+00:00,req-07-0123,churn-pipeline-1.2.0,200,78.61,0.9576276499270429,False,1,0.565615,False
2026-07-28T05:56:13+00:00,req-07-0124,churn-pipeline-1.2.0,200,75.98,0.5675372968296024,False,0,0.483108,False
2026-07-28T14:51:53+00:00,req-07-0125,churn-pipeline-1.2.0,200,50.66,1.2948761768454322,False,1,0.634285,False
2026-07-28T13:30:49+00:00,req-07-0126,churn-pipeline-1.2.0,200,52.33,-2.0123857726368586,False,0,0.094445,False
2026-07-28T04:55:04+00:00,req-07-0127,churn-pipeline-1.2.0,200,59.27,0.8353911958589619,False,1,0.539935,False
2026-07-28T01:25:48+00:00,req-07-0128,churn-pipeline-1.2.0,200,51.84,1.117588670540394,False,1,0.598676,False
2026-07-28T21:35:28+00:00,req-07-0129,churn-pipeline-1.2.0,200,40.57,-0.6916351744845233,False,0,0.242708,False
2026-07-28T13:13:11+00:00,req-07-0130,churn-pipeline-1.2.0,200,80.7,2.7606989737857877,False,1,0.857734,False
2026-07-28T13:45:40+00:00,req-07-0131,churn-pipeline-1.2.0,200,72.62,0.20616641226516041,False,0,0.407392,False
2026-07-28T01:23:07+00:00,req-07-0132,churn-pipeline-1.2.0,200,42.34,-2.302407494633968,False,0,0.075366,False
2026-07-28T05:01:13+00:00,req-07-0133,churn-pipeline-1.2.0,200,60.18,0.40033559783044165,False,0,0.447763,False
2026-07-28T01:44:59+00:00,req-07-0134,churn-pipeline-1.2.0,200,61.28,-0.7558530314888688,False,0,0.232817,False
2026-07-28T23:29:56+00:00,req-07-0135,churn-pipeline-1.2.0,200,68.9,1.223245037625994,False,1,0.620049,False
2026-07-28T18:28:26+00:00,req-07-0136,churn-pipeline-1.2.0,200,45.98,0.5753412350608629,False,0,0.484765,False
2026-07-28T13:06:52+00:00,req-07-0137,churn-pipeline-1.2.0,200,42.14,-0.6278181758900006,False,0,0.252817,False
2026-07-28T16:20:26+00:00,req-07-0138,churn-pipeline-1.2.0,200,76.76,1.5775745141760409,False,1,0.688033,False
2026-07-28T03:58:16+00:00,req-07-0139,churn-pipeline-1.2.0,200,39.79,0.986423871278276,False,1,0.571619,False
2026-07-28T23:43:03+00:00,req-07-0140,churn-pipeline-1.2.0,200,60.34,-0.8693159870662066,False,0,0.216036,False
2026-07-28T12:24:49+00:00,req-07-0141,churn-pipeline-1.2.0,200,58.56,-0.15964733458889002,False,0,0.33499,False
2026-07-28T12:23:55+00:00,req-07-0142,churn-pipeline-1.2.0,200,62.49,0.5427626303022843,False,0,0.477852,False
2026-07-28T23:01:27+00:00,req-07-0143,churn-pipeline-1.2.0,200,70.47,-0.38247642591125286,False,0,0.294193,False
2026-07-28T02:18:09+00:00,req-07-0144,churn-pipeline-1.2.0,200,108.41,-0.35111937403961774,False,0,0.299758,False
2026-07-28T10:10:51+00:00,req-07-0145,churn-pipeline-1.2.0,200,38.96,0.03856127967770833,False,0,0.373502,False
2026-07-28T02:07:07+00:00,req-07-0146,churn-pipeline-1.2.0,200,86.05,-1.119088513239259,False,0,0.182243,False
2026-07-28T10:12:29+00:00,req-07-0147,churn-pipeline-1.2.0,200,29.09,-2.3444036055058164,False,0,0.072916,False
2026-07-28T06:24:44+00:00,req-07-0148,churn-pipeline-1.2.0,200,101.53,0.2510916054486395,False,0,0.416642,False
2026-07-28T11:04:01+00:00,req-07-0149,churn-pipeline-1.2.0,200,33.81,-2.0883449467599453,False,0,0.089066,False
2026-07-28T16:50:52+00:00,req-07-0150,churn-pipeline-1.2.0,200,141.75,-1.0426906383019567,False,0,0.192121,False
2026-07-28T06:43:20+00:00,req-07-0151,churn-pipeline-1.2.0,200,57.38,-1.8601614768960009,False,0,0.106107,False
2026-07-28T01:13:43+00:00,req-07-0152,churn-pipeline-1.2.0,200,98.23,-1.7308666701493685,False,0,0.116991,False
2026-07-28T03:52:58+00:00,req-07-0153,churn-pipeline-1.2.0,200,91.96,0.44767293282525616,False,0,0.457732,False
2026-07-28T17:10:43+00:00,req-07-0154,churn-pipeline-1.2.0,200,56.53,-0.23342357331307703,False,0,0.321168,False
2026-07-28T13:53:39+00:00,req-07-0155,churn-pipeline-1.2.0,200,57.93,-0.2713204782415297,False,0,0.314186,False
2026-07-28T23:29:15+00:00,req-07-0156,churn-pipeline-1.2.0,200,49.72,-1.38169687280521,False,0,0.1513,False
2026-07-28T21:27:38+00:00,req-07-0157,churn-pipeline-1.2.0,200,83.63,-0.6886415432804893,False,0,0.243176,False
2026-07-28T03:52:00+00:00,req-07-0158,churn-pipeline-1.2.0,200,56.76,0.39527791717069677,False,0,0.4467,False
2026-07-28T17:39:27+00:00,req-07-0159,churn-pipeline-1.2.0,200,50.01,-0.05469162857182565,False,0,0.355148,False
2026-07-28T02:10:02+00:00,req-07-0160,churn-pipeline-1.2.0,200,77.19,0.8638077640940846,False,1,0.545929,False
2026-07-28T02:18:30+00:00,req-07-0161,churn-pipeline-1.2.0,200,48.78,1.0133466127322104,False,1,0.577213,False
2026-07-28T19:02:08+00:00,req-07-0162,churn-pipeline-1.2.0,200,58.51,-0.26483085117112143,False,0,0.315376,False
2026-07-28T09:37:13+00:00,req-07-0163,churn-pipeline-1.2.0,200,67.27,-1.9448617502165169,False,0,0.09947,False
2026-07-28T23:56:39+00:00,req-07-0164,churn-pipeline-1.2.0,200,52.92,-0.7944771440195271,False,0,0.227004,False
2026-07-28T00:07:37+00:00,req-07-0165,churn-pipeline-1.2.0,200,55.54,-0.10257374491632636,False,0,0.345883,False
2026-07-28T12:03:45+00:00,req-07-0166,churn-pipeline-1.2.0,200,106.23,-0.8153114046043201,False,0,0.223912,False
2026-07-28T07:23:26+00:00,req-07-0167,churn-pipeline-1.2.0,200,60.89,-1.107355421900441,False,0,0.183734,False
2026-07-28T23:38:59+00:00,req-07-0168,churn-pipeline-1.2.0,200,57.93,0.07323989843466044,False,0,0.380425,False
2026-07-28T16:03:54+00:00,req-07-0169,churn-pipeline-1.2.0,200,61.46,2.551818257869945,False,1,0.834663,False
2026-07-28T18:31:30+00:00,req-07-0170,churn-pipeline-1.2.0,200,75.17,-0.5125974651381939,False,0,0.271761,False
2026-07-28T06:57:56+00:00,req-07-0171,churn-pipeline-1.2.0,200,46.69,-0.002946145116363562,False,0,0.365284,False
2026-07-28T21:28:02+00:00,req-07-0172,churn-pipeline-1.2.0,200,74.52,-1.377637671092538,False,0,0.151743,False
2026-07-28T20:10:24+00:00,req-07-0173,churn-pipeline-1.2.0,200,70.54,1.3055711077935892,False,1,0.636391,False
2026-07-28T18:49:00+00:00,req-07-0174,churn-pipeline-1.2.0,200,36.67,0.9184801955189944,False,1,0.557423,False
2026-07-28T11:27:25+00:00,req-07-0175,churn-pipeline-1.2.0,200,115.42,0.8460208464392133,False,1,0.542179,False
2026-07-28T22:07:36+00:00,req-07-0176,churn-pipeline-1.2.0,200,103.74,1.4277856018699824,False,1,0.660073,False
2026-07-28T16:03:36+00:00,req-07-0177,churn-pipeline-1.2.0,200,50.31,-0.44870842242954767,False,0,0.28264,False
2026-07-28T01:34:37+00:00,req-07-0178,churn-pipeline-1.2.0,200,45.39,-0.31753871083790297,False,0,0.305783,False
2026-07-28T21:12:45+00:00,req-07-0179,churn-pipeline-1.2.0,200,69.92,1.7953724584809825,False,1,0.726327,False
2026-07-28T00:30:08+00:00,req-07-0180,churn-pipeline-1.2.0,200,41.19,0.6643645080917865,False,1,0.503677,False
2026-07-28T16:23:14+00:00,req-07-0181,churn-pipeline-1.2.0,200,100.58,-2.3301829124113693,False,0,0.073737,False
2026-07-28T05:59:53+00:00,req-07-0182,churn-pipeline-1.2.0,200,55.95,0.4775620244188601,False,0,0.464044,False
2026-07-28T21:32:08+00:00,req-07-0183,churn-pipeline-1.2.0,200,109.22,-0.6107829638080764,False,0,0.255562,False
2026-07-28T17:30:53+00:00,req-07-0184,churn-pipeline-1.2.0,200,49.93,0.9430804158894903,False,1,0.562575,False
2026-07-28T19:23:36+00:00,req-07-0185,churn-pipeline-1.2.0,200,62.71,0.42859999289118234,False,0,0.45371,False
2026-07-28T16:47:44+00:00,req-07-0186,churn-pipeline-1.2.0,200,97.5,-1.8275699022239391,False,0,0.108763,False
2026-07-28T13:36:34+00:00,req-07-0187,churn-pipeline-1.2.0,200,58.61,0.28227167902025135,False,0,0.423098,False
2026-07-28T20:43:47+00:00,req-07-0188,churn-pipeline-1.2.0,200,70.91,0.22115911361418794,False,0,0.410472,False
2026-07-28T07:08:00+00:00,req-07-0189,churn-pipeline-1.2.0,200,92.21,0.3816356107880259,False,0,0.443836,False
2026-07-28T12:40:51+00:00,req-07-0190,churn-pipeline-1.2.0,200,54.4,0.6043052945089742,False,0,0.490916,False
2026-07-28T07:09:19+00:00,req-07-0191,churn-pipeline-1.2.0,200,43.41,1.570764257812818,False,1,0.686789,False
2026-07-28T02:43:41+00:00,req-07-0192,churn-pipeline-1.2.0,200,40.76,0.43458343909501335,False,0,0.454971,False
2026-07-28T21:00:28+00:00,req-07-0193,churn-pipeline-1.2.0,200,78.34,0.024043383498187725,False,0,0.370619,False
2026-07-28T11:55:42+00:00,req-07-0194,churn-pipeline-1.2.0,200,73.61,1.2053659318976362,False,1,0.616463,False
2026-07-28T01:17:35+00:00,req-07-0195,churn-pipeline-1.2.0,200,91.3,2.354877759769256,False,1,0.810252,False
2026-07-28T19:48:15+00:00,req-07-0196,churn-pipeline-1.2.0,200,59.54,0.9608242918764937,False,1,0.566283,False
2026-07-28T22:35:40+00:00,req-07-0197,churn-pipeline-1.2.0,200,41.12,0.2165164331484947,False,0,0.409517,False
2026-07-28T15:52:50+00:00,req-07-0198,churn-pipeline-1.2.0,200,30.62,0.4541570772573646,False,0,0.4591,False
2026-07-28T07:50:57+00:00,req-07-0199,churn-pipeline-1.2.0,200,162.74,0.2688459473681709,False,0,0.420315,False
2026-07-28T20:37:35+00:00,req-07-0200,churn-pipeline-1.2.0,200,76.94,0.01944433603699373,False,0,0.369707,False
2026-07-28T17:43:58+00:00,req-07-0201,churn-pipeline-1.2.0,200,67.91,2.2734293730816995,False,1,0.799379,False
2026-07-28T06:50:07+00:00,req-07-0202,churn-pipeline-1.2.0,200,71.06,-0.7865060430322541,False,0,0.228195,False
2026-07-28T07:55:14+00:00,req-07-0203,churn-pipeline-1.2.0,200,41.11,1.2126511196548344,False,1,0.617926,False
2026-07-28T23:42:25+00:00,req-07-0204,churn-pipeline-1.2.0,200,50.4,-0.13214978983560244,False,0,0.340217,False
2026-07-28T22:52:45+00:00,req-07-0205,churn-pipeline-1.2.0,200,113.55,-1.5544401286456602,False,0,0.133394,False
2026-07-28T16:14:05+00:00,req-07-0206,churn-pipeline-1.2.0,200,80.24,-0.19773363076583195,False,0,0.327817,False
2026-07-28T00:52:31+00:00,req-07-0207,churn-pipeline-1.2.0,200,50.91,-0.5741146254416103,False,0,0.261537,False
2026-07-28T05:30:38+00:00,req-07-0208,churn-pipeline-1.2.0,200,43.9,0.6064561843385423,False,0,0.491373,False
2026-07-28T08:28:46+00:00,req-07-0209,churn-pipeline-1.2.0,200,55.11,0.09586523379149929,False,0,0.384968,False
2026-07-28T12:51:44+00:00,req-07-0210,churn-pipeline-1.2.0,200,58.76,-1.0731282068303674,False,0,0.188137,False
2026-07-28T20:49:08+00:00,req-07-0211,churn-pipeline-1.2.0,200,125.23,1.5445583091642012,False,1,0.681978,False
2026-07-28T20:21:28+00:00,req-07-0212,churn-pipeline-1.2.0,200,61.2,1.1446407046995106,False,1,0.604188,False
2026-07-28T06:34:38+00:00,req-07-0213,churn-pipeline-1.2.0,200,44.42,1.6653583087012216,False,1,0.70382,False
2026-07-28T02:36:36+00:00,req-07-0214,churn-pipeline-1.2.0,200,63.79,0.24881289727152214,False,0,0.416172,False
2026-07-28T06:36:53+00:00,req-07-0215,churn-pipeline-1.2.0,200,70.74,-0.03751972169472497,False,0,0.358497,False
2026-07-28T05:38:51+00:00,req-07-0216,churn-pipeline-1.2.0,200,43.15,0.7387385067495521,False,1,0.519472,False
2026-07-28T21:34:12+00:00,req-07-0217,churn-pipeline-1.2.0,200,73.93,-0.6063487719669473,False,0,0.25628,False
2026-07-28T00:20:30+00:00,req-07-0218,churn-pipeline-1.2.0,200,95.7,0.13656253245582792,False,0,0.39319,False
2026-07-28T19:56:02+00:00,req-07-0219,churn-pipeline-1.2.0,200,67.95,-0.1844617942874335,False,0,0.330308,False
2026-07-28T15:45:49+00:00,req-07-0220,churn-pipeline-1.2.0,200,50.37,-1.5340860330494168,False,0,0.135407,False
2026-07-28T02:32:18+00:00,req-07-0221,churn-pipeline-1.2.0,200,54.88,0.13382828008102596,False,0,0.392636,False
2026-07-28T16:26:30+00:00,req-07-0222,churn-pipeline-1.2.0,200,38.23,-0.46301523633046715,False,0,0.280181,False
2026-07-28T13:55:27+00:00,req-07-0223,churn-pipeline-1.2.0,200,62.27,-0.2546797722192191,False,0,0.317242,False
2026-07-28T00:05:23+00:00,req-07-0224,churn-pipeline-1.2.0,200,71.8,0.3819741929324523,False,0,0.443907,False
2026-07-28T05:21:41+00:00,req-07-0225,churn-pipeline-1.2.0,200,48.79,1.3361597906859568,False,1,0.642386,False
2026-07-28T08:21:09+00:00,req-07-0226,churn-pipeline-1.2.0,200,120.92,-0.8912085950753773,False,0,0.212901,False
2026-07-28T05:09:47+00:00,req-07-0227,churn-pipeline-1.2.0,200,83.76,-0.35338612588582485,False,0,0.299354,False
2026-07-28T13:53:29+00:00,req-07-0228,churn-pipeline-1.2.0,200,36.62,-0.8033368311778013,False,0,0.225685,False
2026-07-28T14:46:10+00:00,req-07-0229,churn-pipeline-1.2.0,200,36.87,-0.871689617188941,False,0,0.215694,False
2026-07-28T04:04:21+00:00,req-07-0230,churn-pipeline-1.2.0,200,47.44,-0.6242973908322611,False,0,0.253383,False
2026-07-28T02:58:22+00:00,req-07-0231,churn-pipeline-1.2.0,200,107.53,-0.20627279695595435,False,0,0.32622,False
2026-07-28T15:43:40+00:00,req-07-0232,churn-pipeline-1.2.0,200,86.44,0.6151652397213795,False,0,0.493223,False
2026-07-28T11:16:28+00:00,req-07-0233,churn-pipeline-1.2.0,200,109.29,0.33646805302408,False,0,0.43438,False
2026-07-28T06:21:42+00:00,req-07-0234,churn-pipeline-1.2.0,200,65.21,-1.109699849037412,False,0,0.183435,False
2026-07-28T06:08:22+00:00,req-07-0235,churn-pipeline-1.2.0,200,60.79,1.3588683401130108,False,1,0.646808,False
2026-07-28T00:56:27+00:00,req-07-0236,churn-pipeline-1.2.0,200,43.61,0.9916329218008898,False,1,0.572703,False
2026-07-28T20:29:38+00:00,req-07-0237,churn-pipeline-1.2.0,200,72.7,-0.9462449331401889,False,0,0.205167,False
2026-07-28T20:12:07+00:00,req-07-0238,churn-pipeline-1.2.0,200,61.05,,True,0,0.365864,False
2026-07-28T13:18:28+00:00,req-07-0239,churn-pipeline-1.2.0,200,60.3,0.3432853332260901,False,0,0.435804,False
2026-07-28T08:23:09+00:00,req-07-0240,churn-pipeline-1.2.0,200,109.09,-0.16427806807150871,False,0,0.334114,False
2026-07-28T05:09:45+00:00,req-07-0241,churn-pipeline-1.2.0,200,62.42,0.3759840467032778,False,0,0.44265,False
2026-07-28T07:22:43+00:00,req-07-0242,churn-pipeline-1.2.0,200,99.51,-0.027059335406798043,False,0,0.360545,False
2026-07-28T22:14:06+00:00,req-07-0243,churn-pipeline-1.2.0,200,39.1,0.5723325872054769,False,0,0.484126,False
2026-07-28T02:07:58+00:00,req-07-0244,churn-pipeline-1.2.0,200,153.64,0.1966812992877256,False,0,0.405447,False
2026-07-28T19:44:58+00:00,req-07-0245,churn-pipeline-1.2.0,200,57.68,-0.354297354885813,False,0,0.299191,False
2026-07-28T07:18:28+00:00,req-07-0246,churn-pipeline-1.2.0,200,81.51,-2.1271180971194528,False,0,0.086428,False
2026-07-28T06:22:01+00:00,req-07-0247,churn-pipeline-1.2.0,200,85.76,,True,0,0.365864,False
2026-07-28T19:26:04+00:00,req-07-0248,churn-pipeline-1.2.0,200,55.44,-0.3923380423060704,False,0,0.292456,False
2026-07-28T23:03:54+00:00,req-07-0249,churn-pipeline-1.2.0,200,84.48,0.8168439401275085,False,1,0.536017,False
2026-07-28T23:47:49+00:00,req-07-0250,churn-pipeline-1.2.0,200,85.89,0.5057588153895064,False,0,0.47001,False
2026-07-28T06:25:32+00:00,req-07-0251,churn-pipeline-1.2.0,200,51.74,-0.3650474217138097,False,0,0.297279,False
2026-07-28T14:11:11+00:00,req-07-0252,churn-pipeline-1.2.0,200,51.93,1.0741376006312018,False,1,0.589771,False
2026-07-28T07:01:24+00:00,req-07-0253,churn-pipeline-1.2.0,200,65.95,0.21508374492839955,False,0,0.409223,False
2026-07-28T04:38:36+00:00,req-07-0254,churn-pipeline-1.2.0,200,62.64,0.17182498974699162,False,0,0.400364,False
2026-07-28T09:15:47+00:00,req-07-0255,churn-pipeline-1.2.0,200,101.51,,True,0,0.365864,False
2026-07-28T01:29:54+00:00,req-07-0256,churn-pipeline-1.2.0,200,81.39,1.7677334978517876,False,1,0.721632,False
2026-07-28T03:57:19+00:00,req-07-0257,churn-pipeline-1.2.0,200,63.55,-0.7489300655504413,False,0,0.233869,False
2026-07-28T14:17:34+00:00,req-07-0258,churn-pipeline-1.2.0,200,78.91,-0.3388082643320079,False,0,0.301959,False
2026-07-28T16:29:18+00:00,req-07-0259,churn-pipeline-1.2.0,200,33.77,-1.2992019023339965,False,0,0.160526,False
2026-07-28T06:29:28+00:00,req-07-0260,churn-pipeline-1.2.0,200,53.38,0.7630676311907313,False,1,0.524632,False
2026-07-28T13:22:33+00:00,req-07-0261,churn-pipeline-1.2.0,200,71.27,-0.6112564566755573,False,0,0.255485,False
2026-07-28T18:20:53+00:00,req-07-0262,churn-pipeline-1.2.0,200,92.88,-0.4935373608126378,False,0,0.274979,False
2026-07-28T21:28:01+00:00,req-07-0263,churn-pipeline-1.2.0,200,69.29,-0.5427834637650399,False,0,0.266713,False
2026-07-28T13:38:36+00:00,req-07-0264,churn-pipeline-1.2.0,200,103.65,0.06585801186550728,False,0,0.378947,False
2026-07-28T05:46:51+00:00,req-07-0265,churn-pipeline-1.2.0,200,85.81,-1.3132975638921034,False,0,0.158918,False
2026-07-28T17:06:12+00:00,req-07-0266,churn-pipeline-1.2.0,200,55.6,-2.3554075294073744,False,0,0.072286,False
2026-07-28T04:05:07+00:00,req-07-0267,churn-pipeline-1.2.0,200,62.15,0.48058923926241054,False,0,0.464684,False
2026-07-28T03:20:22+00:00,req-07-0268,churn-pipeline-1.2.0,200,74.08,-2.219235591513896,False,0,0.080442,False
2026-07-28T08:36:25+00:00,req-07-0269,churn-pipeline-1.2.0,200,56.31,0.8968446731762482,False,1,0.552881,False
2026-07-28T07:53:33+00:00,req-07-0270,churn-pipeline-1.2.0,200,106.1,1.636454137011905,False,1,0.698673,False
2026-07-28T03:30:23+00:00,req-07-0271,churn-pipeline-1.2.0,200,45.59,-0.17243499413178495,False,0,0.332573,False
2026-07-28T01:15:24+00:00,req-07-0272,churn-pipeline-1.2.0,200,71.92,1.3644675940565143,False,1,0.647895,False
2026-07-28T22:42:27+00:00,req-07-0273,churn-pipeline-1.2.0,200,82.25,-0.025469240520380153,False,0,0.360856,False
2026-07-28T16:15:21+00:00,req-07-0274,churn-pipeline-1.2.0,200,58.8,1.679203217031764,False,1,0.706267,False
2026-07-28T17:13:07+00:00,req-07-0275,churn-pipeline-1.2.0,200,54.71,-0.47902874471887136,False,0,0.277444,False
2026-07-28T01:35:26+00:00,req-07-0276,churn-pipeline-1.2.0,200,63.44,-2.483125899902678,False,0,0.065335,False
2026-07-28T19:06:30+00:00,req-07-0277,churn-pipeline-1.2.0,200,84.29,-0.08390733131182712,False,0,0.349481,False
2026-07-28T08:44:49+00:00,req-07-0278,churn-pipeline-1.2.0,200,55.39,1.7933613530812758,False,1,0.725987,False
2026-07-28T17:57:10+00:00,req-07-0279,churn-pipeline-1.2.0,200,46.17,0.5617167212374389,False,0,0.481873,False
2026-07-28T11:46:10+00:00,req-07-0280,churn-pipeline-1.2.0,200,93.93,-0.5410893899647362,False,0,0.266994,False
2026-07-28T05:49:39+00:00,req-07-0281,churn-pipeline-1.2.0,200,73.86,0.34534622774896834,False,0,0.436235,False
2026-07-28T06:17:36+00:00,req-07-0282,churn-pipeline-1.2.0,200,89.74,1.0196810803751803,False,1,0.578527,False
2026-07-28T03:22:32+00:00,req-07-0283,churn-pipeline-1.2.0,200,82.88,-0.08989726086019444,False,0,0.348324,False
2026-07-28T19:54:44+00:00,req-07-0284,churn-pipeline-1.2.0,200,130.58,2.7577095896094987,False,1,0.857423,False
2026-07-28T10:18:23+00:00,req-07-0285,churn-pipeline-1.2.0,200,92.87,-0.5432888543454616,False,0,0.266629,False
2026-07-28T18:43:15+00:00,req-07-0286,churn-pipeline-1.2.0,200,51.56,1.0526362581469857,False,1,0.585342,False
2026-07-28T19:53:47+00:00,req-07-0287,churn-pipeline-1.2.0,200,75.56,0.8000340983058896,False,1,0.532462,False
2026-07-28T04:00:28+00:00,req-07-0288,churn-pipeline-1.2.0,200,54.38,-0.7348187959329605,False,0,0.236025,False
2026-07-28T07:55:56+00:00,req-07-0289,churn-pipeline-1.2.0,200,56.21,-0.4456622807150565,False,0,0.283166,False
2026-07-28T02:58:46+00:00,req-07-0290,churn-pipeline-1.2.0,200,41.36,1.069003579853333,False,1,0.588714,False
2026-07-28T00:13:46+00:00,req-07-0291,churn-pipeline-1.2.0,200,59.31,0.15202728198445328,False,0,0.396331,False
2026-07-28T23:40:34+00:00,req-07-0292,churn-pipeline-1.2.0,200,77.39,0.3549753130636364,False,0,0.438249,False
2026-07-28T15:50:29+00:00,req-07-0293,churn-pipeline-1.2.0,200,63.64,-1.7177657213895752,False,0,0.118146,False
2026-07-28T10:50:24+00:00,req-07-0294,churn-pipeline-1.2.0,200,45.72,0.6887985879202065,False,1,0.508869,False
2026-07-28T04:48:05+00:00,req-07-0295,churn-pipeline-1.2.0,200,39.93,0.30166168628669626,False,0,0.427126,False
2026-07-28T14:10:57+00:00,req-07-0296,churn-pipeline-1.2.0,200,127.76,-0.06710552377321118,False,0,0.352735,False
2026-07-28T13:01:40+00:00,req-07-0297,churn-pipeline-1.2.0,200,72.13,0.37893645621203004,False,0,0.443269,False
2026-07-28T05:20:56+00:00,req-07-0298,churn-pipeline-1.2.0,200,49.93,-0.42967859248046214,False,0,0.285931,False
2026-07-28T00:21:25+00:00,req-07-0299,churn-pipeline-1.2.0,200,75.35,-0.6214976290776478,False,0,0.253833,False
2026-07-28T11:15:21+00:00,req-07-0300,churn-pipeline-1.2.0,200,130.96,-0.25397980822106536,False,0,0.31737,False
2026-07-28T12:12:44+00:00,req-07-0301,churn-pipeline-1.2.0,200,79.28,-0.4874133372342124,False,0,0.276018,False
2026-07-28T19:09:28+00:00,req-07-0302,churn-pipeline-1.2.0,200,26.64,2.2895560390953604,False,1,0.801568,False
2026-07-28T09:26:47+00:00,req-07-0303,churn-pipeline-1.2.0,200,151.88,0.9574642652857692,False,1,0.565581,False
2026-07-28T02:19:47+00:00,req-07-0304,churn-pipeline-1.2.0,200,35.97,-1.016892370170286,False,0,0.195548,False
2026-07-28T21:07:47+00:00,req-07-0305,churn-pipeline-1.2.0,200,60.85,2.1381108023738844,False,1,0.780296,False
2026-07-28T09:55:36+00:00,req-07-0306,churn-pipeline-1.2.0,200,45.23,-0.4544994420081284,False,0,0.281643,False
2026-07-28T17:19:24+00:00,req-07-0307,churn-pipeline-1.2.0,200,51.29,0.030928135837498753,False,0,0.371985,False
2026-07-28T01:02:08+00:00,req-07-0308,churn-pipeline-1.2.0,200,71.19,0.942288054677886,False,1,0.562409,False
2026-07-28T00:51:52+00:00,req-07-0309,churn-pipeline-1.2.0,200,33.5,-2.068487971092496,False,0,0.090445,False
2026-07-28T00:33:33+00:00,req-07-0310,churn-pipeline-1.2.0,200,63.15,-0.24887713928801744,False,0,0.318311,False
2026-07-28T18:56:54+00:00,req-07-0311,churn-pipeline-1.2.0,200,93.83,-0.602000543515526,False,0,0.256985,False
2026-07-28T05:46:44+00:00,req-07-0312,churn-pipeline-1.2.0,200,49.63,0.21533408352134156,False,0,0.409274,False
2026-07-28T18:59:22+00:00,req-07-0313,churn-pipeline-1.2.0,200,41.66,0.38855216742871473,False,0,0.445287,False
2026-07-28T22:40:35+00:00,req-07-0314,churn-pipeline-1.2.0,200,62.17,-0.08112233359896902,False,0,0.350019,False
2026-07-28T15:55:18+00:00,req-07-0315,churn-pipeline-1.2.0,200,58.33,-0.1298296630879373,False,0,0.34066,False
2026-07-28T23:39:31+00:00,req-07-0316,churn-pipeline-1.2.0,200,53.73,1.1183879412672173,False,1,0.598839,False
2026-07-28T22:18:11+00:00,req-07-0317,churn-pipeline-1.2.0,200,44.44,0.3165602268507401,False,0,0.430227,False
2026-07-28T17:20:40+00:00,req-07-0318,churn-pipeline-1.2.0,200,76.75,0.043496260554540075,False,0,0.374484,False
2026-07-28T19:16:41+00:00,req-07-0319,churn-pipeline-1.2.0,200,78.64,0.15526412103314616,False,0,0.396989,False
2026-07-28T14:28:59+00:00,req-07-0320,churn-pipeline-1.2.0,200,46.22,1.9276834474067295,False,1,0.748105,False
2026-07-28T05:15:12+00:00,req-07-0321,churn-pipeline-1.2.0,200,48.31,0.18130767583331134,False,0,0.402301,False
2026-07-28T02:28:05+00:00,req-07-0322,churn-pipeline-1.2.0,200,67.9,-0.5401709302139905,False,0,0.267147,False
2026-07-28T09:09:25+00:00,req-07-0323,churn-pipeline-1.2.0,200,47.73,-2.004449043041612,False,0,0.095024,False
2026-07-28T11:24:13+00:00,req-07-0324,churn-pipeline-1.2.0,200,68.82,-1.5056342427367015,False,0,0.138263,False
2026-07-28T08:23:53+00:00,req-07-0325,churn-pipeline-1.2.0,200,103.98,-0.49037718983374906,False,0,0.275515,False
2026-07-28T02:26:53+00:00,req-07-0326,churn-pipeline-1.2.0,200,63.77,-0.11379568615185506,False,0,0.343728,False
2026-07-28T12:07:04+00:00,req-07-0327,churn-pipeline-1.2.0,200,44.08,-0.5834025325907507,False,0,0.260015,False
2026-07-28T11:57:59+00:00,req-07-0328,churn-pipeline-1.2.0,200,73.69,0.36870117589809975,False,0,0.441123,False
2026-07-28T22:53:20+00:00,req-07-0329,churn-pipeline-1.2.0,200,61.41,-0.5969334467337238,False,0,0.257808,False
2026-07-28T22:54:12+00:00,req-07-0330,churn-pipeline-1.2.0,200,61.95,-0.9602137336422016,False,0,0.203237,False
2026-07-28T14:46:27+00:00,req-07-0331,churn-pipeline-1.2.0,200,75.68,0.6432760271252835,False,0,0.499196,False
2026-07-28T20:24:39+00:00,req-07-0332,churn-pipeline-1.2.0,200,81.09,1.437864221721914,False,1,0.661992,False
2026-07-28T07:30:37+00:00,req-07-0333,churn-pipeline-1.2.0,200,65.74,-1.1625259776338752,False,0,0.176805,False
2026-07-28T23:15:51+00:00,req-07-0334,churn-pipeline-1.2.0,200,63.75,0.25590165689320243,False,0,0.417636,False
2026-07-28T22:35:47+00:00,req-07-0335,churn-pipeline-1.2.0,200,125.8,-2.000254891061509,False,0,0.095331,False
2026-07-28T03:00:26+00:00,req-07-0336,churn-pipeline-1.2.0,200,95.45,-1.5482650372635174,False,0,0.134002,False
2026-07-28T16:48:23+00:00,req-07-0337,churn-pipeline-1.2.0,200,84.87,-0.6182041193760315,False,0,0.254364,False
2026-07-28T10:59:10+00:00,req-07-0338,churn-pipeline-1.2.0,200,67.79,1.1916559539960532,False,1,0.613704,False
2026-07-28T06:23:09+00:00,req-07-0339,churn-pipeline-1.2.0,200,47.11,-0.8176413311907484,False,0,0.223568,False
2026-07-28T09:53:15+00:00,req-07-0340,churn-pipeline-1.2.0,200,93.24,-0.8569054985038269,False,0,0.217828,False
2026-07-28T21:45:22+00:00,req-07-0341,churn-pipeline-1.2.0,200,68.07,0.03789164598917221,False,0,0.373369,False
2026-07-28T22:10:56+00:00,req-07-0342,churn-pipeline-1.2.0,200,54.04,0.03893779170734323,False,0,0.373577,False
2026-07-28T08:15:39+00:00,req-07-0343,churn-pipeline-1.2.0,200,60.13,-0.8243880463924033,False,0,0.222574,False
2026-07-28T11:04:59+00:00,req-07-0344,churn-pipeline-1.2.0,200,47.71,2.0855326456264005,False,1,0.772539,False
2026-07-28T12:23:20+00:00,req-07-0345,churn-pipeline-1.2.0,200,91.17,,True,0,0.365864,False
2026-07-28T17:36:17+00:00,req-07-0346,churn-pipeline-1.2.0,200,80.88,0.1192642315389839,False,0,0.389688,False
2026-07-28T11:30:04+00:00,req-07-0347,churn-pipeline-1.2.0,200,68.89,-0.4218685145959641,False,0,0.287289,False
2026-07-28T09:30:08+00:00,req-07-0348,churn-pipeline-1.2.0,200,64.12,0.4619701402587384,False,0,0.46075,False
2026-07-28T22:10:01+00:00,req-07-0349,churn-pipeline-1.2.0,200,52.28,,True,0,0.365864,False
2026-07-28T08:56:43+00:00,req-07-0350,churn-pipeline-1.2.0,200,32.88,1.7468468818023013,False,1,0.718052,False
2026-07-28T06:22:33+00:00,req-07-0351,churn-pipeline-1.2.0,200,41.36,-0.8003789590270742,False,0,0.226125,False
2026-07-28T07:50:49+00:00,req-07-0352,churn-pipeline-1.2.0,200,51.25,1.1558349351162729,False,1,0.606461,False
2026-07-28T07:59:57+00:00,req-07-0353,churn-pipeline-1.2.0,200,48.84,0.577164860528569,False,0,0.485152,False
2026-07-28T13:19:21+00:00,req-07-0354,churn-pipeline-1.2.0,200,71.31,1.0232634399330816,False,1,0.579269,False
2026-07-28T15:50:37+00:00,req-07-0355,churn-pipeline-1.2.0,200,84.27,-0.09647323632743748,False,0,0.347057,False
2026-07-28T03:13:26+00:00,req-07-0356,churn-pipeline-1.2.0,200,62.38,-0.19639281194628955,False,0,0.328069,False
2026-07-28T21:16:43+00:00,req-07-0357,churn-pipeline-1.2.0,200,102.03,0.9825003779996933,False,1,0.570802,False
2026-07-28T06:04:55+00:00,req-07-0358,churn-pipeline-1.2.0,200,50.6,1.0024271313591016,False,1,0.574947,False
2026-07-28T02:45:25+00:00,req-07-0359,churn-pipeline-1.2.0,200,62.24,1.6440065920549807,False,1,0.700023,False
2026-07-28T16:02:23+00:00,req-07-0360,churn-pipeline-1.2.0,200,63.95,0.2084749332230138,False,0,0.407866,False
2026-07-28T05:02:13+00:00,req-07-0361,churn-pipeline-1.2.0,200,92.19,-0.1122603590164948,False,0,0.344022,False
2026-07-28T18:00:04+00:00,req-07-0362,churn-pipeline-1.2.0,200,67.24,-2.5828462589939143,False,0,0.060346,False
2026-07-28T22:45:10+00:00,req-07-0363,churn-pipeline-1.2.0,200,67.84,-1.6918235648951012,False,0,0.120463,False
2026-07-28T16:37:14+00:00,req-07-0364,churn-pipeline-1.2.0,200,38.28,-0.41396418544256275,False,0,0.288666,False
2026-07-28T18:39:18+00:00,req-07-0365,churn-pipeline-1.2.0,500,48.74,-1.1561118778085262,False,0,0.1776,True
2026-07-28T11:52:29+00:00,req-07-0366,churn-pipeline-1.2.0,200,92.3,0.8548370937049086,False,1,0.544038,False
2026-07-28T08:18:20+00:00,req-07-0367,churn-pipeline-1.2.0,200,33.46,-1.3755220096579015,False,0,0.151975,False
2026-07-28T14:43:03+00:00,req-07-0368,churn-pipeline-1.2.0,200,99.9,-0.5263695447678024,False,0,0.26945,False
2026-07-28T08:34:59+00:00,req-07-0369,churn-pipeline-1.2.0,200,76.27,-0.48512781779541303,False,0,0.276406,False
2026-07-28T21:01:44+00:00,req-07-0370,churn-pipeline-1.2.0,200,51.17,1.2649802375694184,False,1,0.628371,False
2026-07-28T11:16:07+00:00,req-07-0371,churn-pipeline-1.2.0,200,49.81,-0.6386506864706264,False,0,0.251081,False
2026-07-28T11:58:31+00:00,req-07-0372,churn-pipeline-1.2.0,200,119.23,0.47503272395038765,False,0,0.463509,False
2026-07-28T16:10:16+00:00,req-07-0373,churn-pipeline-1.2.0,200,102.11,0.20549143389885263,False,0,0.407253,False
2026-07-28T04:32:38+00:00,req-07-0374,churn-pipeline-1.2.0,200,62.56,0.9484529097196436,False,1,0.563698,False
2026-07-28T13:27:53+00:00,req-07-0375,churn-pipeline-1.2.0,200,67.86,0.8927258047223043,False,1,0.552015,False
2026-07-28T18:05:40+00:00,req-07-0376,churn-pipeline-1.2.0,200,52.86,-0.03511211851302146,False,0,0.358968,False
2026-07-28T18:37:36+00:00,req-07-0377,churn-pipeline-1.2.0,200,67.86,-1.7811092382375393,False,0,0.112651,False
2026-07-28T05:23:55+00:00,req-07-0378,churn-pipeline-1.2.0,200,52.39,-0.24332793097791075,False,0,0.319335,False
2026-07-28T01:18:00+00:00,req-07-0379,churn-pipeline-1.2.0,200,63.39,-0.02095342675876041,False,0,0.361742,False
2026-07-28T04:39:39+00:00,req-07-0380,churn-pipeline-1.2.0,200,116.01,0.3003096948104169,False,0,0.426845,False
2026-07-28T19:39:25+00:00,req-07-0381,churn-pipeline-1.2.0,200,63.04,-0.7744329024818508,False,0,0.230008,False
2026-07-28T06:22:13+00:00,req-07-0382,churn-pipeline-1.2.0,200,46.48,1.1979461743290438,False,1,0.61497,False
2026-07-28T01:23:35+00:00,req-07-0383,churn-pipeline-1.2.0,200,41.98,0.014300389230742231,False,0,0.368689,False
2026-07-28T14:20:02+00:00,req-07-0384,churn-pipeline-1.2.0,200,67.7,-0.966522215202732,False,0,0.202371,False
2026-07-28T21:08:36+00:00,req-07-0385,churn-pipeline-1.2.0,200,50.95,-0.48113923067876424,False,0,0.277085,False
2026-07-28T05:23:12+00:00,req-07-0386,churn-pipeline-1.2.0,200,70.34,2.0249697866651717,False,1,0.763366,False
2026-07-28T01:02:17+00:00,req-07-0387,churn-pipeline-1.2.0,200,38.71,0.6975967875938233,False,1,0.510738,False
2026-07-28T03:21:46+00:00,req-07-0388,churn-pipeline-1.2.0,200,81.07,1.100879383342624,False,1,0.595259,False
2026-07-28T03:04:04+00:00,req-07-0389,churn-pipeline-1.2.0,200,46.3,-1.0936663181990849,False,0,0.185485,False
2026-07-28T04:54:30+00:00,req-07-0390,churn-pipeline-1.2.0,200,65.97,-0.7232711767929909,False,0,0.2378,False
2026-07-28T04:19:27+00:00,req-07-0391,churn-pipeline-1.2.0,200,58.33,-0.7154934211753071,False,0,0.239,False
2026-07-28T15:17:17+00:00,req-07-0392,churn-pipeline-1.2.0,200,112.65,0.19361342446805307,False,0,0.404818,False
2026-07-28T05:21:11+00:00,req-07-0393,churn-pipeline-1.2.0,200,68.67,-0.18270192263983717,False,0,0.330639,False
2026-07-28T13:09:34+00:00,req-07-0394,churn-pipeline-1.2.0,200,121.14,-0.5139691318198718,False,0,0.27153,False
2026-07-28T09:38:32+00:00,req-07-0395,churn-pipeline-1.2.0,200,77.78,-0.38227307212862677,False,0,0.294229,False
2026-07-28T15:42:16+00:00,req-07-0396,churn-pipeline-1.2.0,200,102.57,-0.8337369460088232,False,0,0.221202,False
2026-07-28T15:43:53+00:00,req-07-0397,churn-pipeline-1.2.0,200,60.8,-0.18883125124648067,False,0,0.329487,False
2026-07-28T14:13:46+00:00,req-07-0398,churn-pipeline-1.2.0,200,72.6,1.1688763630254349,False,1,0.609103,False
2026-07-28T21:25:20+00:00,req-07-0399,churn-pipeline-1.2.0,200,96.0,-1.5887963191272418,False,0,0.130055,False
2026-07-28T04:42:36+00:00,req-07-0400,churn-pipeline-1.2.0,200,86.83,0.3638034053169916,False,0,0.440097,False
2026-07-28T12:35:17+00:00,req-07-0401,churn-pipeline-1.2.0,200,77.04,1.4490973296236047,False,1,0.664125,False
2026-07-28T09:27:45+00:00,req-07-0402,churn-pipeline-1.2.0,200,58.52,-0.19234645349384547,False,0,0.328827,False
2026-07-28T12:46:47+00:00,req-07-0403,churn-pipeline-1.2.0,200,61.78,-0.5553198306031908,False,0,0.264634,False
2026-07-28T03:21:33+00:00,req-07-0404,churn-pipeline-1.2.0,200,93.54,0.9704430602481183,False,1,0.56829,False
2026-07-28T07:39:47+00:00,req-07-0405,churn-pipeline-1.2.0,200,99.99,-1.0334329707122858,False,0,0.193345,False
2026-07-28T22:35:04+00:00,req-07-0406,churn-pipeline-1.2.0,200,53.77,-0.023826106435667398,False,0,0.361179,False
2026-07-28T19:12:58+00:00,req-07-0407,churn-pipeline-1.2.0,200,51.23,-1.0918363054050135,False,0,0.18572,False
2026-07-28T10:13:31+00:00,req-07-0408,churn-pipeline-1.2.0,200,48.67,-1.963606018525494,False,0,0.098051,False
2026-07-28T02:39:06+00:00,req-07-0409,churn-pipeline-1.2.0,200,84.77,-0.15958347803453501,False,0,0.335002,False
2026-07-28T15:33:49+00:00,req-07-0410,churn-pipeline-1.2.0,200,48.28,,True,0,0.365864,False
2026-07-28T07:13:35+00:00,req-07-0411,churn-pipeline-1.2.0,200,84.44,-0.012254038995626935,False,0,0.363451,False
2026-07-28T07:54:25+00:00,req-07-0412,churn-pipeline-1.2.0,200,77.4,1.1707811055997417,False,1,0.609489,False
2026-07-28T02:19:39+00:00,req-07-0413,churn-pipeline-1.2.0,200,54.6,1.9469681770136045,False,1,0.751181,False
2026-07-28T06:56:17+00:00,req-07-0414,churn-pipeline-1.2.0,200,107.21,0.09820574814036884,False,0,0.385439,False
2026-07-28T05:08:25+00:00,req-07-0415,churn-pipeline-1.2.0,200,40.71,1.0701766235743793,False,1,0.588956,False
2026-07-28T00:48:56+00:00,req-07-0416,churn-pipeline-1.2.0,200,110.55,0.41891078261196496,False,0,0.45167,False
2026-07-28T14:04:42+00:00,req-07-0417,churn-pipeline-1.2.0,200,71.98,-0.40226929456881183,False,0,0.290712,False
2026-07-28T23:16:03+00:00,req-07-0418,churn-pipeline-1.2.0,200,33.48,-2.0210151716274396,False,0,0.09382,False
2026-07-28T03:01:22+00:00,req-07-0419,churn-pipeline-1.2.0,200,108.18,1.707816943436225,False,1,0.711287,False
2026-07-28T01:15:31+00:00,req-07-0420,churn-pipeline-1.2.0,200,88.72,-1.101557298745179,False,0,0.184474,False
2026-07-29T01:58:09+00:00,req-08-0000,churn-pipeline-1.2.0,200,68.96,0.7362198040674011,False,1,0.518938,False
2026-07-29T22:57:39+00:00,req-08-0001,churn-pipeline-1.2.0,200,83.5,1.2719506509429037,False,1,0.629753,False
2026-07-29T19:15:43+00:00,req-08-0002,churn-pipeline-1.2.0,200,70.93,-2.663372626934467,False,0,0.056579,False
2026-07-29T12:11:32+00:00,req-08-0003,churn-pipeline-1.2.0,200,80.38,1.3156257396284181,False,1,0.638367,False
2026-07-29T08:50:50+00:00,req-08-0004,churn-pipeline-1.2.0,200,62.47,0.3522357577511225,False,0,0.437676,False
2026-07-29T04:35:40+00:00,req-08-0005,churn-pipeline-1.2.0,200,94.87,-1.6212140123812635,False,0,0.126969,False
2026-07-29T22:46:34+00:00,req-08-0006,churn-pipeline-1.2.0,200,79.56,0.7597052890652461,False,1,0.523919,False
2026-07-29T19:08:30+00:00,req-08-0007,churn-pipeline-1.2.0,200,44.46,0.17795670567461147,False,0,0.401616,False
2026-07-29T18:02:51+00:00,req-08-0008,churn-pipeline-1.2.0,200,101.39,0.4002907635069533,False,0,0.447753,False
2026-07-29T11:17:37+00:00,req-08-0009,churn-pipeline-1.2.0,200,96.21,1.0490646078311296,False,1,0.584605,False
2026-07-29T00:39:31+00:00,req-08-0010,churn-pipeline-1.2.0,200,75.44,0.4517891368522515,False,0,0.4586,False
2026-07-29T15:19:18+00:00,req-08-0011,churn-pipeline-1.2.0,200,71.11,-1.5464663533931697,False,0,0.13418,False
2026-07-29T11:42:03+00:00,req-08-0012,churn-pipeline-1.2.0,200,110.51,-0.15017758327205447,False,0,0.336786,False
2026-07-29T07:08:24+00:00,req-08-0013,churn-pipeline-1.2.0,200,38.54,-1.6985274293934365,False,0,0.119861,False
2026-07-29T07:33:44+00:00,req-08-0014,churn-pipeline-1.2.0,200,96.7,0.681514974586837,False,1,0.507321,False
2026-07-29T01:23:22+00:00,req-08-0015,churn-pipeline-1.2.0,200,55.81,1.4678687536632415,False,1,0.667675,False
2026-07-29T20:55:13+00:00,req-08-0016,churn-pipeline-1.2.0,200,92.28,-1.303524560679942,False,0,0.160031,False
2026-07-29T03:57:31+00:00,req-08-0017,churn-pipeline-1.2.0,200,67.55,-0.7050369485590309,False,0,0.24062,False
2026-07-29T19:30:54+00:00,req-08-0018,churn-pipeline-1.2.0,200,43.67,-0.926487787178277,False,0,0.207919,False
2026-07-29T23:21:10+00:00,req-08-0019,churn-pipeline-1.2.0,200,55.45,-0.47660053553525383,False,0,0.277858,False
2026-07-29T01:06:12+00:00,req-08-0020,churn-pipeline-1.2.0,200,90.14,0.4330443161088114,False,0,0.454647,False
2026-07-29T14:57:58+00:00,req-08-0021,churn-pipeline-1.2.0,200,60.77,-0.46522257820621693,False,0,0.279803,False
2026-07-29T01:36:06+00:00,req-08-0022,churn-pipeline-1.2.0,200,53.28,0.6851566813339763,False,1,0.508095,False
2026-07-29T19:56:45+00:00,req-08-0023,churn-pipeline-1.2.0,200,53.16,1.118648758579774,False,1,0.598892,False
2026-07-29T12:10:20+00:00,req-08-0024,churn-pipeline-1.2.0,200,79.83,1.1568472243957408,False,1,0.606666,False
2026-07-29T00:30:59+00:00,req-08-0025,churn-pipeline-1.2.0,200,113.82,-1.17409015013813,False,0,0.175379,False
2026-07-29T18:32:12+00:00,req-08-0026,churn-pipeline-1.2.0,200,32.76,1.4552253916963591,False,1,0.665286,False
2026-07-29T18:22:15+00:00,req-08-0027,churn-pipeline-1.2.0,200,159.27,1.5393758991200508,False,1,0.681021,False
2026-07-29T22:11:53+00:00,req-08-0028,churn-pipeline-1.2.0,200,69.38,1.630313927799027,False,1,0.697573,False
2026-07-29T11:38:19+00:00,req-08-0029,churn-pipeline-1.2.0,200,78.26,-0.16570556070358056,False,0,0.333844,False
2026-07-29T22:23:30+00:00,req-08-0030,churn-pipeline-1.2.0,200,56.53,-0.7894345969757917,False,0,0.227757,False
2026-07-29T15:58:02+00:00,req-08-0031,churn-pipeline-1.2.0,200,64.93,-1.0334532510540888,False,0,0.193343,False
2026-07-29T12:37:25+00:00,req-08-0032,churn-pipeline-1.2.0,200,69.13,-1.15686888090356,False,0,0.177506,False
2026-07-29T08:35:48+00:00,req-08-0033,churn-pipeline-1.2.0,200,46.46,0.012274926998112144,False,0,0.368288,False
2026-07-29T07:01:57+00:00,req-08-0034,churn-pipeline-1.2.0,200,50.23,0.8902444493149465,False,1,0.551494,False
2026-07-29T14:54:03+00:00,req-08-0035,churn-pipeline-1.2.0,200,94.96,1.3718863630367115,False,1,0.649332,False
2026-07-29T17:44:55+00:00,req-08-0036,churn-pipeline-1.2.0,200,39.55,-0.5098349721804688,False,0,0.272226,False
2026-07-29T00:51:17+00:00,req-08-0037,churn-pipeline-1.2.0,200,74.85,,True,0,0.365864,False
2026-07-29T09:53:09+00:00,req-08-0038,churn-pipeline-1.2.0,200,57.73,-0.10939693107151797,False,0,0.344572,False
2026-07-29T01:05:38+00:00,req-08-0039,churn-pipeline-1.2.0,200,47.8,-0.667044262358396,False,0,0.24657,False
2026-07-29T09:31:11+00:00,req-08-0040,churn-pipeline-1.2.0,200,122.17,0.7725370062486503,False,1,0.526639,False
2026-07-29T19:10:19+00:00,req-08-0041,churn-pipeline-1.2.0,200,47.89,0.3809906589543869,False,0,0.4437,False
2026-07-29T16:34:42+00:00,req-08-0042,churn-pipeline-1.2.0,200,45.27,0.14891433387558653,False,0,0.395698,False
2026-07-29T02:59:13+00:00,req-08-0043,churn-pipeline-1.2.0,200,61.23,0.3762207111557211,False,0,0.4427,False
2026-07-29T17:12:16+00:00,req-08-0044,churn-pipeline-1.2.0,200,50.83,0.6462238103553579,False,0,0.499823,False
2026-07-29T00:20:08+00:00,req-08-0045,churn-pipeline-1.2.0,200,65.13,0.6357088700869076,False,0,0.497588,False
2026-07-29T00:17:50+00:00,req-08-0046,churn-pipeline-1.2.0,200,68.31,-0.8804144539279501,False,0,0.214442,False
2026-07-29T21:53:56+00:00,req-08-0047,churn-pipeline-1.2.0,200,70.07,0.9411449761800934,False,1,0.56217,False
2026-07-29T00:47:07+00:00,req-08-0048,churn-pipeline-1.2.0,200,62.47,0.26813442356458733,False,0,0.420168,False
2026-07-29T06:22:21+00:00,req-08-0049,churn-pipeline-1.2.0,200,51.92,-0.4563470047292784,False,0,0.281326,False
2026-07-29T03:09:59+00:00,req-08-0050,churn-pipeline-1.2.0,200,79.86,0.24594117601847862,False,0,0.415579,False
2026-07-29T13:58:37+00:00,req-08-0051,churn-pipeline-1.2.0,200,62.72,0.3617013505613059,False,0,0.439657,False
2026-07-29T12:32:04+00:00,req-08-0052,churn-pipeline-1.2.0,200,55.47,,True,0,0.365864,False
2026-07-29T20:08:02+00:00,req-08-0053,churn-pipeline-1.2.0,200,104.37,-1.0984634099094392,False,0,0.18487,False
2026-07-29T23:41:24+00:00,req-08-0054,churn-pipeline-1.2.0,200,62.53,1.3912335713369028,False,1,0.653067,False
2026-07-29T17:54:06+00:00,req-08-0055,churn-pipeline-1.2.0,200,92.19,0.02432467412531885,False,0,0.370675,False
2026-07-29T11:12:03+00:00,req-08-0056,churn-pipeline-1.2.0,200,96.25,-0.5314609132860286,False,0,0.268599,False
2026-07-29T01:07:08+00:00,req-08-0057,churn-pipeline-1.2.0,200,98.14,-0.5635960048499914,False,0,0.263267,False
2026-07-29T22:08:17+00:00,req-08-0058,churn-pipeline-1.2.0,200,81.09,-1.0514361462597086,False,0,0.19097,False
2026-07-29T13:27:45+00:00,req-08-0059,churn-pipeline-1.2.0,200,64.99,-1.8279606279445801,False,0,0.108731,False
2026-07-29T05:13:09+00:00,req-08-0060,churn-pipeline-1.2.0,200,63.68,0.7112698743771638,False,1,0.513641,False
2026-07-29T13:00:11+00:00,req-08-0061,churn-pipeline-1.2.0,200,60.12,2.0799307204430626,False,1,0.771701,False
2026-07-29T09:24:10+00:00,req-08-0062,churn-pipeline-1.2.0,200,32.49,-1.698496116277606,False,0,0.119864,False
2026-07-29T08:24:06+00:00,req-08-0063,churn-pipeline-1.2.0,200,81.81,-0.9979493117268763,False,0,0.198093,False
2026-07-29T10:52:47+00:00,req-08-0064,churn-pipeline-1.2.0,200,70.29,0.7891623486026,False,1,0.53016,False
2026-07-29T18:05:07+00:00,req-08-0065,churn-pipeline-1.2.0,200,84.65,-0.04791875410499415,False,0,0.356467,False
2026-07-29T03:55:53+00:00,req-08-0066,churn-pipeline-1.2.0,200,62.61,0.8761402043889067,False,1,0.548527,False
2026-07-29T23:08:10+00:00,req-08-0067,churn-pipeline-1.2.0,200,80.41,,True,0,0.365864,False
2026-07-29T01:29:53+00:00,req-08-0068,churn-pipeline-1.2.0,200,41.83,-0.6096588742296967,False,0,0.255744,False
2026-07-29T03:31:56+00:00,req-08-0069,churn-pipeline-1.2.0,200,44.71,-0.2371342162067877,False,0,0.320481,False
2026-07-29T16:13:45+00:00,req-08-0070,churn-pipeline-1.2.0,200,29.43,-2.5011938933687614,False,0,0.064404,False
2026-07-29T03:29:07+00:00,req-08-0071,churn-pipeline-1.2.0,200,62.26,-1.2006585629308881,False,0,0.172137,False
2026-07-29T18:39:49+00:00,req-08-0072,churn-pipeline-1.2.0,200,50.76,0.9956933429296368,False,1,0.573547,False
2026-07-29T17:38:01+00:00,req-08-0073,churn-pipeline-1.2.0,200,48.68,1.251494836387787,False,1,0.62569,False
2026-07-29T10:19:02+00:00,req-08-0074,churn-pipeline-1.2.0,200,72.35,1.476474357846932,False,1,0.669296,False
2026-07-29T10:54:21+00:00,req-08-0075,churn-pipeline-1.2.0,200,56.73,0.46291281377043436,False,0,0.460949,False
2026-07-29T23:59:57+00:00,req-08-0076,churn-pipeline-1.2.0,200,41.09,-2.3688723180005837,False,0,0.071522,False
2026-07-29T19:05:06+00:00,req-08-0077,churn-pipeline-1.2.0,200,146.75,-0.6667568556464989,False,0,0.246616,False
2026-07-29T15:10:06+00:00,req-08-0078,churn-pipeline-1.2.0,200,64.23,,True,0,0.365864,False
2026-07-29T03:23:09+00:00,req-08-0079,churn-pipeline-1.2.0,200,45.96,1.704206950617731,False,1,0.710657,False
2026-07-29T14:09:07+00:00,req-08-0080,churn-pipeline-1.2.0,200,52.46,1.4307801301576055,False,1,0.660643,False
2026-07-29T00:57:23+00:00,req-08-0081,churn-pipeline-1.2.0,200,61.5,-0.24806508800828947,False,0,0.318461,False
2026-07-29T06:02:36+00:00,req-08-0082,churn-pipeline-1.2.0,200,61.46,-1.3719046599032936,False,0,0.152372,False
2026-07-29T16:45:01+00:00,req-08-0083,churn-pipeline-1.2.0,200,98.6,-0.042663169456405754,False,0,0.357493,False
2026-07-29T09:46:59+00:00,req-08-0084,churn-pipeline-1.2.0,200,63.37,0.015547369141775621,False,0,0.368936,False
2026-07-29T23:52:23+00:00,req-08-0085,churn-pipeline-1.2.0,200,117.69,1.6438430610960257,False,1,0.699993,False
2026-07-29T22:32:41+00:00,req-08-0086,churn-pipeline-1.2.0,200,56.6,0.23918086512832187,False,0,0.414184,False
2026-07-29T02:16:30+00:00,req-08-0087,churn-pipeline-1.2.0,200,74.5,0.017515237824809866,False,0,0.369325,False
2026-07-29T21:12:08+00:00,req-08-0088,churn-pipeline-1.2.0,200,90.15,0.07716990555063166,False,0,0.381212,False
2026-07-29T20:44:38+00:00,req-08-0089,churn-pipeline-1.2.0,200,95.28,0.41985177125082074,False,0,0.451868,False
2026-07-29T02:32:50+00:00,req-08-0090,churn-pipeline-1.2.0,200,98.91,0.6577620903646467,False,1,0.502274,False
2026-07-29T09:14:49+00:00,req-08-0091,churn-pipeline-1.2.0,200,59.58,-0.7607643057188956,False,0,0.232072,False
2026-07-29T22:45:59+00:00,req-08-0092,churn-pipeline-1.2.0,200,64.89,-1.1105014143568472,False,0,0.183333,False
2026-07-29T00:24:10+00:00,req-08-0093,churn-pipeline-1.2.0,200,29.4,1.4390864474749334,False,1,0.662225,False
2026-07-29T01:24:25+00:00,req-08-0094,churn-pipeline-1.2.0,200,61.05,-1.7230933591574678,False,0,0.117675,False
2026-07-29T12:14:25+00:00,req-08-0095,churn-pipeline-1.2.0,200,92.17,1.7196348321650112,False,1,0.713346,False
2026-07-29T22:52:28+00:00,req-08-0096,churn-pipeline-1.2.0,200,86.61,-2.0062126321163847,False,0,0.094895,False
2026-07-29T06:41:33+00:00,req-08-0097,churn-pipeline-1.2.0,200,63.23,-0.6137681894725722,False,0,0.255079,False
2026-07-29T18:32:52+00:00,req-08-0098,churn-pipeline-1.2.0,200,111.96,1.0204466691126195,False,1,0.578686,False
2026-07-29T16:38:30+00:00,req-08-0099,churn-pipeline-1.2.0,200,57.48,0.00035898353218721883,False,0,0.365935,False
2026-07-29T03:30:18+00:00,req-08-0100,churn-pipeline-1.2.0,200,51.69,-1.382300643949933,False,0,0.151234,False
2026-07-29T06:54:28+00:00,req-08-0101,churn-pipeline-1.2.0,200,55.96,0.4477495618322959,False,0,0.457748,False
2026-07-29T14:58:41+00:00,req-08-0102,churn-pipeline-1.2.0,200,45.39,0.07035455889050518,False,0,0.379847,False
2026-07-29T11:33:38+00:00,req-08-0103,churn-pipeline-1.2.0,200,79.33,-0.22685070286407674,False,0,0.322387,False
2026-07-29T05:41:43+00:00,req-08-0104,churn-pipeline-1.2.0,200,71.29,-0.6551184053220532,False,0,0.248458,False
2026-07-29T04:48:48+00:00,req-08-0105,churn-pipeline-1.2.0,200,79.01,-0.03633629950713021,False,0,0.358729,False
2026-07-29T13:22:21+00:00,req-08-0106,churn-pipeline-1.2.0,200,56.93,-0.6110176925499732,False,0,0.255524,False
2026-07-29T19:52:27+00:00,req-08-0107,churn-pipeline-1.2.0,200,63.8,2.5562593022916165,False,1,0.835184,False
2026-07-29T09:54:42+00:00,req-08-0108,churn-pipeline-1.2.0,200,32.37,-0.2520180094076115,False,0,0.317732,False
2026-07-29T22:12:37+00:00,req-08-0109,churn-pipeline-1.2.0,200,73.32,-0.39244480151006605,False,0,0.292437,False
2026-07-29T16:00:46+00:00,req-08-0110,churn-pipeline-1.2.0,200,67.09,-0.5687179527621784,False,0,0.262423,False
2026-07-29T09:40:48+00:00,req-08-0111,churn-pipeline-1.2.0,200,45.71,1.865798384980103,False,1,0.738064,False
2026-07-29T16:57:56+00:00,req-08-0112,churn-pipeline-1.2.0,200,62.86,-1.721020221790345,False,0,0.117859,False
2026-07-29T10:46:23+00:00,req-08-0113,churn-pipeline-1.2.0,200,59.85,0.3774040429943886,False,0,0.442948,False
2026-07-29T18:09:37+00:00,req-08-0114,churn-pipeline-1.2.0,200,114.32,-0.25125447047022487,False,0,0.317872,False
2026-07-29T23:35:03+00:00,req-08-0115,churn-pipeline-1.2.0,200,46.29,-1.4945701098741129,False,0,0.139388,False
2026-07-29T18:54:32+00:00,req-08-0116,churn-pipeline-1.2.0,200,72.27,-0.860030144256272,False,0,0.217376,False
2026-07-29T03:24:38+00:00,req-08-0117,churn-pipeline-1.2.0,200,45.85,0.33280169360112444,False,0,0.433615,False
2026-07-29T01:43:07+00:00,req-08-0118,churn-pipeline-1.2.0,200,54.37,-0.9076128806388921,False,0,0.210574,False
2026-07-29T19:24:24+00:00,req-08-0119,churn-pipeline-1.2.0,200,71.02,0.2725421246310451,False,0,0.421081,False
2026-07-29T20:20:03+00:00,req-08-0120,churn-pipeline-1.2.0,200,60.75,1.8156108901206691,False,1,0.729733,False
2026-07-29T13:36:52+00:00,req-08-0121,churn-pipeline-1.2.0,200,64.88,0.17913071107820225,False,0,0.401856,False
2026-07-29T05:52:46+00:00,req-08-0122,churn-pipeline-1.2.0,200,72.3,-1.5261881024507207,False,0,0.136195,False
2026-07-29T21:08:15+00:00,req-08-0123,churn-pipeline-1.2.0,200,55.5,-0.8891360749392344,False,0,0.213196,False
2026-07-29T10:45:46+00:00,req-08-0124,churn-pipeline-1.2.0,200,86.26,-0.2996760256825253,False,0,0.309016,False
2026-07-29T07:01:05+00:00,req-08-0125,churn-pipeline-1.2.0,200,58.95,-0.36984687494439195,False,0,0.296427,False
2026-07-29T08:47:23+00:00,req-08-0126,churn-pipeline-1.2.0,200,63.0,0.15961453737171422,False,0,0.397875,False
2026-07-29T07:06:28+00:00,req-08-0127,churn-pipeline-1.2.0,200,72.97,0.3280650891819702,False,0,0.432626,False
2026-07-29T06:46:38+00:00,req-08-0128,churn-pipeline-1.2.0,200,69.9,1.8170543528748018,False,1,0.729975,False
2026-07-29T07:49:10+00:00,req-08-0129,churn-pipeline-1.2.0,200,79.88,-0.003905648342288429,False,0,0.365095,False
2026-07-29T16:10:48+00:00,req-08-0130,churn-pipeline-1.2.0,200,71.94,-1.2098041692197055,False,0,0.171032,False
2026-07-29T00:23:56+00:00,req-08-0131,churn-pipeline-1.2.0,200,75.53,1.2114964367609953,False,1,0.617694,False
2026-07-29T08:42:33+00:00,req-08-0132,churn-pipeline-1.2.0,200,58.57,1.326175805620075,False,1,0.640434,False
2026-07-29T04:04:38+00:00,req-08-0133,churn-pipeline-1.2.0,200,46.17,0.24406524870626778,False,0,0.415192,False
2026-07-29T15:33:19+00:00,req-08-0134,churn-pipeline-1.2.0,200,41.16,-0.2587141149694099,False,0,0.316499,False
2026-07-29T23:52:12+00:00,req-08-0135,churn-pipeline-1.2.0,200,38.08,0.6536737226765145,False,1,0.501406,False
2026-07-29T18:54:28+00:00,req-08-0136,churn-pipeline-1.2.0,200,114.26,-0.22163380436350652,False,0,0.323357,False
2026-07-29T05:58:29+00:00,req-08-0137,churn-pipeline-1.2.0,200,32.02,-2.1584943752163586,False,0,0.084345,False
2026-07-29T12:18:58+00:00,req-08-0138,churn-pipeline-1.2.0,200,95.24,0.5916479971210902,False,0,0.488227,False
2026-07-29T00:28:40+00:00,req-08-0139,churn-pipeline-1.2.0,200,49.98,0.9368640508233067,False,1,0.561274,False
2026-07-29T09:54:35+00:00,req-08-0140,churn-pipeline-1.2.0,200,95.02,1.513141591898296,False,1,0.676158,False
2026-07-29T06:41:05+00:00,req-08-0141,churn-pipeline-1.2.0,200,32.12,-0.7672963651001932,False,0,0.231084,False
2026-07-29T12:02:30+00:00,req-08-0142,churn-pipeline-1.2.0,200,60.29,0.23747358165433696,False,0,0.413832,False
2026-07-29T09:48:04+00:00,req-08-0143,churn-pipeline-1.2.0,200,103.51,0.2601895357456319,False,0,0.418523,False
2026-07-29T16:23:01+00:00,req-08-0144,churn-pipeline-1.2.0,200,81.66,0.0896516876890053,False,0,0.383718,False
2026-07-29T13:08:48+00:00,req-08-0145,churn-pipeline-1.2.0,200,58.35,0.12059884020052612,False,0,0.389957,False
2026-07-29T22:32:00+00:00,req-08-0146,churn-pipeline-1.2.0,200,34.91,0.038992816145814437,False,0,0.373588,False
2026-07-29T01:38:44+00:00,req-08-0147,churn-pipeline-1.2.0,200,42.57,0.22233687166195742,False,0,0.410714,False
2026-07-29T22:40:11+00:00,req-08-0148,churn-pipeline-1.2.0,200,101.38,,True,0,0.365864,False
2026-07-29T18:58:13+00:00,req-08-0149,churn-pipeline-1.2.0,200,58.15,1.2813019008135318,False,1,0.631605,False
2026-07-29T17:06:33+00:00,req-08-0150,churn-pipeline-1.2.0,200,63.52,-0.7941490417283201,False,0,0.227053,False
2026-07-29T19:48:43+00:00,req-08-0151,churn-pipeline-1.2.0,200,71.17,-0.18091642252759152,False,0,0.330975,False
2026-07-29T01:12:33+00:00,req-08-0152,churn-pipeline-1.2.0,200,42.84,-0.44373852588204016,False,0,0.283498,False
2026-07-29T05:06:57+00:00,req-08-0153,churn-pipeline-1.2.0,200,74.05,-0.5939559750600615,False,0,0.258292,False
2026-07-29T00:01:09+00:00,req-08-0154,churn-pipeline-1.2.0,200,56.83,-1.6968329860713276,False,0,0.120013,False
2026-07-29T19:09:43+00:00,req-08-0155,churn-pipeline-1.2.0,500,71.41,0.02543357864561025,False,0,0.370894,True
2026-07-29T08:30:38+00:00,req-08-0156,churn-pipeline-1.2.0,200,54.02,0.5032863880225524,False,0,0.469486,False
2026-07-29T08:40:27+00:00,req-08-0157,churn-pipeline-1.2.0,200,39.29,-0.1628547394938157,False,0,0.334383,False
2026-07-29T14:39:20+00:00,req-08-0158,churn-pipeline-1.2.0,200,56.69,-0.009405791216939567,False,0,0.364012,False
2026-07-29T10:09:16+00:00,req-08-0159,churn-pipeline-1.2.0,200,79.79,0.439358774304588,False,0,0.455978,False
2026-07-29T15:17:36+00:00,req-08-0160,churn-pipeline-1.2.0,200,73.74,1.4816756799218131,False,1,0.670274,False
2026-07-29T22:28:23+00:00,req-08-0161,churn-pipeline-1.2.0,200,65.65,-0.44075275599918784,False,0,0.284013,False
2026-07-29T07:58:11+00:00,req-08-0162,churn-pipeline-1.2.0,200,86.64,-1.230192720050584,False,0,0.168589,False
2026-07-29T21:24:20+00:00,req-08-0163,churn-pipeline-1.2.0,200,60.9,-0.09496215434329477,False,0,0.347348,False
2026-07-29T12:46:38+00:00,req-08-0164,churn-pipeline-1.2.0,200,66.18,1.9777393265384429,False,1,0.756038,False
2026-07-29T09:00:09+00:00,req-08-0165,churn-pipeline-1.2.0,200,55.75,-1.2189455863498075,False,0,0.169933,False
2026-07-29T22:03:33+00:00,req-08-0166,churn-pipeline-1.2.0,200,88.28,0.6826424803592982,False,1,0.507561,False
2026-07-29T11:42:52+00:00,req-08-0167,churn-pipeline-1.2.0,200,71.36,1.2158088907493698,False,1,0.618559,False
2026-07-29T03:03:56+00:00,req-08-0168,churn-pipeline-1.2.0,200,54.39,-2.4838109303639735,False,0,0.0653,False
2026-07-29T06:52:35+00:00,req-08-0169,churn-pipeline-1.2.0,200,40.36,0.4307336497889095,False,0,0.45416,False
2026-07-29T20:17:32+00:00,req-08-0170,churn-pipeline-1.2.0,200,92.57,0.6335811689267499,False,0,0.497136,False
2026-07-29T12:22:13+00:00,req-08-0171,churn-pipeline-1.2.0,200,51.23,-0.28070196144884696,False,0,0.31247,False
2026-07-29T13:26:26+00:00,req-08-0172,churn-pipeline-1.2.0,200,66.52,-0.6787604891442031,False,0,0.244725,False
2026-07-29T16:21:56+00:00,req-08-0173,churn-pipeline-1.2.0,200,138.0,-0.6201954701501794,False,0,0.254043,False
2026-07-29T04:40:01+00:00,req-08-0174,churn-pipeline-1.2.0,200,84.0,-0.34499692066940246,False,0,0.300851,False
2026-07-29T02:13:26+00:00,req-08-0175,churn-pipeline-1.2.0,200,108.85,-0.31720083327216575,False,0,0.305844,False
2026-07-29T10:34:10+00:00,req-08-0176,churn-pipeline-1.2.0,200,54.72,-0.5153158948946057,False,0,0.271304,False
2026-07-29T22:04:34+00:00,req-08-0177,churn-pipeline-1.2.0,200,91.57,-0.361699015316568,False,0,0.297874,False
2026-07-29T03:03:05+00:00,req-08-0178,churn-pipeline-1.2.0,200,65.56,1.2503314150389597,False,1,0.625458,False
2026-07-29T17:15:10+00:00,req-08-0179,churn-pipeline-1.2.0,200,73.08,-1.2751502178608918,False,0,0.1633,False
2026-07-29T23:30:03+00:00,req-08-0180,churn-pipeline-1.2.0,200,124.1,-1.83651134443517,False,0,0.108029,False
2026-07-29T02:19:19+00:00,req-08-0181,churn-pipeline-1.2.0,200,59.46,1.2671243625960311,False,1,0.628796,False
2026-07-29T03:11:42+00:00,req-08-0182,churn-pipeline-1.2.0,200,65.4,-0.2016186473076113,False,0,0.32709,False
2026-07-29T20:51:20+00:00,req-08-0183,churn-pipeline-1.2.0,200,48.68,-0.4076439071066627,False,0,0.289771,False
2026-07-29T02:36:14+00:00,req-08-0184,churn-pipeline-1.2.0,200,86.37,-0.11677797991930249,False,0,0.343156,False
2026-07-29T17:50:54+00:00,req-08-0185,churn-pipeline-1.2.0,200,54.33,0.21974053581808314,False,0,0.41018,False
2026-07-29T19:08:01+00:00,req-08-0186,churn-pipeline-1.2.0,200,90.17,-0.5502537884742841,False,0,0.265473,False
2026-07-29T07:30:54+00:00,req-08-0187,churn-pipeline-1.2.0,200,38.34,0.5312276840296681,False,0,0.475406,False
2026-07-29T06:59:59+00:00,req-08-0188,churn-pipeline-1.2.0,200,77.47,-1.0103757024993412,False,0,0.19642,False
2026-07-29T12:30:51+00:00,req-08-0189,churn-pipeline-1.2.0,200,52.9,-0.3169174867416454,False,0,0.305895,False
2026-07-29T12:09:24+00:00,req-08-0190,churn-pipeline-1.2.0,200,82.12,-2.32543106804899,False,0,0.074013,False
2026-07-29T20:38:35+00:00,req-08-0191,churn-pipeline-1.2.0,200,64.72,1.2308489916069638,False,1,0.621571,False
2026-07-29T14:13:00+00:00,req-08-0192,churn-pipeline-1.2.0,200,54.77,-0.18489208138761098,False,0,0.330227,False
2026-07-29T23:14:06+00:00,req-08-0193,churn-pipeline-1.2.0,200,57.44,0.7036092963240164,False,1,0.512015,False
2026-07-29T05:45:29+00:00,req-08-0194,churn-pipeline-1.2.0,200,49.51,0.5004033134795624,False,0,0.468876,False
2026-07-29T06:44:45+00:00,req-08-0195,churn-pipeline-1.2.0,200,84.99,0.5773044693898881,False,0,0.485182,False
2026-07-29T05:47:07+00:00,req-08-0196,churn-pipeline-1.2.0,200,46.47,-0.008164305003063723,False,0,0.364256,False
2026-07-29T15:36:48+00:00,req-08-0197,churn-pipeline-1.2.0,500,59.68,0.40763876237613356,False,0,0.449298,True
2026-07-29T00:48:14+00:00,req-08-0198,churn-pipeline-1.2.0,200,72.59,-1.0093486332425416,False,0,0.196558,False
2026-07-29T20:38:45+00:00,req-08-0199,churn-pipeline-1.2.0,200,108.93,-1.2297374840412192,False,0,0.168643,False
2026-07-29T18:31:25+00:00,req-08-0200,churn-pipeline-1.2.0,200,64.81,-0.10616123018051757,False,0,0.345193,False
2026-07-29T23:42:57+00:00,req-08-0201,churn-pipeline-1.2.0,200,60.15,-0.713765199415554,False,0,0.239267,False
2026-07-29T23:00:10+00:00,req-08-0202,churn-pipeline-1.2.0,200,70.95,1.4967373819118979,False,1,0.673097,False
2026-07-29T01:41:50+00:00,req-08-0203,churn-pipeline-1.2.0,200,33.48,0.3939016507724656,False,0,0.446411,False
2026-07-29T17:56:40+00:00,req-08-0204,churn-pipeline-1.2.0,200,44.29,-0.7523054596265663,False,0,0.233356,False
2026-07-29T12:05:12+00:00,req-08-0205,churn-pipeline-1.2.0,200,57.64,-0.2851174604308592,False,0,0.311664,False
2026-07-29T17:39:07+00:00,req-08-0206,churn-pipeline-1.2.0,200,51.74,0.13965691108750453,False,0,0.393818,False
2026-07-29T20:58:04+00:00,req-08-0207,churn-pipeline-1.2.0,200,38.94,-0.07140310395636278,False,0,0.351901,False
2026-07-29T13:59:46+00:00,req-08-0208,churn-pipeline-1.2.0,200,85.53,0.28533333458097815,False,0,0.423733,False
2026-07-29T00:04:32+00:00,req-08-0209,churn-pipeline-1.2.0,200,70.63,0.0720872716854234,False,0,0.380194,False
2026-07-29T20:45:14+00:00,req-08-0210,churn-pipeline-1.2.0,200,67.98,-1.460189585893584,False,0,0.14293,False
2026-07-29T10:29:37+00:00,req-08-0211,churn-pipeline-1.2.0,200,52.06,-2.2584497958791063,False,0,0.078011,False
2026-07-29T11:00:35+00:00,req-08-0212,churn-pipeline-1.2.0,200,66.67,-0.39228949713659056,False,0,0.292464,False
2026-07-29T14:01:14+00:00,req-08-0213,churn-pipeline-1.2.0,200,76.63,0.5885173403532752,False,0,0.487563,False
2026-07-29T21:52:42+00:00,req-08-0214,churn-pipeline-1.2.0,200,59.72,-0.3804874862917578,False,0,0.294544,False
2026-07-29T12:38:08+00:00,req-08-0215,churn-pipeline-1.2.0,200,74.94,1.2983923190754865,False,1,0.634978,False
2026-07-29T04:59:02+00:00,req-08-0216,churn-pipeline-1.2.0,200,50.38,-0.04923103426384365,False,0,0.356211,False
2026-07-29T17:35:11+00:00,req-08-0217,churn-pipeline-1.2.0,200,67.06,1.4250558674645777,False,1,0.659552,False
2026-07-29T15:11:32+00:00,req-08-0218,churn-pipeline-1.2.0,200,93.69,1.2094986112275208,False,1,0.617293,False
2026-07-29T01:34:21+00:00,req-08-0219,churn-pipeline-1.2.0,200,96.41,,True,0,0.365864,False
2026-07-29T12:47:02+00:00,req-08-0220,churn-pipeline-1.2.0,200,99.41,-1.2636872159173504,False,0,0.164636,False
2026-07-29T18:51:00+00:00,req-08-0221,churn-pipeline-1.2.0,200,71.22,0.017997701371861793,False,0,0.369421,False
2026-07-29T21:13:06+00:00,req-08-0222,churn-pipeline-1.2.0,200,65.66,1.28391216185643,False,1,0.632121,False
2026-07-29T06:47:45+00:00,req-08-0223,churn-pipeline-1.2.0,200,56.3,0.2859619609959403,False,0,0.423864,False
2026-07-29T12:32:26+00:00,req-08-0224,churn-pipeline-1.2.0,200,36.45,0.5820779002489164,False,0,0.486195,False
2026-07-29T19:46:53+00:00,req-08-0225,churn-pipeline-1.2.0,200,42.27,-1.4572816703714027,False,0,0.143233,False
2026-07-29T14:00:36+00:00,req-08-0226,churn-pipeline-1.2.0,200,61.6,2.0147294271384704,False,1,0.76179,False
2026-07-29T10:04:03+00:00,req-08-0227,churn-pipeline-1.2.0,200,62.79,-0.8309431226936872,False,0,0.221611,False
2026-07-29T04:25:18+00:00,req-08-0228,churn-pipeline-1.2.0,200,102.14,-2.0941463988377067,False,0,0.088667,False
2026-07-29T01:01:48+00:00,req-08-0229,churn-pipeline-1.2.0,200,99.0,-0.36868202471632017,False,0,0.296634,False
2026-07-29T16:33:43+00:00,req-08-0230,churn-pipeline-1.2.0,200,52.18,-2.56985804409712,False,0,0.060975,False
2026-07-29T23:08:02+00:00,req-08-0231,churn-pipeline-1.2.0,200,84.46,-1.1393814020307251,False,0,0.179686,False
2026-07-29T14:25:10+00:00,req-08-0232,churn-pipeline-1.2.0,200,55.8,2.686437424759668,False,1,0.849856,False
2026-07-29T18:43:59+00:00,req-08-0233,churn-pipeline-1.2.0,200,80.87,-0.3990428163783808,False,0,0.291278,False
2026-07-29T16:15:07+00:00,req-08-0234,churn-pipeline-1.2.0,200,84.13,-1.4991765263787804,False,0,0.138919,False
2026-07-29T08:20:51+00:00,req-08-0235,churn-pipeline-1.2.0,200,96.72,0.026562780894423422,False,0,0.371118,False
2026-07-29T12:32:51+00:00,req-08-0236,churn-pipeline-1.2.0,200,55.52,-0.9426939322835739,False,0,0.20566,False
2026-07-29T06:28:50+00:00,req-08-0237,churn-pipeline-1.2.0,200,89.92,0.9077451596576266,False,1,0.55517,False
2026-07-29T05:21:25+00:00,req-08-0238,churn-pipeline-1.2.0,200,35.7,-0.9340220183553425,False,0,0.206866,False
2026-07-29T14:08:06+00:00,req-08-0239,churn-pipeline-1.2.0,200,98.41,0.28427039564191686,False,0,0.423513,False
2026-07-29T15:30:15+00:00,req-08-0240,churn-pipeline-1.2.0,200,64.48,-1.2044119887160822,False,0,0.171682,False
2026-07-29T23:41:42+00:00,req-08-0241,churn-pipeline-1.2.0,200,64.92,2.728979552030081,False,1,0.854412,False
2026-07-29T05:40:07+00:00,req-08-0242,churn-pipeline-1.2.0,200,33.87,0.52880490602868,False,0,0.474892,False
2026-07-29T06:57:50+00:00,req-08-0243,churn-pipeline-1.2.0,200,57.4,-0.15278108735659082,False,0,0.336292,False
2026-07-29T03:59:13+00:00,req-08-0244,churn-pipeline-1.2.0,200,100.3,-0.30760616316284944,False,0,0.307578,False
2026-07-29T22:45:30+00:00,req-08-0245,churn-pipeline-1.2.0,200,56.7,-0.5812799824118324,False,0,0.260362,False
2026-07-29T18:45:19+00:00,req-08-0246,churn-pipeline-1.2.0,200,81.67,-0.7989591537978936,False,0,0.226336,False
2026-07-29T07:55:45+00:00,req-08-0247,churn-pipeline-1.2.0,200,65.72,-0.8278165624902456,False,0,0.22207,False
2026-07-29T23:15:16+00:00,req-08-0248,churn-pipeline-1.2.0,200,91.33,1.7622452929850492,False,1,0.720694,False
2026-07-29T16:53:54+00:00,req-08-0249,churn-pipeline-1.2.0,200,69.11,-0.5802446556073005,False,0,0.260531,False
2026-07-29T11:25:58+00:00,req-08-0250,churn-pipeline-1.2.0,200,48.24,-2.235889851970342,False,0,0.079402,False
2026-07-29T09:09:41+00:00,req-08-0251,churn-pipeline-1.2.0,200,66.18,-1.2242661069238892,False,0,0.169296,False
2026-07-29T13:39:39+00:00,req-08-0252,churn-pipeline-1.2.0,200,108.5,0.9741108509990944,False,1,0.569054,False
2026-07-29T02:02:28+00:00,req-08-0253,churn-pipeline-1.2.0,200,76.22,-0.2649402594209037,False,0,0.315355,False
2026-07-29T04:07:46+00:00,req-08-0254,churn-pipeline-1.2.0,200,62.62,-0.14078568014318954,False,0,0.338571,False
2026-07-29T22:28:06+00:00,req-08-0255,churn-pipeline-1.2.0,200,133.78,1.2283051739900475,False,1,0.621062,False
2026-07-29T04:57:33+00:00,req-08-0256,churn-pipeline-1.2.0,200,94.19,-0.8160249186309184,False,0,0.223806,False
2026-07-29T03:56:03+00:00,req-08-0257,churn-pipeline-1.2.0,200,84.41,0.6640386082374492,False,1,0.503608,False
2026-07-29T20:38:16+00:00,req-08-0258,churn-pipeline-1.2.0,200,71.95,-0.7012773072769721,False,0,0.241205,False
2026-07-29T22:40:21+00:00,req-08-0259,churn-pipeline-1.2.0,200,82.11,0.6046704685899504,False,0,0.490993,False
2026-07-29T19:37:54+00:00,req-08-0260,churn-pipeline-1.2.0,200,82.97,-0.41069201330814153,False,0,0.289238,False
2026-07-29T02:28:45+00:00,req-08-0261,churn-pipeline-1.2.0,200,32.33,-0.2536266335984748,False,0,0.317435,False
2026-07-29T20:08:02+00:00,req-08-0262,churn-pipeline-1.2.0,200,73.76,0.8611403403868412,False,1,0.545367,False
2026-07-29T06:24:24+00:00,req-08-0263,churn-pipeline-1.2.0,200,61.74,0.7854260480666245,False,1,0.529369,False
2026-07-29T00:15:51+00:00,req-08-0264,churn-pipeline-1.2.0,200,55.39,-0.17369938467481402,False,0,0.332335,False
2026-07-29T22:06:07+00:00,req-08-0265,churn-pipeline-1.2.0,200,61.06,-0.49520485349452475,False,0,0.274696,False
2026-07-29T06:25:24+00:00,req-08-0266,churn-pipeline-1.2.0,200,39.51,1.679104963705737,False,1,0.70625,False
2026-07-29T15:48:17+00:00,req-08-0267,churn-pipeline-1.2.0,200,36.49,0.6187973520728672,False,0,0.493995,False
2026-07-29T01:46:16+00:00,req-08-0268,churn-pipeline-1.2.0,200,96.86,-0.41069889909077933,False,0,0.289237,False
2026-07-29T04:32:51+00:00,req-08-0269,churn-pipeline-1.2.0,200,75.36,-0.6857385814542428,False,0,0.24363,False
2026-07-29T21:08:19+00:00,req-08-0270,churn-pipeline-1.2.0,200,30.03,1.0761423822892466,False,1,0.590183,False
2026-07-29T14:12:36+00:00,req-08-0271,churn-pipeline-1.2.0,200,54.05,0.12117009035581733,False,0,0.390073,False
2026-07-29T23:58:02+00:00,req-08-0272,churn-pipeline-1.2.0,200,86.16,-0.17173064488239054,False,0,0.332706,False
2026-07-29T04:19:45+00:00,req-08-0273,churn-pipeline-1.2.0,200,59.43,0.12072393434072347,False,0,0.389983,False
2026-07-29T21:22:39+00:00,req-08-0274,churn-pipeline-1.2.0,200,96.81,0.3546867183688411,False,0,0.438189,False
2026-07-29T20:59:11+00:00,req-08-0275,churn-pipeline-1.2.0,200,90.95,-0.05952360480231017,False,0,0.354208,False
2026-07-29T22:10:49+00:00,req-08-0276,churn-pipeline-1.2.0,200,42.11,1.2638712101851441,False,1,0.62815,False
2026-07-29T01:11:45+00:00,req-08-0277,churn-pipeline-1.2.0,200,62.09,1.3223054000225862,False,1,0.639676,False
2026-07-29T02:30:31+00:00,req-08-0278,churn-pipeline-1.2.0,200,56.32,0.5584825251618895,False,0,0.481186,False
2026-07-29T12:42:52+00:00,req-08-0279,churn-pipeline-1.2.0,200,41.67,1.4434549400204089,False,1,0.663055,False
2026-07-29T02:46:36+00:00,req-08-0280,churn-pipeline-1.2.0,200,40.81,0.008921606545133154,False,0,0.367626,False
2026-07-29T01:31:24+00:00,req-08-0281,churn-pipeline-1.2.0,200,50.22,0.7248475552548461,False,1,0.516524,False
2026-07-29T19:28:24+00:00,req-08-0282,churn-pipeline-1.2.0,200,52.95,1.0546791348155387,False,1,0.585763,False
2026-07-29T16:40:49+00:00,req-08-0283,churn-pipeline-1.2.0,200,71.17,1.0699901940174406,False,1,0.588917,False
2026-07-29T20:15:23+00:00,req-08-0284,churn-pipeline-1.2.0,200,90.79,0.9617991051252611,False,1,0.566486,False
2026-07-29T22:27:32+00:00,req-08-0285,churn-pipeline-1.2.0,200,76.61,0.6627486537857689,False,1,0.503334,False
2026-07-29T03:25:19+00:00,req-08-0286,churn-pipeline-1.2.0,200,82.64,2.0549845214199904,False,1,0.767944,False
2026-07-29T19:56:44+00:00,req-08-0287,churn-pipeline-1.2.0,200,59.68,-0.5666805745287657,False,0,0.262759,False
2026-07-29T01:03:02+00:00,req-08-0288,churn-pipeline-1.2.0,200,78.83,-0.16298182693822116,False,0,0.334359,False
2026-07-29T08:55:17+00:00,req-08-0289,churn-pipeline-1.2.0,200,61.99,-0.2252360004826409,False,0,0.322687,False
2026-07-29T07:08:27+00:00,req-08-0290,churn-pipeline-1.2.0,200,56.44,-0.38647050200199995,False,0,0.293489,False
2026-07-29T05:41:08+00:00,req-08-0291,churn-pipeline-1.2.0,500,119.28,-2.0882106455856833,False,0,0.089075,True
2026-07-29T17:14:42+00:00,req-08-0292,churn-pipeline-1.2.0,200,30.83,1.44360804599366,False,1,0.663084,False
2026-07-29T02:54:16+00:00,req-08-0293,churn-pipeline-1.2.0,200,35.69,-1.0773424819985915,False,0,0.187591,False
2026-07-29T19:25:05+00:00,req-08-0294,churn-pipeline-1.2.0,200,73.47,0.17830565418340208,False,0,0.401687,False
2026-07-29T20:58:01+00:00,req-08-0295,churn-pipeline-1.2.0,200,59.72,-1.492954236558631,False,0,0.139553,False
2026-07-29T15:58:34+00:00,req-08-0296,churn-pipeline-1.2.0,200,41.04,0.6517515172557253,False,1,0.500997,False
2026-07-29T01:56:47+00:00,req-08-0297,churn-pipeline-1.2.0,200,46.38,-0.8246658377372078,False,0,0.222533,False
2026-07-29T14:19:08+00:00,req-08-0298,churn-pipeline-1.2.0,200,48.36,-1.1927600203145106,False,0,0.173095,False
2026-07-29T15:05:30+00:00,req-08-0299,churn-pipeline-1.2.0,200,86.48,0.20406063770579158,False,0,0.40696,False
2026-07-29T08:57:10+00:00,req-08-0300,churn-pipeline-1.2.0,200,95.81,-0.7357713095067603,False,0,0.235879,False
2026-07-29T08:48:51+00:00,req-08-0301,churn-pipeline-1.2.0,200,109.84,-0.6028670508906916,False,0,0.256844,False
2026-07-29T11:15:36+00:00,req-08-0302,churn-pipeline-1.2.0,200,39.09,0.18037909595960164,False,0,0.402111,False
2026-07-29T23:53:55+00:00,req-08-0303,churn-pipeline-1.2.0,200,41.97,0.8399889263161382,False,1,0.540906,False
2026-07-29T00:05:15+00:00,req-08-0304,churn-pipeline-1.2.0,200,41.06,-0.8593205122652973,False,0,0.217478,False
2026-07-29T12:12:42+00:00,req-08-0305,churn-pipeline-1.2.0,200,98.18,-1.0407520976910747,False,0,0.192377,False
2026-07-29T07:36:22+00:00,req-08-0306,churn-pipeline-1.2.0,200,74.28,0.02465785001638864,False,0,0.370741,False
2026-07-29T13:10:15+00:00,req-08-0307,churn-pipeline-1.2.0,200,66.69,0.5662152092709865,False,0,0.482827,False
2026-07-29T00:05:42+00:00,req-08-0308,churn-pipeline-1.2.0,200,69.96,1.5358929514536563,False,1,0.680378,False
2026-07-29T22:01:45+00:00,req-08-0309,churn-pipeline-1.2.0,200,63.83,-1.1248960782083866,False,0,0.181508,False
2026-07-29T10:58:04+00:00,req-08-0310,churn-pipeline-1.2.0,200,45.4,-0.3338654563338997,False,0,0.302845,False
2026-07-29T23:16:16+00:00,req-08-0311,churn-pipeline-1.2.0,200,76.6,1.2345753263290171,False,1,0.622316,False
2026-07-29T03:42:04+00:00,req-08-0312,churn-pipeline-1.2.0,200,61.24,2.0717492629456546,False,1,0.770474,False
2026-07-29T14:00:26+00:00,req-08-0313,churn-pipeline-1.2.0,200,44.27,-1.042745549274192,False,0,0.192114,False
2026-07-29T16:18:56+00:00,req-08-0314,churn-pipeline-1.2.0,200,78.11,-0.7757525157969825,False,0,0.229809,False
2026-07-29T19:06:30+00:00,req-08-0315,churn-pipeline-1.2.0,200,56.72,0.4001550993403527,False,0,0.447725,False
2026-07-29T00:12:58+00:00,req-08-0316,churn-pipeline-1.2.0,200,69.91,-0.6066302993027417,False,0,0.256234,False
2026-07-29T15:14:03+00:00,req-08-0317,churn-pipeline-1.2.0,200,62.45,-0.7971933422354502,False,0,0.226599,False
2026-07-29T03:32:51+00:00,req-08-0318,churn-pipeline-1.2.0,200,86.46,0.2566941366873525,False,0,0.4178,False
2026-07-29T10:15:27+00:00,req-08-0319,churn-pipeline-1.2.0,200,69.74,1.6268909514267664,False,1,0.696959,False
2026-07-29T01:16:51+00:00,req-08-0320,churn-pipeline-1.2.0,200,48.99,-1.3749564098543554,False,0,0.152037,False
2026-07-29T01:22:32+00:00,req-08-0321,churn-pipeline-1.2.0,200,72.05,1.5732508131684886,False,1,0.687243,False
2026-07-29T18:23:30+00:00,req-08-0322,churn-pipeline-1.2.0,200,72.81,-0.6035076795120325,False,0,0.25674,False
2026-07-29T17:13:33+00:00,req-08-0323,churn-pipeline-1.2.0,200,76.56,0.3630815173211085,False,0,0.439946,False
2026-07-29T21:29:12+00:00,req-08-0324,churn-pipeline-1.2.0,200,90.55,1.6703932571569537,False,1,0.704711,False
2026-07-29T16:48:22+00:00,req-08-0325,churn-pipeline-1.2.0,200,53.37,0.34158977191721757,False,0,0.43545,False
2026-07-29T14:18:00+00:00,req-08-0326,churn-pipeline-1.2.0,200,80.49,-0.3123656006091477,False,0,0.306717,False
2026-07-29T02:48:03+00:00,req-08-0327,churn-pipeline-1.2.0,200,37.43,0.7540844038294762,False,1,0.522727,False
2026-07-29T18:21:45+00:00,req-08-0328,churn-pipeline-1.2.0,200,62.55,-0.1818245124490625,False,0,0.330804,False
2026-07-29T05:31:17+00:00,req-08-0329,churn-pipeline-1.2.0,200,59.53,0.547418602074345,False,0,0.478839,False
2026-07-29T02:33:33+00:00,req-08-0330,churn-pipeline-1.2.0,200,103.31,-0.2149150482967104,False,0,0.324607,False
2026-07-29T17:34:15+00:00,req-08-0331,churn-pipeline-1.2.0,200,61.83,0.9042105418384905,False,1,0.554428,False
2026-07-29T14:06:46+00:00,req-08-0332,churn-pipeline-1.2.0,200,78.96,-1.4639432771777272,False,0,0.14254,False
2026-07-29T03:35:35+00:00,req-08-0333,churn-pipeline-1.2.0,200,36.99,-1.0641977052983598,False,0,0.1893,False
2026-07-29T13:10:54+00:00,req-08-0334,churn-pipeline-1.2.0,200,58.08,-1.4793748461113434,False,0,0.140944,False
2026-07-29T16:34:56+00:00,req-08-0335,churn-pipeline-1.2.0,200,49.58,-0.059250900656156576,False,0,0.354261,False
2026-07-29T11:58:23+00:00,req-08-0336,churn-pipeline-1.2.0,200,143.53,-1.606015129750259,False,0,0.128408,False
2026-07-29T17:13:53+00:00,req-08-0337,churn-pipeline-1.2.0,200,52.51,-0.7264231538201602,False,0,0.237314,False
2026-07-29T12:06:30+00:00,req-08-0338,churn-pipeline-1.2.0,200,66.54,-1.1628840347972482,False,0,0.176761,False
2026-07-29T08:28:48+00:00,req-08-0339,churn-pipeline-1.2.0,200,67.69,1.5536600410157653,False,1,0.683653,False
2026-07-29T05:21:43+00:00,req-08-0340,churn-pipeline-1.2.0,200,39.09,-1.040214369784631,False,0,0.192448,False
2026-07-29T06:11:46+00:00,req-08-0341,churn-pipeline-1.2.0,200,54.93,,True,0,0.365864,False
2026-07-29T19:25:07+00:00,req-08-0342,churn-pipeline-1.2.0,200,73.99,0.260755460454058,False,0,0.41864,False
2026-07-29T08:57:10+00:00,req-08-0343,churn-pipeline-1.2.0,200,66.81,1.7711622122897432,False,1,0.722217,False
2026-07-29T17:11:17+00:00,req-08-0344,churn-pipeline-1.2.0,200,31.13,-0.12187043320796924,False,0,0.342181,False
2026-07-29T08:37:14+00:00,req-08-0345,churn-pipeline-1.2.0,200,54.21,,True,0,0.365864,False
2026-07-29T12:36:39+00:00,req-08-0346,churn-pipeline-1.2.0,200,90.11,1.3552953341323999,False,1,0.646114,False
2026-07-29T14:34:06+00:00,req-08-0347,churn-pipeline-1.2.0,200,78.46,0.9221408051272685,False,1,0.55819,False
2026-07-29T11:27:55+00:00,req-08-0348,churn-pipeline-1.2.0,200,95.98,0.4466857338424871,False,0,0.457523,False
2026-07-29T17:51:08+00:00,req-08-0349,churn-pipeline-1.2.0,200,47.42,-0.6114577648202031,False,0,0.255453,False
2026-07-29T22:10:45+00:00,req-08-0350,churn-pipeline-1.2.0,200,97.93,0.47875580160094355,False,0,0.464296,False
2026-07-29T20:40:55+00:00,req-08-0351,churn-pipeline-1.2.0,200,64.08,-1.4288233001203214,False,0,0.146228,False
2026-07-29T22:06:51+00:00,req-08-0352,churn-pipeline-1.2.0,200,108.19,-0.6548593268622279,False,0,0.2485,False
2026-07-29T00:43:11+00:00,req-08-0353,churn-pipeline-1.2.0,200,65.07,1.503035783503012,False,1,0.674274,False
2026-07-29T18:13:24+00:00,req-08-0354,churn-pipeline-1.2.0,200,33.76,1.3670923189781778,False,1,0.648403,False
2026-07-29T17:26:14+00:00,req-08-0355,churn-pipeline-1.2.0,200,85.3,0.4593589343021447,False,0,0.460198,False
2026-07-29T09:53:51+00:00,req-08-0356,churn-pipeline-1.2.0,200,56.4,-2.025821407445491,False,0,0.093473,False
2026-07-29T07:32:25+00:00,req-08-0357,churn-pipeline-1.2.0,200,57.63,-1.2686326043823077,False,0,0.164058,False
2026-07-29T01:16:32+00:00,req-08-0358,churn-pipeline-1.2.0,200,40.83,-0.7134460500447722,False,0,0.239317,False
2026-07-29T20:07:38+00:00,req-08-0359,churn-pipeline-1.2.0,200,109.23,-0.18028398290565303,False,0,0.331094,False
2026-07-29T20:09:52+00:00,req-08-0360,churn-pipeline-1.2.0,200,55.02,-1.3129317080312612,False,0,0.158959,False
2026-07-29T01:49:01+00:00,req-08-0361,churn-pipeline-1.2.0,200,107.6,-0.25862940976134347,False,0,0.316515,False
2026-07-29T13:58:16+00:00,req-08-0362,churn-pipeline-1.2.0,200,56.62,1.8556600000631236,False,1,0.736394,False
2026-07-29T13:13:41+00:00,req-08-0363,churn-pipeline-1.2.0,200,48.3,0.4208776707016064,False,0,0.452084,False
2026-07-29T04:08:16+00:00,req-08-0364,churn-pipeline-1.2.0,200,99.15,0.22976796040908828,False,0,0.412244,False
2026-07-29T13:10:05+00:00,req-08-0365,churn-pipeline-1.2.0,200,63.49,-1.0684331899694126,False,0,0.188748,False
2026-07-29T19:28:54+00:00,req-08-0366,churn-pipeline-1.2.0,200,63.69,-1.7209340260481325,False,0,0.117866,False
2026-07-29T07:50:10+00:00,req-08-0367,churn-pipeline-1.2.0,200,43.13,-1.28960624682019,False,0,0.161628,False
2026-07-29T17:25:04+00:00,req-08-0368,churn-pipeline-1.2.0,200,56.15,-1.7633586054430608,False,0,0.114168,False
2026-07-29T23:17:14+00:00,req-08-0369,churn-pipeline-1.2.0,200,74.56,0.07878702535358455,False,0,0.381537,False
2026-07-29T10:54:52+00:00,req-08-0370,churn-pipeline-1.2.0,200,42.89,0.4030800946277272,False,0,0.44834,False
2026-07-29T02:33:58+00:00,req-08-0371,churn-pipeline-1.2.0,200,54.7,-1.013554450460314,False,0,0.195994,False
2026-07-29T07:08:12+00:00,req-08-0372,churn-pipeline-1.2.0,200,56.82,0.15531530690460482,False,0,0.397,False
2026-07-29T03:16:24+00:00,req-08-0373,churn-pipeline-1.2.0,200,66.4,1.5424435070438978,False,1,0.681588,False
2026-07-29T08:27:56+00:00,req-08-0374,churn-pipeline-1.2.0,200,104.36,2.055582209464599,False,1,0.768034,False
2026-07-29T15:27:44+00:00,req-08-0375,churn-pipeline-1.2.0,200,59.05,0.8089308682866794,False,1,0.534344,False
2026-07-30T12:20:35+00:00,req-09-0000,churn-pipeline-1.2.0,200,67.12,0.2761154999055215,False,0,0.421821,False
2026-07-30T17:20:00+00:00,req-09-0001,churn-pipeline-1.2.0,200,85.5,1.7828484237787166,False,1,0.724206,False
2026-07-30T03:45:47+00:00,req-09-0002,churn-pipeline-1.2.0,200,61.0,-0.5279023785640962,False,0,0.269194,False
2026-07-30T09:45:38+00:00,req-09-0003,churn-pipeline-1.2.0,200,106.79,0.6803529067971676,False,1,0.507075,False
2026-07-30T16:41:32+00:00,req-09-0004,churn-pipeline-1.2.0,200,40.32,-0.9244657621583486,False,0,0.208202,False
2026-07-30T14:54:44+00:00,req-09-0005,churn-pipeline-1.2.0,200,88.07,-2.170068723562372,False,0,0.083589,False
2026-07-30T00:08:16+00:00,req-09-0006,churn-pipeline-1.2.0,200,67.52,0.21783167738861492,False,0,0.409788,False
2026-07-30T00:49:52+00:00,req-09-0007,churn-pipeline-1.2.0,200,46.92,0.38892569464289417,False,0,0.445366,False
2026-07-30T23:32:26+00:00,req-09-0008,churn-pipeline-1.2.0,200,121.39,-0.11555383291460827,False,0,0.343391,False
2026-07-30T12:41:32+00:00,req-09-0009,churn-pipeline-1.2.0,200,117.45,-1.570784219310848,False,0,0.131797,False
2026-07-30T20:32:09+00:00,req-09-0010,churn-pipeline-1.2.0,200,33.47,0.3195161283737024,False,0,0.430843,False
2026-07-30T01:44:41+00:00,req-09-0011,churn-pipeline-1.2.0,200,68.78,0.27962931584641815,False,0,0.42255,False
2026-07-30T11:46:33+00:00,req-09-0012,churn-pipeline-1.2.0,200,81.47,-0.9332196626472021,False,0,0.206978,False
2026-07-30T13:49:53+00:00,req-09-0013,churn-pipeline-1.2.0,200,74.87,-1.421166150046671,False,0,0.147042,False
2026-07-30T22:06:09+00:00,req-09-0014,churn-pipeline-1.2.0,200,105.57,-0.26500732409126565,False,0,0.315343,False
2026-07-30T17:03:14+00:00,req-09-0015,churn-pipeline-1.2.0,200,98.77,0.6855757091166569,False,1,0.508184,False
2026-07-30T15:04:24+00:00,req-09-0016,churn-pipeline-1.2.0,200,70.76,0.43748746838159025,False,0,0.455583,False
2026-07-30T07:02:34+00:00,req-09-0017,churn-pipeline-1.2.0,200,134.7,-0.924878847725782,False,0,0.208144,False
2026-07-30T23:51:01+00:00,req-09-0018,churn-pipeline-1.2.0,200,87.72,0.1437713392731078,False,0,0.394653,False
2026-07-30T07:51:49+00:00,req-09-0019,churn-pipeline-1.2.0,200,58.09,0.9314827257493453,False,1,0.560147,False
2026-07-30T06:40:45+00:00,req-09-0020,churn-pipeline-1.2.0,200,54.47,-1.2312989947301554,False,0,0.168457,False
2026-07-30T17:22:10+00:00,req-09-0021,churn-pipeline-1.2.0,200,96.76,0.06631313644535367,False,0,0.379038,False
2026-07-30T23:55:32+00:00,req-09-0022,churn-pipeline-1.2.0,200,50.43,1.4066230291794168,False,1,0.656025,False
2026-07-30T20:33:52+00:00,req-09-0023,churn-pipeline-1.2.0,200,57.01,-1.338678763058593,False,0,0.156055,False
2026-07-30T04:19:33+00:00,req-09-0024,churn-pipeline-1.2.0,200,60.2,1.2133026056019844,False,1,0.618057,False
2026-07-30T19:34:09+00:00,req-09-0025,churn-pipeline-1.2.0,200,72.83,1.7001468249385043,False,1,0.709947,False
2026-07-30T08:28:55+00:00,req-09-0026,churn-pipeline-1.2.0,200,61.1,-0.2333158014294308,False,0,0.321188,False
2026-07-30T05:19:39+00:00,req-09-0027,churn-pipeline-1.2.0,200,42.65,-0.3601590499670947,False,0,0.298147,False
2026-07-30T22:26:52+00:00,req-09-0028,churn-pipeline-1.2.0,200,94.28,1.0847491399705376,False,1,0.591951,False
2026-07-30T22:47:44+00:00,req-09-0029,churn-pipeline-1.2.0,200,57.11,-0.19543689378099505,False,0,0.328248,False
2026-07-30T08:53:34+00:00,req-09-0030,churn-pipeline-1.2.0,200,124.06,-2.470783035729847,False,0,0.065979,False
2026-07-30T00:37:43+00:00,req-09-0031,churn-pipeline-1.2.0,200,71.64,-0.10373432442405846,False,0,0.345659,False
2026-07-30T05:02:09+00:00,req-09-0032,churn-pipeline-1.2.0,200,97.5,0.4939241666042909,False,0,0.467505,False
2026-07-30T12:59:21+00:00,req-09-0033,churn-pipeline-1.2.0,200,79.54,0.7770880462615914,False,1,0.527603,False
2026-07-30T01:25:39+00:00,req-09-0034,churn-pipeline-1.2.0,200,99.01,-0.9246606229895189,False,0,0.208175,False
2026-07-30T05:27:06+00:00,req-09-0035,churn-pipeline-1.2.0,200,78.01,-0.2832911754462389,False,0,0.311997,False
2026-07-30T03:34:29+00:00,req-09-0036,churn-pipeline-1.2.0,200,70.08,1.0257526273599145,False,1,0.579785,False
2026-07-30T22:51:01+00:00,req-09-0037,churn-pipeline-1.2.0,200,92.22,-0.06299855248400434,False,0,0.353532,False
2026-07-30T08:31:31+00:00,req-09-0038,churn-pipeline-1.2.0,200,144.01,-1.6051748936589594,False,0,0.128487,False
2026-07-30T09:07:17+00:00,req-09-0039,churn-pipeline-1.2.0,200,59.62,1.2995199101013948,False,1,0.6352,False
2026-07-30T10:06:34+00:00,req-09-0040,churn-pipeline-1.2.0,200,83.83,-0.22481657349610745,False,0,0.322765,False
2026-07-30T00:18:45+00:00,req-09-0041,churn-pipeline-1.2.0,200,64.89,1.1457797160404493,False,1,0.604419,False
2026-07-30T13:01:07+00:00,req-09-0042,churn-pipeline-1.2.0,200,76.43,-1.4652295306598768,False,0,0.142406,False
2026-07-30T21:53:57+00:00,req-09-0043,churn-pipeline-1.2.0,200,65.88,-0.12703608496853921,False,0,0.341193,False
2026-07-30T19:31:34+00:00,req-09-0044,churn-pipeline-1.2.0,200,32.59,0.5352228248610966,False,0,0.476253,False
2026-07-30T06:01:01+00:00,req-09-0045,churn-pipeline-1.2.0,200,60.97,-0.09150210457603722,False,0,0.348015,False
2026-07-30T00:19:19+00:00,req-09-0046,churn-pipeline-1.2.0,200,89.5,-1.2421565124370426,False,0,0.167168,False
2026-07-30T18:33:39+00:00,req-09-0047,churn-pipeline-1.2.0,200,50.88,-2.5061434721856903,False,0,0.064151,False
2026-07-30T20:11:12+00:00,req-09-0048,churn-pipeline-1.2.0,200,87.28,1.5994283859785279,False,1,0.692006,False
2026-07-30T22:07:18+00:00,req-09-0049,churn-pipeline-1.2.0,200,68.93,0.26044011199639133,False,0,0.418575,False
2026-07-30T13:51:14+00:00,req-09-0050,churn-pipeline-1.2.0,200,61.14,1.225141105430695,False,1,0.620429,False
2026-07-30T11:21:51+00:00,req-09-0051,churn-pipeline-1.2.0,200,86.86,0.9751025543284717,False,1,0.569261,False
2026-07-30T18:09:19+00:00,req-09-0052,churn-pipeline-1.2.0,200,80.83,0.626689167425558,False,0,0.495672,False
2026-07-30T16:34:09+00:00,req-09-0053,churn-pipeline-1.2.0,200,74.36,-0.3374042229044213,False,0,0.302211,False
2026-07-30T18:10:03+00:00,req-09-0054,churn-pipeline-1.2.0,200,89.97,0.5142552719210849,False,0,0.471809,False
2026-07-30T06:49:29+00:00,req-09-0055,churn-pipeline-1.2.0,200,69.36,1.5041637936892607,False,1,0.674485,False
2026-07-30T21:40:36+00:00,req-09-0056,churn-pipeline-1.2.0,200,38.4,0.08716147468744492,False,0,0.383218,False
2026-07-30T00:53:32+00:00,req-09-0057,churn-pipeline-1.2.0,200,57.59,1.9967860966191497,False,1,0.759012,False
2026-07-30T02:14:28+00:00,req-09-0058,churn-pipeline-1.2.0,200,36.49,-1.5743929807901988,False,0,0.131446,False
2026-07-30T15:42:52+00:00,req-09-0059,churn-pipeline-1.2.0,200,80.22,-1.6872540418255693,False,0,0.120875,False
2026-07-30T13:42:58+00:00,req-09-0060,churn-pipeline-1.2.0,200,86.59,1.0374789752453637,False,1,0.582211,False
2026-07-30T13:17:50+00:00,req-09-0061,churn-pipeline-1.2.0,200,87.86,-0.8596800833469223,False,0,0.217426,False
2026-07-30T21:49:00+00:00,req-09-0062,churn-pipeline-1.2.0,200,76.01,2.145503766450218,False,1,0.781372,False
2026-07-30T20:54:02+00:00,req-09-0063,churn-pipeline-1.2.0,200,88.6,1.4042084397945909,False,1,0.655562,False
2026-07-30T17:15:39+00:00,req-09-0064,churn-pipeline-1.2.0,200,39.25,1.6669500820959438,False,1,0.704102,False
2026-07-30T03:57:08+00:00,req-09-0065,churn-pipeline-1.2.0,200,62.8,0.9286581208288132,False,1,0.559556,False
2026-07-30T02:19:04+00:00,req-09-0066,churn-pipeline-1.2.0,200,41.33,-0.9676628048538091,False,0,0.202214,False
2026-07-30T03:21:12+00:00,req-09-0067,churn-pipeline-1.2.0,200,57.96,-1.7423086801419516,False,0,0.11599,False
2026-07-30T14:44:06+00:00,req-09-0068,churn-pipeline-1.2.0,200,109.03,1.5700594026484733,False,1,0.68666,False
2026-07-30T17:06:26+00:00,req-09-0069,churn-pipeline-1.2.0,200,92.22,-1.57454661631266,False,0,0.131431,False
2026-07-30T19:11:49+00:00,req-09-0070,churn-pipeline-1.2.0,200,80.34,1.6641299721138965,False,1,0.703602,False
2026-07-30T02:28:29+00:00,req-09-0071,churn-pipeline-1.2.0,200,61.33,0.7030954982408231,False,1,0.511906,False
2026-07-30T06:35:48+00:00,req-09-0072,churn-pipeline-1.2.0,200,47.3,-0.08006528651110689,False,0,0.350224,False
2026-07-30T08:06:45+00:00,req-09-0073,churn-pipeline-1.2.0,200,69.01,0.46415006855207663,False,0,0.46121,False
2026-07-30T15:10:47+00:00,req-09-0074,churn-pipeline-1.2.0,200,92.74,0.48855548222155454,False,0,0.466369,False
2026-07-30T01:07:02+00:00,req-09-0075,churn-pipeline-1.2.0,200,74.11,-0.2125309080164342,False,0,0.325052,False
2026-07-30T20:10:11+00:00,req-09-0076,churn-pipeline-1.2.0,200,39.13,1.4969715966652797,False,1,0.673141,False
2026-07-30T01:56:03+00:00,req-09-0077,churn-pipeline-1.2.0,200,67.21,1.4609709036295109,False,1,0.666373,False
2026-07-30T12:34:22+00:00,req-09-0078,churn-pipeline-1.2.0,200,35.24,0.1634422669119881,False,0,0.398655,False
2026-07-30T22:23:21+00:00,req-09-0079,churn-pipeline-1.2.0,200,84.08,-0.6299941060353198,False,0,0.252468,False
2026-07-30T04:39:37+00:00,req-09-0080,churn-pipeline-1.2.0,200,52.07,1.3712517466245058,False,1,0.649209,False
2026-07-30T16:29:42+00:00,req-09-0081,churn-pipeline-1.2.0,200,43.95,-2.1236883991457605,False,0,0.086658,False
2026-07-30T13:11:32+00:00,req-09-0082,churn-pipeline-1.2.0,200,84.45,0.466087237361889,False,0,0.461619,False
2026-07-30T19:40:37+00:00,req-09-0083,churn-pipeline-1.2.0,200,77.74,0.7765538636193677,False,1,0.52749,False
2026-07-30T14:06:43+00:00,req-09-0084,churn-pipeline-1.2.0,200,70.02,-0.869769426516913,False,0,0.215971,False
2026-07-30T20:21:26+00:00,req-09-0085,churn-pipeline-1.2.0,200,131.07,1.0224747618095291,False,1,0.579106,False
2026-07-30T09:40:06+00:00,req-09-0086,churn-pipeline-1.2.0,200,79.65,-0.027705154382458002,False,0,0.360418,False
2026-07-30T03:56:04+00:00,req-09-0087,churn-pipeline-1.2.0,200,52.88,-0.5729851280465739,False,0,0.261722,False
2026-07-30T16:18:38+00:00,req-09-0088,churn-pipeline-1.2.0,200,76.75,,True,0,0.365864,False
2026-07-30T23:13:26+00:00,req-09-0089,churn-pipeline-1.2.0,200,59.31,-1.1399686501326367,False,0,0.179613,False
2026-07-30T10:23:59+00:00,req-09-0090,churn-pipeline-1.2.0,200,97.49,0.9126530033920734,False,1,0.5562,False
2026-07-30T19:40:46+00:00,req-09-0091,churn-pipeline-1.2.0,200,71.12,-2.0814635245102187,False,0,0.089542,False
2026-07-30T21:03:27+00:00,req-09-0092,churn-pipeline-1.2.0,200,73.4,0.2999896690677564,False,0,0.426778,False
2026-07-30T15:29:33+00:00,req-09-0093,churn-pipeline-1.2.0,200,40.97,0.046036154024169024,False,0,0.37499,False
2026-07-30T18:59:56+00:00,req-09-0094,churn-pipeline-1.2.0,200,66.29,-0.5666805552090484,False,0,0.262759,False
2026-07-30T13:30:43+00:00,req-09-0095,churn-pipeline-1.2.0,200,63.84,0.40910611128346164,False,0,0.449607,False
2026-07-30T19:18:52+00:00,req-09-0096,churn-pipeline-1.2.0,200,46.84,-0.08354863583617718,False,0,0.34955,False
2026-07-30T08:04:06+00:00,req-09-0097,churn-pipeline-1.2.0,200,60.55,1.1074304086708242,False,1,0.596599,False
2026-07-30T12:37:33+00:00,req-09-0098,churn-pipeline-1.2.0,200,74.73,0.5881585382436069,False,0,0.487486,False
2026-07-30T01:52:02+00:00,req-09-0099,churn-pipeline-1.2.0,200,64.91,0.4753289445180703,False,0,0.463572,False
2026-07-30T04:42:44+00:00,req-09-0100,churn-pipeline-1.2.0,200,41.37,0.30645426373821494,False,0,0.428123,False
2026-07-30T13:53:55+00:00,req-09-0101,churn-pipeline-1.2.0,200,59.56,-0.4957747793743942,False,0,0.2746,False
2026-07-30T17:23:10+00:00,req-09-0102,churn-pipeline-1.2.0,200,55.96,-0.31689372747448213,False,0,0.3059,False
2026-07-30T00:42:52+00:00,req-09-0103,churn-pipeline-1.2.0,200,69.15,0.26062663223193366,False,0,0.418614,False
2026-07-30T01:39:14+00:00,req-09-0104,churn-pipeline-1.2.0,200,66.8,-0.18202746146249285,False,0,0.330766,False
2026-07-30T00:09:10+00:00,req-09-0105,churn-pipeline-1.2.0,200,56.98,1.1670254719546456,False,1,0.608729,False
2026-07-30T12:25:18+00:00,req-09-0106,churn-pipeline-1.2.0,200,56.27,0.09812269902094058,False,0,0.385422,False
2026-07-30T08:02:44+00:00,req-09-0107,churn-pipeline-1.2.0,200,66.41,0.3947649382163877,False,0,0.446592,False
2026-07-30T01:16:17+00:00,req-09-0108,churn-pipeline-1.2.0,200,88.46,-1.4728181305903392,False,0,0.14162,False
2026-07-30T19:02:48+00:00,req-09-0109,churn-pipeline-1.2.0,200,71.06,0.9903917856633964,False,1,0.572445,False
2026-07-30T12:40:55+00:00,req-09-0110,churn-pipeline-1.2.0,200,102.49,-0.6102322733580607,False,0,0.255651,False
2026-07-30T00:14:26+00:00,req-09-0111,churn-pipeline-1.2.0,200,93.41,-1.0947862614115496,False,0,0.185342,False
2026-07-30T16:27:43+00:00,req-09-0112,churn-pipeline-1.2.0,200,104.93,1.7284953095682,False,1,0.714883,False
2026-07-30T21:52:28+00:00,req-09-0113,churn-pipeline-1.2.0,200,100.72,0.7325025985542212,False,1,0.518149,False
2026-07-30T10:03:38+00:00,req-09-0114,churn-pipeline-1.2.0,200,107.18,1.025950504836364,False,1,0.579826,False
2026-07-30T22:47:29+00:00,req-09-0115,churn-pipeline-1.2.0,200,44.94,0.47722099205268353,False,0,0.463972,False
2026-07-30T10:00:20+00:00,req-09-0116,churn-pipeline-1.2.0,200,79.96,-0.0978083356988966,False,0,0.3468,False
2026-07-30T01:51:30+00:00,req-09-0117,churn-pipeline-1.2.0,200,95.99,-0.2935842084590765,False,0,0.310123,False
2026-07-30T02:56:49+00:00,req-09-0118,churn-pipeline-1.2.0,200,101.7,0.8180656947295036,False,1,0.536275,False
2026-07-30T01:36:25+00:00,req-09-0119,churn-pipeline-1.2.0,200,50.79,1.1891449943502077,False,1,0.613198,False
2026-07-30T07:14:39+00:00,req-09-0120,churn-pipeline-1.2.0,200,80.22,-0.07159293532213819,False,0,0.351864,False
2026-07-30T09:14:10+00:00,req-09-0121,churn-pipeline-1.2.0,200,66.58,2.1761700079358417,False,1,0.785792,False
2026-07-30T10:39:45+00:00,req-09-0122,churn-pipeline-1.2.0,200,117.38,-0.20718447719635,False,0,0.32605,False
2026-07-30T11:32:07+00:00,req-09-0123,churn-pipeline-1.2.0,200,41.7,-1.463708867134471,False,0,0.142564,False
2026-07-30T20:43:31+00:00,req-09-0124,churn-pipeline-1.2.0,200,50.82,-1.8075988780436758,False,0,0.11042,False
2026-07-30T00:16:42+00:00,req-09-0125,churn-pipeline-1.2.0,200,36.42,-1.7721641362732932,False,0,0.113413,False
2026-07-30T21:33:05+00:00,req-09-0126,churn-pipeline-1.2.0,200,68.08,-0.43450238220111953,False,0,0.285095,False
2026-07-30T05:44:02+00:00,req-09-0127,churn-pipeline-1.2.0,200,134.13,-0.24361892216842218,False,0,0.319281,False
2026-07-30T22:53:09+00:00,req-09-0128,churn-pipeline-1.2.0,200,64.08,0.7167296195638863,False,1,0.514801,False
2026-07-30T03:14:36+00:00,req-09-0129,churn-pipeline-1.2.0,200,67.14,-0.030038437016459894,False,0,0.359961,False
2026-07-30T02:24:22+00:00,req-09-0130,churn-pipeline-1.2.0,200,77.51,0.885539586365894,False,1,0.550504,False
2026-07-30T02:54:57+00:00,req-09-0131,churn-pipeline-1.2.0,200,62.63,0.04713747425396853,False,0,0.375209,False
2026-07-30T07:06:32+00:00,req-09-0132,churn-pipeline-1.2.0,200,73.08,0.01419749743320934,False,0,0.368669,False
2026-07-30T22:35:48+00:00,req-09-0133,churn-pipeline-1.2.0,200,73.69,-0.6063906177088695,False,0,0.256273,False
2026-07-30T11:06:35+00:00,req-09-0134,churn-pipeline-1.2.0,200,49.59,1.4937178834177038,False,1,0.672532,False
2026-07-30T03:57:56+00:00,req-09-0135,churn-pipeline-1.2.0,200,63.07,-1.6080585114068944,False,0,0.128213,False
2026-07-30T15:24:06+00:00,req-09-0136,churn-pipeline-1.2.0,200,82.42,0.316375805249576,False,0,0.430189,False
2026-07-30T12:11:32+00:00,req-09-0137,churn-pipeline-1.2.0,200,87.49,-0.1907329848366952,False,0,0.32913,False
2026-07-30T16:52:01+00:00,req-09-0138,churn-pipeline-1.2.0,200,98.49,0.8208423273797257,False,1,0.536862,False
2026-07-30T17:47:49+00:00,req-09-0139,churn-pipeline-1.2.0,200,72.37,-0.021870871213641542,False,0,0.361562,False
2026-07-30T18:51:51+00:00,req-09-0140,churn-pipeline-1.2.0,200,72.84,0.009075890896693329,False,0,0.367656,False
2026-07-30T03:37:50+00:00,req-09-0141,churn-pipeline-1.2.0,200,82.64,-0.2799716034251968,False,0,0.312603,False
2026-07-30T11:54:03+00:00,req-09-0142,churn-pipeline-1.2.0,200,53.73,1.4629192243385973,False,1,0.666741,False
2026-07-30T15:08:08+00:00,req-09-0143,churn-pipeline-1.2.0,200,53.03,0.002526179313304575,False,0,0.366363,False
2026-07-30T13:21:28+00:00,req-09-0144,churn-pipeline-1.2.0,200,62.46,2.068133772194146,False,1,0.76993,False
2026-07-30T23:20:30+00:00,req-09-0145,churn-pipeline-1.2.0,200,43.22,0.2858594357089126,False,0,0.423842,False
2026-07-30T23:03:13+00:00,req-09-0146,churn-pipeline-1.2.0,200,74.04,0.02284783283719342,False,0,0.370382,False
2026-07-30T19:29:06+00:00,req-09-0147,churn-pipeline-1.2.0,200,90.93,-0.15259330784716,False,0,0.336327,False
2026-07-30T05:45:38+00:00,req-09-0148,churn-pipeline-1.2.0,200,51.79,0.5924592446694373,False,0,0.4884,False
2026-07-30T12:41:36+00:00,req-09-0149,churn-pipeline-1.2.0,200,74.71,-0.6178130415525663,False,0,0.254427,False
2026-07-30T19:17:24+00:00,req-09-0150,churn-pipeline-1.2.0,200,53.15,0.1530295189909887,False,0,0.396535,False
2026-07-30T06:26:18+00:00,req-09-0151,churn-pipeline-1.2.0,200,46.95,0.008543864813209342,False,0,0.367551,False
2026-07-30T17:05:01+00:00,req-09-0152,churn-pipeline-1.2.0,200,125.48,0.34151008422844914,False,0,0.435433,False
2026-07-30T05:58:50+00:00,req-09-0153,churn-pipeline-1.2.0,200,47.17,0.3675318425748426,False,0,0.440878,False
2026-07-30T03:21:43+00:00,req-09-0154,churn-pipeline-1.2.0,200,43.16,0.4220946241931087,False,0,0.45234,False
2026-07-30T05:45:30+00:00,req-09-0155,churn-pipeline-1.2.0,200,69.62,0.09964998348195662,False,0,0.38573,False
2026-07-30T22:14:08+00:00,req-09-0156,churn-pipeline-1.2.0,200,70.83,1.6473906669668428,False,1,0.700626,False
2026-07-30T23:53:19+00:00,req-09-0157,churn-pipeline-1.2.0,200,80.47,0.443697256991608,False,0,0.456893,False
2026-07-30T20:31:42+00:00,req-09-0158,churn-pipeline-1.2.0,200,123.32,2.736285602777295,False,1,0.855183,False
2026-07-30T06:30:37+00:00,req-09-0159,churn-pipeline-1.2.0,200,50.69,0.05234397899416628,False,0,0.376247,False
2026-07-30T18:42:29+00:00,req-09-0160,churn-pipeline-1.2.0,200,54.02,1.0068589570779334,False,1,0.575867,False
2026-07-30T05:14:17+00:00,req-09-0161,churn-pipeline-1.2.0,200,108.77,-0.7623516687934149,False,0,0.231831,False
2026-07-30T03:02:33+00:00,req-09-0162,churn-pipeline-1.2.0,200,87.79,1.4708287180768687,False,1,0.668233,False
2026-07-30T06:12:35+00:00,req-09-0163,churn-pipeline-1.2.0,200,83.97,-0.739498133613193,False,0,0.235309,False
2026-07-30T03:21:07+00:00,req-09-0164,churn-pipeline-1.2.0,200,53.82,0.47867191885389976,False,0,0.464279,False
2026-07-30T15:22:19+00:00,req-09-0165,churn-pipeline-1.2.0,200,93.19,-0.2776485616423326,False,0,0.313028,False
2026-07-30T16:23:48+00:00,req-09-0166,churn-pipeline-1.2.0,200,84.05,0.4746081869727268,False,0,0.46342,False
2026-07-30T00:51:20+00:00,req-09-0167,churn-pipeline-1.2.0,200,69.06,-0.2465360487150646,False,0,0.318743,False
2026-07-30T02:34:28+00:00,req-09-0168,churn-pipeline-1.2.0,200,53.9,-0.8287155386172769,False,0,0.221938,False
2026-07-30T11:29:52+00:00,req-09-0169,churn-pipeline-1.2.0,200,67.26,-0.28517190428767386,False,0,0.311654,False
2026-07-30T02:43:10+00:00,req-09-0170,churn-pipeline-1.2.0,500,110.16,1.6186591303487285,False,1,0.695479,True
2026-07-30T19:52:37+00:00,req-09-0171,churn-pipeline-1.2.0,200,45.8,0.49064008193040504,False,0,0.46681,False
2026-07-30T09:36:24+00:00,req-09-0172,churn-pipeline-1.2.0,200,50.32,-1.353292531373088,False,0,0.154426,False
2026-07-30T09:54:27+00:00,req-09-0173,churn-pipeline-1.2.0,200,53.17,1.1501518363020629,False,1,0.605307,False
2026-07-30T00:07:44+00:00,req-09-0174,churn-pipeline-1.2.0,200,56.99,-0.9360898893436431,False,0,0.206578,False
2026-07-30T16:50:08+00:00,req-09-0175,churn-pipeline-1.2.0,200,64.67,0.7805272524610596,False,1,0.528332,False
2026-07-30T17:18:56+00:00,req-09-0176,churn-pipeline-1.2.0,200,88.33,0.5808234049757011,False,0,0.485929,False
2026-07-30T18:09:10+00:00,req-09-0177,churn-pipeline-1.2.0,200,75.34,0.6471259895639223,False,1,0.500014,False
2026-07-30T12:57:53+00:00,req-09-0178,churn-pipeline-1.2.0,200,66.28,1.9458486244765891,False,1,0.751003,False
2026-07-30T06:28:09+00:00,req-09-0179,churn-pipeline-1.2.0,200,71.02,-0.8700729711471161,False,0,0.215927,False
2026-07-30T01:52:34+00:00,req-09-0180,churn-pipeline-1.2.0,200,79.37,0.6413345146811703,False,0,0.498784,False
2026-07-30T07:34:24+00:00,req-09-0181,churn-pipeline-1.2.0,200,37.95,1.3225680430540057,False,1,0.639728,False
2026-07-30T13:02:45+00:00,req-09-0182,churn-pipeline-1.2.0,200,91.59,-0.6755087867061154,False,0,0.245236,False
2026-07-30T02:47:55+00:00,req-09-0183,churn-pipeline-1.2.0,200,49.9,-0.7830412595407441,False,0,0.228714,False
2026-07-30T01:17:53+00:00,req-09-0184,churn-pipeline-1.2.0,200,56.4,-0.3015469157110561,False,0,0.308676,False
2026-07-30T05:12:25+00:00,req-09-0185,churn-pipeline-1.2.0,200,72.48,0.3409696876131709,False,0,0.435321,False
2026-07-30T01:41:48+00:00,req-09-0186,churn-pipeline-1.2.0,200,63.45,-1.4810000876589995,False,0,0.140777,False
2026-07-30T00:20:27+00:00,req-09-0187,churn-pipeline-1.2.0,200,75.96,0.5789720904012313,False,0,0.485536,False
2026-07-30T11:39:04+00:00,req-09-0188,churn-pipeline-1.2.0,200,68.02,-1.478806078833013,False,0,0.141003,False
2026-07-30T17:52:57+00:00,req-09-0189,churn-pipeline-1.2.0,200,59.25,1.357997367097819,False,1,0.646639,False
2026-07-30T11:59:44+00:00,req-09-0190,churn-pipeline-1.2.0,200,106.02,0.5394551694946292,False,0,0.47715,False
2026-07-30T02:11:24+00:00,req-09-0191,churn-pipeline-1.2.0,200,81.53,2.0087968657423843,False,1,0.760874,False
2026-07-30T08:08:09+00:00,req-09-0192,churn-pipeline-1.2.0,200,71.6,0.702222948639763,False,1,0.51172,False
2026-07-30T00:51:11+00:00,req-09-0193,churn-pipeline-1.2.0,200,81.13,-0.31999847367704176,False,0,0.30534,False
2026-07-30T14:55:21+00:00,req-09-0194,churn-pipeline-1.2.0,200,51.87,-0.8386109919785468,False,0,0.220489,False
2026-07-30T05:35:42+00:00,req-09-0195,churn-pipeline-1.2.0,200,130.36,0.25083561098175544,False,0,0.41659,False
2026-07-30T09:17:47+00:00,req-09-0196,churn-pipeline-1.2.0,500,45.89,-0.03176311790176856,False,0,0.359623,True
2026-07-30T21:38:53+00:00,req-09-0197,churn-pipeline-1.2.0,200,67.4,1.2454459866211405,False,1,0.624485,False
2026-07-30T14:05:13+00:00,req-09-0198,churn-pipeline-1.2.0,200,59.31,-0.9750497571725918,False,0,0.201203,False
2026-07-30T18:21:21+00:00,req-09-0199,churn-pipeline-1.2.0,200,58.59,2.121947100484028,False,1,0.777932,False
2026-07-30T08:23:41+00:00,req-09-0200,churn-pipeline-1.2.0,200,56.21,1.3385157888007437,False,1,0.642846,False
2026-07-30T22:20:11+00:00,req-09-0201,churn-pipeline-1.2.0,200,50.78,-0.21369981177000139,False,0,0.324834,False
2026-07-30T17:09:33+00:00,req-09-0202,churn-pipeline-1.2.0,200,95.07,1.8877119425195006,False,1,0.741649,False
2026-07-30T12:22:32+00:00,req-09-0203,churn-pipeline-1.2.0,200,44.21,-0.8222844998101363,False,0,0.222883,False
2026-07-30T13:54:10+00:00,req-09-0204,churn-pipeline-1.2.0,200,89.04,0.2158692794109898,False,0,0.409384,False
2026-07-30T14:57:25+00:00,req-09-0205,churn-pipeline-1.2.0,200,79.99,-1.3402946041481367,False,0,0.155874,False
2026-07-30T03:50:27+00:00,req-09-0206,churn-pipeline-1.2.0,200,57.54,1.9388977191164807,False,1,0.749897,False
2026-07-30T06:02:24+00:00,req-09-0207,churn-pipeline-1.2.0,200,77.08,-1.7297561537350268,False,0,0.117089,False
2026-07-30T16:28:13+00:00,req-09-0208,churn-pipeline-1.2.0,200,61.8,-1.5124637810752657,False,0,0.137573,False
2026-07-30T10:34:44+00:00,req-09-0209,churn-pipeline-1.2.0,200,45.7,-0.6664487624142638,False,0,0.246665,False
2026-07-30T18:48:52+00:00,req-09-0210,churn-pipeline-1.2.0,200,45.85,1.3884398584099698,False,1,0.652529,False
2026-07-30T12:37:14+00:00,req-09-0211,churn-pipeline-1.2.0,200,80.17,1.0025871303828298,False,1,0.57498,False
2026-07-30T01:34:51+00:00,req-09-0212,churn-pipeline-1.2.0,200,78.85,0.12815315964056198,False,0,0.391486,False
2026-07-30T15:57:19+00:00,req-09-0213,churn-pipeline-1.2.0,200,70.23,1.06987252172566,False,1,0.588893,False
2026-07-30T14:38:20+00:00,req-09-0214,churn-pipeline-1.2.0,200,57.35,-0.12118441094670654,False,0,0.342312,False
2026-07-30T08:45:08+00:00,req-09-0215,churn-pipeline-1.2.0,200,61.16,0.44355021823139607,False,0,0.456862,False
2026-07-30T18:58:13+00:00,req-09-0216,churn-pipeline-1.2.0,200,58.57,1.734312379438922,False,1,0.71589,False
2026-07-30T08:25:03+00:00,req-09-0217,churn-pipeline-1.2.0,200,37.16,-0.258949816864424,False,0,0.316456,False
2026-07-30T02:45:06+00:00,req-09-0218,churn-pipeline-1.2.0,200,66.29,-0.8046912518102914,False,0,0.225484,False
2026-07-30T02:54:33+00:00,req-09-0219,churn-pipeline-1.2.0,200,76.83,0.4938903000433401,False,0,0.467498,False
2026-07-30T21:38:22+00:00,req-09-0220,churn-pipeline-1.2.0,200,66.42,0.7772880228661282,False,1,0.527645,False
2026-07-30T09:01:33+00:00,req-09-0221,churn-pipeline-1.2.0,200,114.49,0.1159701240025426,False,0,0.389022,False
2026-07-30T09:57:18+00:00,req-09-0222,churn-pipeline-1.2.0,200,47.13,1.0535503793913343,False,1,0.58553,False
2026-07-30T07:19:53+00:00,req-09-0223,churn-pipeline-1.2.0,200,52.61,-0.21132209304518776,False,0,0.325277,False
2026-07-30T17:42:29+00:00,req-09-0224,churn-pipeline-1.2.0,200,67.83,0.1339233100626666,False,0,0.392655,False
2026-07-30T14:31:56+00:00,req-09-0225,churn-pipeline-1.2.0,200,70.27,0.3933036266917902,False,0,0.446285,False
2026-07-30T21:34:37+00:00,req-09-0226,churn-pipeline-1.2.0,200,35.37,0.3017290899393169,False,0,0.42714,False
2026-07-30T21:28:03+00:00,req-09-0227,churn-pipeline-1.2.0,200,78.83,1.6939352107532917,False,1,0.708858,False
2026-07-30T23:45:04+00:00,req-09-0228,churn-pipeline-1.2.0,200,70.38,0.3880340625003489,False,0,0.445179,False
2026-07-30T07:53:53+00:00,req-09-0229,churn-pipeline-1.2.0,200,32.99,-0.31909724166741854,False,0,0.305502,False
2026-07-30T14:00:51+00:00,req-09-0230,churn-pipeline-1.2.0,200,62.62,0.5543807865655622,False,0,0.480316,False
2026-07-30T08:18:56+00:00,req-09-0231,churn-pipeline-1.2.0,200,50.18,1.0592933822836326,False,1,0.586714,False
2026-07-30T16:54:09+00:00,req-09-0232,churn-pipeline-1.2.0,200,56.22,0.8129472135947353,False,1,0.535193,False
2026-07-30T17:57:22+00:00,req-09-0233,churn-pipeline-1.2.0,200,42.36,0.7547479497211278,False,1,0.522868,False
2026-07-30T06:02:26+00:00,req-09-0234,churn-pipeline-1.2.0,200,74.26,-1.5729526506897367,False,0,0.131586,False
2026-07-30T20:37:56+00:00,req-09-0235,churn-pipeline-1.2.0,200,114.22,-2.6171382476823437,False,0,0.058714,False
2026-07-30T06:57:40+00:00,req-09-0236,churn-pipeline-1.2.0,200,70.75,1.3390277655516551,False,1,0.642946,False
2026-07-30T23:35:57+00:00,req-09-0237,churn-pipeline-1.2.0,200,32.57,0.46080031851643866,False,0,0.460503,False
2026-07-30T20:25:06+00:00,req-09-0238,churn-pipeline-1.2.0,200,71.22,-0.022656287446033405,False,0,0.361408,False
2026-07-30T00:26:10+00:00,req-09-0239,churn-pipeline-1.2.0,200,61.08,0.7290286791691625,False,1,0.517412,False
2026-07-30T09:33:28+00:00,req-09-0240,churn-pipeline-1.2.0,200,45.7,2.023675432449209,False,1,0.763167,False
2026-07-30T09:19:15+00:00,req-09-0241,churn-pipeline-1.2.0,200,72.79,1.4842077241387308,False,1,0.670749,False
2026-07-30T19:44:18+00:00,req-09-0242,churn-pipeline-1.2.0,200,86.13,1.0103316014420556,False,1,0.576588,False
2026-07-30T17:23:10+00:00,req-09-0243,churn-pipeline-1.2.0,200,52.48,-0.9310619144742757,False,0,0.207279,False
2026-07-30T01:12:51+00:00,req-09-0244,churn-pipeline-1.2.0,200,38.41,-0.7946303431183701,False,0,0.226981,False
2026-07-30T20:10:32+00:00,req-09-0245,churn-pipeline-1.2.0,200,34.15,-2.5057249154360925,False,0,0.064172,False
2026-07-30T05:14:17+00:00,req-09-0246,churn-pipeline-1.2.0,200,52.53,0.6651891475791661,False,1,0.503853,False
2026-07-30T08:52:23+00:00,req-09-0247,churn-pipeline-1.2.0,200,61.84,1.1640585573342241,False,1,0.608128,False
2026-07-30T04:04:56+00:00,req-09-0248,churn-pipeline-1.2.0,200,55.11,1.2496869485010875,False,1,0.62533,False
2026-07-30T03:46:50+00:00,req-09-0249,churn-pipeline-1.2.0,200,52.23,0.7092019948406146,False,1,0.513202,False
2026-07-30T12:38:58+00:00,req-09-0250,churn-pipeline-1.2.0,200,77.95,-0.16177020113867954,False,0,0.334588,False
2026-07-30T02:01:57+00:00,req-09-0251,churn-pipeline-1.2.0,200,75.38,-0.5924913350056511,False,0,0.258531,False
2026-07-30T01:55:57+00:00,req-09-0252,churn-pipeline-1.2.0,200,69.29,-0.8666330358953033,False,0,0.216422,False
2026-07-30T18:51:27+00:00,req-09-0253,churn-pipeline-1.2.0,200,84.41,-0.17159609162345907,False,0,0.332731,False
2026-07-30T08:15:10+00:00,req-09-0254,churn-pipeline-1.2.0,200,52.69,-1.0267175665912711,False,0,0.194237,False
2026-07-30T15:33:27+00:00,req-09-0255,churn-pipeline-1.2.0,200,45.79,1.8437517682590163,False,1,0.734425,False
2026-07-30T23:40:11+00:00,req-09-0256,churn-pipeline-1.2.0,200,54.99,-1.367490130718881,False,0,0.152857,False
2026-07-30T01:13:14+00:00,req-09-0257,churn-pipeline-1.2.0,200,53.79,-0.20690594073368426,False,0,0.326102,False
2026-07-30T19:03:40+00:00,req-09-0258,churn-pipeline-1.2.0,200,33.72,-2.0330293341024177,False,0,0.092955,False
2026-07-30T02:37:55+00:00,req-09-0259,churn-pipeline-1.2.0,200,54.59,0.3113826043629682,False,0,0.429149,False
2026-07-30T18:15:15+00:00,req-09-0260,churn-pipeline-1.2.0,200,92.57,,True,0,0.365864,False
2026-07-30T07:20:38+00:00,req-09-0261,churn-pipeline-1.2.0,200,83.99,-0.37462987132151643,False,0,0.29558,False
2026-07-30T03:14:33+00:00,req-09-0262,churn-pipeline-1.2.0,200,76.9,-0.9794224293315567,False,0,0.200606,False
2026-07-30T05:29:21+00:00,req-09-0263,churn-pipeline-1.2.0,200,67.8,0.00258492736699727,False,0,0.366374,False
2026-07-30T08:44:57+00:00,req-09-0264,churn-pipeline-1.2.0,200,103.34,-0.5716839345149497,False,0,0.261936,False
2026-07-30T17:30:49+00:00,req-09-0265,churn-pipeline-1.2.0,200,46.3,-0.1437112838350027,False,0,0.338015,False
2026-07-30T16:20:02+00:00,req-09-0266,churn-pipeline-1.2.0,200,47.73,2.0553015020138923,False,1,0.767992,False
2026-07-30T17:29:13+00:00,req-09-0267,churn-pipeline-1.2.0,200,93.15,0.18078607668719762,False,0,0.402194,False
2026-07-30T00:31:08+00:00,req-09-0268,churn-pipeline-1.2.0,200,65.58,0.5595105683727344,False,0,0.481405,False
2026-07-30T23:24:26+00:00,req-09-0269,churn-pipeline-1.2.0,200,52.44,-0.4876880144645197,False,0,0.275971,False
2026-07-30T10:24:55+00:00,req-09-0270,churn-pipeline-1.2.0,200,77.56,-0.8236572851585002,False,0,0.222681,False
2026-07-30T02:40:20+00:00,req-09-0271,churn-pipeline-1.2.0,200,56.49,-0.024105599121080262,False,0,0.361124,False
2026-07-30T22:17:10+00:00,req-09-0272,churn-pipeline-1.2.0,200,49.72,2.629122305094836,False,1,0.843533,False
2026-07-30T19:01:35+00:00,req-09-0273,churn-pipeline-1.2.0,200,49.28,-0.3017990796386585,False,0,0.308631,False
2026-07-30T01:58:34+00:00,req-09-0274,churn-pipeline-1.2.0,200,72.04,0.3795096935330636,False,0,0.44339,False
2026-07-30T10:29:04+00:00,req-09-0275,churn-pipeline-1.2.0,200,69.43,-0.8698184408450671,False,0,0.215964,False
2026-07-30T21:45:00+00:00,req-09-0276,churn-pipeline-1.2.0,200,105.61,-2.893035640321838,False,0,0.047017,False
2026-07-30T16:23:00+00:00,req-09-0277,churn-pipeline-1.2.0,200,59.24,-0.8293228985282388,False,0,0.221849,False
2026-07-30T04:40:06+00:00,req-09-0278,churn-pipeline-1.2.0,200,58.92,2.4997450037214497,False,1,0.828464,False
2026-07-30T16:48:35+00:00,req-09-0279,churn-pipeline-1.2.0,200,103.04,0.6251598094610044,False,0,0.495347,False
2026-07-30T04:32:18+00:00,req-09-0280,churn-pipeline-1.2.0,200,89.1,1.7229704111061244,False,1,0.713925,False
2026-07-30T08:26:37+00:00,req-09-0281,churn-pipeline-1.2.0,200,68.08,,True,0,0.365864,False
2026-07-30T04:41:25+00:00,req-09-0282,churn-pipeline-1.2.0,200,39.44,-2.4746726589444945,False,0,0.065775,False
2026-07-30T16:38:27+00:00,req-09-0283,churn-pipeline-1.2.0,200,50.13,-1.1641444536355676,False,0,0.176605,False
2026-07-30T22:21:00+00:00,req-09-0284,churn-pipeline-1.2.0,200,46.39,0.4168759990963771,False,0,0.451242,False
2026-07-30T01:04:03+00:00,req-09-0285,churn-pipeline-1.2.0,200,65.76,0.24949455398327328,False,0,0.416312,False
2026-07-30T14:29:23+00:00,req-09-0286,churn-pipeline-1.2.0,200,55.24,-0.010944986407140549,False,0,0.363709,False
2026-07-30T05:57:42+00:00,req-09-0287,churn-pipeline-1.2.0,200,108.56,-0.5567614630581348,False,0,0.264395,False
2026-07-30T18:01:08+00:00,req-09-0288,churn-pipeline-1.2.0,200,39.31,0.9867014711434062,False,1,0.571677,False
2026-07-30T03:20:36+00:00,req-09-0289,churn-pipeline-1.2.0,200,44.82,-0.5264140077010098,False,0,0.269443,False
2026-07-30T08:47:37+00:00,req-09-0290,churn-pipeline-1.2.0,200,70.29,0.32320771367083495,False,0,0.431613,False
2026-07-30T04:56:30+00:00,req-09-0291,churn-pipeline-1.2.0,200,76.8,0.2050945732842338,False,0,0.407172,False
2026-07-30T20:57:28+00:00,req-09-0292,churn-pipeline-1.2.0,200,28.4,-0.3869275655303231,False,0,0.293408,False
2026-07-30T01:58:53+00:00,req-09-0293,churn-pipeline-1.2.0,200,37.3,-0.9253608535915416,False,0,0.208077,False
2026-07-30T13:57:59+00:00,req-09-0294,churn-pipeline-1.2.0,200,59.74,-0.4486965910591092,False,0,0.282642,False
2026-07-30T02:53:25+00:00,req-09-0295,churn-pipeline-1.2.0,200,100.32,1.9673028718326344,False,1,0.754398,False
2026-07-30T14:23:45+00:00,req-09-0296,churn-pipeline-1.2.0,200,118.92,1.1680702564294871,False,1,0.60894,False
2026-07-30T18:25:47+00:00,req-09-0297,churn-pipeline-1.2.0,200,56.93,1.0714081678460774,False,1,0.589209,False
2026-07-30T18:03:20+00:00,req-09-0298,churn-pipeline-1.2.0,200,61.55,-0.8257868921135558,False,0,0.222368,False
2026-07-30T00:48:01+00:00,req-09-0299,churn-pipeline-1.2.0,200,49.73,-1.509573736615234,False,0,0.137865,False
2026-07-30T18:34:02+00:00,req-09-0300,churn-pipeline-1.2.0,200,79.6,1.1513189265465518,False,1,0.605544,False
2026-07-30T07:07:29+00:00,req-09-0301,churn-pipeline-1.2.0,200,106.01,0.9500056234724417,False,1,0.564023,False
2026-07-30T16:21:53+00:00,req-09-0302,churn-pipeline-1.2.0,200,97.16,0.14411142551667988,False,0,0.394722,False
2026-07-30T23:07:53+00:00,req-09-0303,churn-pipeline-1.2.0,200,64.4,,True,0,0.365864,False
2026-07-30T02:51:13+00:00,req-09-0304,churn-pipeline-1.2.0,200,49.7,-1.5371418869467832,False,0,0.135103,False
2026-07-30T08:42:18+00:00,req-09-0305,churn-pipeline-1.2.0,200,65.17,0.9107704665974274,False,1,0.555805,False
2026-07-30T20:48:05+00:00,req-09-0306,churn-pipeline-1.2.0,200,101.11,1.2454418707142052,False,1,0.624484,False
2026-07-30T03:23:46+00:00,req-09-0307,churn-pipeline-1.2.0,200,57.18,-0.7130470499157544,False,0,0.239378,False
2026-07-30T06:15:41+00:00,req-09-0308,churn-pipeline-1.2.0,200,36.36,-0.8007295807766042,False,0,0.226073,False
2026-07-30T13:10:40+00:00,req-09-0309,churn-pipeline-1.2.0,200,57.93,1.3031150212592433,False,1,0.635908,False
2026-07-30T23:54:31+00:00,req-09-0310,churn-pipeline-1.2.0,200,59.45,-0.673957686038156,False,0,0.24548,False
2026-07-30T07:04:22+00:00,req-09-0311,churn-pipeline-1.2.0,200,36.29,1.8680132182492015,False,1,0.738427,False
2026-07-30T09:15:07+00:00,req-09-0312,churn-pipeline-1.2.0,200,70.01,-0.11450434575899548,False,0,0.343592,False
2026-07-30T19:05:54+00:00,req-09-0313,churn-pipeline-1.2.0,200,76.42,-0.4058897922099822,False,0,0.290078,False
2026-07-30T02:52:47+00:00,req-09-0314,churn-pipeline-1.2.0,200,117.87,0.04736340127406648,False,0,0.375254,False
2026-07-30T07:51:45+00:00,req-09-0315,churn-pipeline-1.2.0,200,42.44,-0.40596332108222066,False,0,0.290065,False
2026-07-30T07:35:09+00:00,req-09-0316,churn-pipeline-1.2.0,200,82.12,1.182523005665066,False,1,0.611862,False
2026-07-30T09:37:34+00:00,req-09-0317,churn-pipeline-1.2.0,200,88.57,0.9301006465541561,False,1,0.559858,False
2026-07-30T13:45:53+00:00,req-09-0318,churn-pipeline-1.2.0,200,76.76,1.1425116073883732,False,1,0.603755,False
2026-07-30T05:19:07+00:00,req-09-0319,churn-pipeline-1.2.0,200,47.1,0.1937457277287659,False,0,0.404845,False
2026-07-30T09:23:40+00:00,req-09-0320,churn-pipeline-1.2.0,200,46.23,-0.47917222322378117,False,0,0.27742,False
2026-07-30T22:00:15+00:00,req-09-0321,churn-pipeline-1.2.0,200,67.05,-0.009517207799119609,False,0,0.36399,False
2026-07-30T19:53:18+00:00,req-09-0322,churn-pipeline-1.2.0,200,66.9,-0.4469816311487878,False,0,0.282938,False
2026-07-30T22:57:00+00:00,req-09-0323,churn-pipeline-1.2.0,200,54.35,1.5399263388421078,False,1,0.681123,False
2026-07-30T16:22:22+00:00,req-09-0324,churn-pipeline-1.2.0,200,98.27,1.0523874099885313,False,1,0.58529,False
2026-07-30T13:58:25+00:00,req-09-0325,churn-pipeline-1.2.0,200,57.18,-0.09609922020007043,False,0,0.347129,False
2026-07-30T05:07:22+00:00,req-09-0326,churn-pipeline-1.2.0,200,35.46,-0.9727987046098344,False,0,0.201511,False
2026-07-30T03:48:46+00:00,req-09-0327,churn-pipeline-1.2.0,200,60.5,1.6178816726140082,False,1,0.695339,False
2026-07-30T12:55:56+00:00,req-09-0328,churn-pipeline-1.2.0,200,75.8,0.14351834232151592,False,0,0.394602,False
2026-07-30T09:43:01+00:00,req-09-0329,churn-pipeline-1.2.0,200,72.52,-0.136675833206571,False,0,0.339354,False
2026-07-30T18:54:02+00:00,req-09-0330,churn-pipeline-1.2.0,200,72.34,1.627135355704906,False,1,0.697003,False
2026-07-30T00:13:54+00:00,req-09-0331,churn-pipeline-1.2.0,200,104.84,-0.5354462540469713,False,0,0.267934,False
2026-07-30T21:23:22+00:00,req-09-0332,churn-pipeline-1.2.0,200,45.5,-0.33487324639601157,False,0,0.302664,False
2026-07-30T04:05:32+00:00,req-09-0333,churn-pipeline-1.2.0,200,56.76,-0.24229689579455288,False,0,0.319526,False
2026-07-30T09:28:43+00:00,req-09-0334,churn-pipeline-1.2.0,200,106.57,-1.3823976302239331,False,0,0.151223,False
2026-07-30T08:32:57+00:00,req-09-0335,churn-pipeline-1.2.0,200,34.63,0.33152213369724554,False,0,0.433348,False
2026-07-30T22:11:13+00:00,req-09-0336,churn-pipeline-1.2.0,200,63.89,-0.8004619819123735,False,0,0.226113,False
2026-07-30T17:17:24+00:00,req-09-0337,churn-pipeline-1.2.0,200,96.32,-0.5992578189266788,False,0,0.25743,False
2026-07-30T00:51:47+00:00,req-09-0338,churn-pipeline-1.2.0,200,95.86,-0.7396572533717471,False,0,0.235284,False
2026-07-30T20:28:21+00:00,req-09-0339,churn-pipeline-1.2.0,200,80.29,-0.6164237134691408,False,0,0.254651,False
2026-07-30T16:14:26+00:00,req-09-0340,churn-pipeline-1.2.0,200,80.94,,True,0,0.365864,False
2026-07-30T01:38:05+00:00,req-09-0341,churn-pipeline-1.2.0,200,46.58,0.25957488650097016,False,0,0.418396,False
2026-07-30T18:46:03+00:00,req-09-0342,churn-pipeline-1.2.0,500,100.87,-0.16337274711000016,False,0,0.334285,True
2026-07-30T00:48:50+00:00,req-09-0343,churn-pipeline-1.2.0,200,44.27,0.05040854511852161,False,0,0.375861,False
2026-07-30T10:12:12+00:00,req-09-0344,churn-pipeline-1.2.0,200,45.13,2.471477480285429,False,1,0.825023,False
2026-07-30T03:53:25+00:00,req-09-0345,churn-pipeline-1.2.0,200,73.59,-0.16333924015415735,False,0,0.334292,False
2026-07-30T00:15:48+00:00,req-09-0346,churn-pipeline-1.2.0,200,55.51,0.6351950033481849,False,0,0.497479,False
2026-07-30T13:25:42+00:00,req-09-0347,churn-pipeline-1.2.0,200,69.44,0.7546870793027779,False,1,0.522855,False
2026-07-30T16:29:19+00:00,req-09-0348,churn-pipeline-1.2.0,200,74.61,-0.06599945558248754,False,0,0.352949,False
2026-07-30T11:30:44+00:00,req-09-0349,churn-pipeline-1.2.0,200,114.82,0.28748908812229007,False,0,0.424181,False
2026-07-30T08:13:17+00:00,req-09-0350,churn-pipeline-1.2.0,200,74.68,0.021733099775546928,False,0,0.370161,False
2026-07-30T12:19:24+00:00,req-09-0351,churn-pipeline-1.2.0,200,53.33,0.21268631549705222,False,0,0.40873,False
2026-07-30T03:38:36+00:00,req-09-0352,churn-pipeline-1.2.0,200,80.71,-0.615842628815544,False,0,0.254744,False
2026-07-30T01:11:58+00:00,req-09-0353,churn-pipeline-1.2.0,200,49.81,-0.518921875058815,False,0,0.270698,False
2026-07-30T03:46:14+00:00,req-09-0354,churn-pipeline-1.2.0,200,87.06,0.01776836594723004,False,0,0.369375,False
2026-07-30T01:18:06+00:00,req-09-0355,churn-pipeline-1.2.0,200,66.36,-2.0704988260435435,False,0,0.090304,False
2026-07-30T18:27:35+00:00,req-09-0356,churn-pipeline-1.2.0,200,73.89,1.5708764292535908,False,1,0.686809,False
2026-07-30T14:36:32+00:00,req-09-0357,churn-pipeline-1.2.0,200,36.77,2.268900918899086,False,1,0.798761,False
2026-07-30T04:29:50+00:00,req-09-0358,churn-pipeline-1.2.0,200,31.63,0.17886777292095007,False,0,0.401802,False
2026-07-30T13:40:36+00:00,req-09-0359,churn-pipeline-1.2.0,200,40.2,0.698742636113555,False,1,0.510981,False
2026-07-30T11:37:06+00:00,req-09-0360,churn-pipeline-1.2.0,200,113.64,1.1351105535530215,False,1,0.602249,False
2026-07-30T02:40:16+00:00,req-09-0361,churn-pipeline-1.2.0,200,45.01,-1.3909032265571823,False,0,0.150298,False
2026-07-30T23:17:21+00:00,req-09-0362,churn-pipeline-1.2.0,200,82.16,0.9746918425486446,False,1,0.569176,False
2026-07-30T22:30:28+00:00,req-09-0363,churn-pipeline-1.2.0,200,52.93,-0.44776178415593637,False,0,0.282804,False
2026-07-30T18:12:41+00:00,req-09-0364,churn-pipeline-1.2.0,200,60.19,2.4052604413076866,False,1,0.816748,False
2026-07-30T19:24:31+00:00,req-09-0365,churn-pipeline-1.2.0,200,64.08,-0.19767254849862945,False,0,0.327829,False
2026-07-30T13:07:57+00:00,req-09-0366,churn-pipeline-1.2.0,200,109.99,0.9535913343302432,False,1,0.564772,False
2026-07-30T19:17:28+00:00,req-09-0367,churn-pipeline-1.2.0,200,78.37,-0.18733357687813978,False,0,0.329768,False
2026-07-30T12:40:42+00:00,req-09-0368,churn-pipeline-1.2.0,200,73.52,2.3065273941469693,False,1,0.803852,False
2026-07-30T03:59:08+00:00,req-09-0369,churn-pipeline-1.2.0,200,98.43,-0.5379677278908506,False,0,0.267514,False
2026-07-30T04:00:57+00:00,req-09-0370,churn-pipeline-1.2.0,200,53.08,1.2233432266937587,False,1,0.620069,False
2026-07-30T20:29:45+00:00,req-09-0371,churn-pipeline-1.2.0,200,91.49,0.6580117765745437,False,1,0.502327,False
2026-07-30T10:42:50+00:00,req-09-0372,churn-pipeline-1.2.0,200,86.73,0.42452545974736855,False,0,0.452852,False
2026-07-30T17:30:22+00:00,req-09-0373,churn-pipeline-1.2.0,200,86.41,0.2404577710970113,False,0,0.414447,False
2026-07-30T03:28:39+00:00,req-09-0374,churn-pipeline-1.2.0,200,61.85,-0.7003631435817061,False,0,0.241347,False
2026-07-30T10:44:53+00:00,req-09-0375,churn-pipeline-1.2.0,200,56.51,-2.715359125955781,False,0,0.054266,False
2026-07-30T02:00:21+00:00,req-09-0376,churn-pipeline-1.2.0,200,49.21,1.1281117138846957,False,1,0.600823,False
2026-07-30T05:17:52+00:00,req-09-0377,churn-pipeline-1.2.0,200,50.2,-0.5132810658614986,False,0,0.271646,False
2026-07-30T02:37:09+00:00,req-09-0378,churn-pipeline-1.2.0,200,48.47,1.2280801508661312,False,1,0.621017,False
2026-07-30T04:59:41+00:00,req-09-0379,churn-pipeline-1.2.0,200,73.1,0.36928265631144824,False,0,0.441245,False
2026-07-30T14:33:31+00:00,req-09-0380,churn-pipeline-1.2.0,200,60.42,1.2602696200711268,False,1,0.627435,False
2026-07-30T00:07:48+00:00,req-09-0381,churn-pipeline-1.2.0,200,74.62,0.8419871461149474,False,1,0.541328,False
2026-07-30T04:38:42+00:00,req-09-0382,churn-pipeline-1.2.0,200,75.98,-2.587929939503161,False,0,0.060101,False
2026-07-30T16:35:00+00:00,req-09-0383,churn-pipeline-1.2.0,200,46.31,0.6456403970603969,False,0,0.499699,False
2026-07-30T03:35:03+00:00,req-09-0384,churn-pipeline-1.2.0,200,45.86,-0.3608592598952084,False,0,0.298023,False
2026-07-30T13:20:01+00:00,req-09-0385,churn-pipeline-1.2.0,200,60.41,1.2232617466315852,False,1,0.620053,False
2026-07-30T20:48:40+00:00,req-09-0386,churn-pipeline-1.2.0,200,50.72,0.6207678698936397,False,0,0.494413,False
2026-07-30T18:43:14+00:00,req-09-0387,churn-pipeline-1.2.0,200,49.04,0.6331174898638875,False,0,0.497038,False
2026-07-30T02:55:41+00:00,req-09-0388,churn-pipeline-1.2.0,200,111.83,,True,0,0.365864,False
2026-07-30T03:32:26+00:00,req-09-0389,churn-pipeline-1.2.0,200,39.79,-0.958236501713181,False,0,0.20351,False
2026-07-30T16:56:06+00:00,req-09-0390,churn-pipeline-1.2.0,200,124.18,-0.4545313069190519,False,0,0.281638,False
2026-07-30T08:18:57+00:00,req-09-0391,churn-pipeline-1.2.0,200,71.3,-1.889886874607496,False,0,0.103734,False
2026-07-31T14:47:15+00:00,req-10-0000,churn-pipeline-1.2.0,200,126.05,-0.4708984505057943,False,0,0.278832,False
2026-07-31T16:06:20+00:00,req-10-0001,churn-pipeline-1.2.0,200,105.13,0.2824298231619583,False,0,0.423131,False
2026-07-31T10:03:54+00:00,req-10-0002,churn-pipeline-1.2.0,200,88.88,0.8998770984180293,False,1,0.553518,False
2026-07-31T22:17:54+00:00,req-10-0003,churn-pipeline-1.2.0,200,114.81,1.6763499282409648,False,1,0.705764,False
2026-07-31T20:52:41+00:00,req-10-0004,churn-pipeline-1.2.0,200,89.95,3.454604098913923,False,1,0.915785,False
2026-07-31T23:19:56+00:00,req-10-0005,churn-pipeline-1.2.0,200,256.81,1.637935578403188,False,1,0.698938,False
2026-07-31T20:43:16+00:00,req-10-0006,churn-pipeline-1.2.0,200,155.38,-0.16312491657695988,False,0,0.334332,False
2026-07-31T13:07:41+00:00,req-10-0007,churn-pipeline-1.2.0,200,130.93,0.8014624818308436,False,1,0.532764,False
2026-07-31T23:03:00+00:00,req-10-0008,churn-pipeline-1.2.0,200,234.23,1.0900250047854996,False,1,0.593034,False
2026-07-31T14:38:14+00:00,req-10-0009,churn-pipeline-1.2.0,200,88.99,0.3546395861393028,False,0,0.438179,False
2026-07-31T14:26:17+00:00,req-10-0010,churn-pipeline-1.2.0,200,129.2,1.393770696231271,False,1,0.653556,False
2026-07-31T15:45:09+00:00,req-10-0011,churn-pipeline-1.2.0,200,256.0,-1.4849459428205112,False,0,0.140372,False
2026-07-31T04:27:41+00:00,req-10-0012,churn-pipeline-1.2.0,200,128.92,1.4808071023943996,False,1,0.670111,False
2026-07-31T20:08:24+00:00,req-10-0013,churn-pipeline-1.2.0,200,295.38,0.39979320644800376,False,0,0.447649,False
2026-07-31T08:42:23+00:00,req-10-0014,churn-pipeline-1.2.0,200,173.59,0.784809506719699,False,1,0.529239,False
2026-07-31T15:49:03+00:00,req-10-0015,churn-pipeline-1.2.0,200,205.03,2.4390090859778253,False,1,0.821003,False
2026-07-31T20:15:42+00:00,req-10-0016,churn-pipeline-1.2.0,200,206.94,-0.4245930343893682,False,0,0.286815,False
2026-07-31T02:45:05+00:00,req-10-0017,churn-pipeline-1.2.0,200,135.07,1.186355242534022,False,1,0.612635,False
2026-07-31T07:13:12+00:00,req-10-0018,churn-pipeline-1.2.0,200,115.47,1.7336176579567697,False,1,0.71577,False
2026-07-31T22:37:05+00:00,req-10-0019,churn-pipeline-1.2.0,200,130.1,,True,0,0.365864,False
2026-07-31T08:39:58+00:00,req-10-0020,churn-pipeline-1.2.0,200,98.44,-0.7949019207961849,False,0,0.226941,False
2026-07-31T15:51:44+00:00,req-10-0021,churn-pipeline-1.2.0,200,132.18,2.3179164586663936,False,1,0.805374,False
2026-07-31T13:28:44+00:00,req-10-0022,churn-pipeline-1.2.0,200,134.81,0.6780782470733262,False,1,0.506591,False
2026-07-31T20:52:40+00:00,req-10-0023,churn-pipeline-1.2.0,200,231.79,0.34608210741807016,False,0,0.436389,False
2026-07-31T12:14:51+00:00,req-10-0024,churn-pipeline-1.2.0,200,163.22,0.5739929736974343,False,0,0.484478,False
2026-07-31T10:11:37+00:00,req-10-0025,churn-pipeline-1.2.0,200,287.53,0.4987462894441374,False,0,0.468525,False
2026-07-31T00:23:39+00:00,req-10-0026,churn-pipeline-1.2.0,200,67.64,,True,0,0.365864,False
2026-07-31T11:23:35+00:00,req-10-0027,churn-pipeline-1.2.0,200,91.45,1.0731981153811843,False,1,0.589577,False
2026-07-31T14:02:34+00:00,req-10-0028,churn-pipeline-1.2.0,200,120.49,0.2729053416902992,False,0,0.421156,False
2026-07-31T16:31:57+00:00,req-10-0029,churn-pipeline-1.2.0,200,217.65,1.604432685757321,False,1,0.692912,False
2026-07-31T18:43:27+00:00,req-10-0030,churn-pipeline-1.2.0,200,130.35,1.4434752682959393,False,1,0.663059,False
2026-07-31T18:38:01+00:00,req-10-0031,churn-pipeline-1.2.0,200,84.4,2.6069528823520005,False,1,0.84103,False
2026-07-31T11:01:19+00:00,req-10-0032,churn-pipeline-1.2.0,200,124.82,0.6777851994586854,False,1,0.506529,False
2026-07-31T01:52:58+00:00,req-10-0033,churn-pipeline-1.2.0,200,92.02,0.05658776140294272,False,0,0.377094,False
2026-07-31T06:06:14+00:00,req-10-0034,churn-pipeline-1.2.0,200,86.43,-0.6432294519103505,False,0,0.25035,False
2026-07-31T09:46:34+00:00,req-10-0035,churn-pipeline-1.2.0,200,255.93,3.2030105553785537,False,1,0.897758,False
2026-07-31T23:29:43+00:00,req-10-0036,churn-pipeline-1.2.0,200,120.63,1.5952133963419401,False,1,0.691242,False
2026-07-31T18:28:35+00:00,req-10-0037,churn-pipeline-1.2.0,500,142.69,,True,0,0.365864,True
2026-07-31T21:28:08+00:00,req-10-0038,churn-pipeline-1.2.0,200,131.04,2.677812843730493,False,1,0.848918,False
2026-07-31T23:48:49+00:00,req-10-0039,churn-pipeline-1.2.0,200,124.56,2.323970503080334,False,1,0.80618,False
2026-07-31T03:11:47+00:00,req-10-0040,churn-pipeline-1.2.0,200,103.16,-0.5188413775778943,False,0,0.270712,False
2026-07-31T00:16:45+00:00,req-10-0041,churn-pipeline-1.2.0,200,122.23,0.10885138116182946,False,0,0.387585,False
2026-07-31T13:46:31+00:00,req-10-0042,churn-pipeline-1.2.0,200,150.38,0.7610589125816116,False,1,0.524206,False
2026-07-31T06:21:19+00:00,req-10-0043,churn-pipeline-1.2.0,200,212.56,-0.22358935080206024,False,0,0.322993,False
2026-07-31T20:51:06+00:00,req-10-0044,churn-pipeline-1.2.0,200,182.81,0.7985915639436032,False,1,0.532156,False
2026-07-31T11:09:22+00:00,req-10-0045,churn-pipeline-1.2.0,200,91.39,1.6475600437617774,False,1,0.700657,False
2026-07-31T00:13:27+00:00,req-10-0046,churn-pipeline-1.2.0,200,185.23,-0.5419239012384081,False,0,0.266856,False
2026-07-31T05:21:02+00:00,req-10-0047,churn-pipeline-1.2.0,200,157.18,1.2076505753726339,False,1,0.616922,False
2026-07-31T08:11:48+00:00,req-10-0048,churn-pipeline-1.2.0,200,110.54,2.1269228742043405,False,1,0.778662,False
2026-07-31T00:38:46+00:00,req-10-0049,churn-pipeline-1.2.0,200,143.1,1.3202312512340484,False,1,0.63927,False
2026-07-31T07:37:01+00:00,req-10-0050,churn-pipeline-1.2.0,200,162.13,0.820602827480904,False,1,0.536811,False
2026-07-31T12:56:56+00:00,req-10-0051,churn-pipeline-1.2.0,200,137.05,0.19849315244493113,False,0,0.405818,False
2026-07-31T21:26:16+00:00,req-10-0052,churn-pipeline-1.2.0,200,157.43,1.7723839657043188,False,1,0.722426,False
2026-07-31T15:35:08+00:00,req-10-0053,churn-pipeline-1.2.0,200,102.42,-0.3357661176504373,False,0,0.302504,False
2026-07-31T02:14:17+00:00,req-10-0054,churn-pipeline-1.2.0,200,255.44,1.1549314016498788,False,1,0.606278,False
2026-07-31T09:59:07+00:00,req-10-0055,churn-pipeline-1.2.0,200,72.81,0.9267915197059812,False,1,0.559165,False
2026-07-31T18:26:55+00:00,req-10-0056,churn-pipeline-1.2.0,200,162.42,2.0818915775201945,False,1,0.771995,False
2026-07-31T08:52:37+00:00,req-10-0057,churn-pipeline-1.2.0,200,151.81,0.2881138008776653,False,0,0.42431,False
2026-07-31T13:30:54+00:00,req-10-0058,churn-pipeline-1.2.0,200,165.84,0.3773773975122269,False,0,0.442942,False
2026-07-31T23:39:16+00:00,req-10-0059,churn-pipeline-1.2.0,200,107.62,-0.40395811416299443,False,0,0.290416,False
2026-07-31T03:18:26+00:00,req-10-0060,churn-pipeline-1.2.0,200,196.26,1.3591484883304294,False,1,0.646862,False
2026-07-31T11:27:38+00:00,req-10-0061,churn-pipeline-1.2.0,200,130.41,0.45499336481613883,False,0,0.459276,False
2026-07-31T14:37:54+00:00,req-10-0062,churn-pipeline-1.2.0,200,92.36,-0.005177676133343938,False,0,0.364844,False
2026-07-31T19:09:13+00:00,req-10-0063,churn-pipeline-1.2.0,200,95.1,0.09484291998885402,False,0,0.384762,False
2026-07-31T20:05:03+00:00,req-10-0064,churn-pipeline-1.2.0,200,140.5,1.4639607712860543,False,1,0.666938,False
2026-07-31T06:53:31+00:00,req-10-0065,churn-pipeline-1.2.0,200,81.0,-0.25810852470921697,False,0,0.316611,False
2026-07-31T11:12:19+00:00,req-10-0066,churn-pipeline-1.2.0,200,240.19,-0.16487426322866722,False,0,0.334001,False
2026-07-31T19:55:28+00:00,req-10-0067,churn-pipeline-1.2.0,200,188.85,1.8411794967932522,False,1,0.733998,False
2026-07-31T20:08:02+00:00,req-10-0068,churn-pipeline-1.2.0,200,242.22,0.7255733953790542,False,1,0.516678,False
2026-07-31T19:46:07+00:00,req-10-0069,churn-pipeline-1.2.0,200,234.19,1.9032173402835226,False,1,0.744166,False
2026-07-31T16:01:21+00:00,req-10-0070,churn-pipeline-1.2.0,200,120.62,0.5226763939253761,False,0,0.473593,False
2026-07-31T06:25:29+00:00,req-10-0071,churn-pipeline-1.2.0,200,102.22,0.8988178056335364,False,1,0.553296,False
2026-07-31T08:50:18+00:00,req-10-0072,churn-pipeline-1.2.0,200,57.3,1.0641142355330275,False,1,0.587708,False
2026-07-31T15:44:25+00:00,req-10-0073,churn-pipeline-1.2.0,200,118.54,2.356650580504165,False,1,0.810483,False
2026-07-31T06:06:17+00:00,req-10-0074,churn-pipeline-1.2.0,200,237.53,2.271166467520784,False,1,0.79907,False
2026-07-31T16:22:06+00:00,req-10-0075,churn-pipeline-1.2.0,200,103.58,2.1108988901019523,False,1,0.776305,False
2026-07-31T12:21:36+00:00,req-10-0076,churn-pipeline-1.2.0,200,126.23,0.23974018656783846,False,0,0.414299,False
2026-07-31T10:37:21+00:00,req-10-0077,churn-pipeline-1.2.0,200,113.05,-0.13617104785237832,False,0,0.33945,False
2026-07-31T08:31:48+00:00,req-10-0078,churn-pipeline-1.2.0,200,152.21,1.6988310362139523,False,1,0.709716,False
2026-07-31T18:34:14+00:00,req-10-0079,churn-pipeline-1.2.0,200,203.74,2.3455976874158577,False,1,0.809036,False
2026-07-31T11:10:18+00:00,req-10-0080,churn-pipeline-1.2.0,200,82.49,2.120959668724674,False,1,0.777787,False
2026-07-31T07:21:54+00:00,req-10-0081,churn-pipeline-1.2.0,200,87.71,0.913701720200091,False,1,0.55642,False
2026-07-31T09:12:51+00:00,req-10-0082,churn-pipeline-1.2.0,200,217.24,1.6641989721178574,False,1,0.703614,False
2026-07-31T11:37:21+00:00,req-10-0083,churn-pipeline-1.2.0,200,170.69,1.6826570357393855,False,1,0.706876,False
2026-07-31T14:49:17+00:00,req-10-0084,churn-pipeline-1.2.0,200,124.25,1.0563899309483749,False,1,0.586116,False
2026-07-31T23:45:49+00:00,req-10-0085,churn-pipeline-1.2.0,200,233.12,1.1019923059738497,False,1,0.595486,False
2026-07-31T08:10:16+00:00,req-10-0086,churn-pipeline-1.2.0,200,87.22,1.003105103642945,False,1,0.575088,False
2026-07-31T04:17:17+00:00,req-10-0087,churn-pipeline-1.2.0,500,181.86,0.07249864005715259,False,0,0.380276,True
2026-07-31T23:28:14+00:00,req-10-0088,churn-pipeline-1.2.0,200,132.08,0.17964494056624966,False,0,0.401961,False
2026-07-31T03:32:48+00:00,req-10-0089,churn-pipeline-1.2.0,200,163.92,0.16343512041487968,False,0,0.398653,False
2026-07-31T21:41:28+00:00,req-10-0090,churn-pipeline-1.2.0,200,62.89,-0.7791986156216292,False,0,0.229291,False
2026-07-31T03:24:45+00:00,req-10-0091,churn-pipeline-1.2.0,200,124.19,1.0500029237158306,False,1,0.584798,False
2026-07-31T08:43:57+00:00,req-10-0092,churn-pipeline-1.2.0,200,170.9,0.8573979585205628,False,1,0.544578,False
2026-07-31T23:57:16+00:00,req-10-0093,churn-pipeline-1.2.0,200,132.29,1.7000623424678876,False,1,0.709932,False
2026-07-31T03:58:35+00:00,req-10-0094,churn-pipeline-1.2.0,200,201.74,2.223753147128068,False,1,0.792521,False
2026-07-31T03:50:16+00:00,req-10-0095,churn-pipeline-1.2.0,200,199.59,2.290509083088856,False,1,0.801697,False
2026-07-31T14:37:13+00:00,req-10-0096,churn-pipeline-1.2.0,200,99.34,2.3893887312252393,False,1,0.814721,False
2026-07-31T04:33:56+00:00,req-10-0097,churn-pipeline-1.2.0,200,175.73,0.10506492134654176,False,0,0.386821,False
2026-07-31T00:35:07+00:00,req-10-0098,churn-pipeline-1.2.0,200,98.26,-0.6035572418865217,False,0,0.256732,False
2026-07-31T16:40:29+00:00,req-10-0099,churn-pipeline-1.2.0,200,137.35,1.8772807569687044,False,1,0.739946,False
2026-07-31T23:01:31+00:00,req-10-0100,churn-pipeline-1.2.0,200,166.54,2.3512401101109455,False,1,0.809776,False
2026-07-31T18:13:40+00:00,req-10-0101,churn-pipeline-1.2.0,200,103.34,2.533792069570947,False,1,0.832538,False
2026-07-31T23:08:30+00:00,req-10-0102,churn-pipeline-1.2.0,200,173.66,,True,0,0.365864,False
2026-07-31T12:38:58+00:00,req-10-0103,churn-pipeline-1.2.0,200,114.84,-1.1965391449838085,False,0,0.172636,False
2026-07-31T14:44:13+00:00,req-10-0104,churn-pipeline-1.2.0,200,112.11,1.2838899366052723,False,1,0.632116,False
2026-07-31T23:35:02+00:00,req-10-0105,churn-pipeline-1.2.0,200,169.25,1.4832129113048806,False,1,0.670563,False
2026-07-31T12:05:21+00:00,req-10-0106,churn-pipeline-1.2.0,200,103.31,2.214678772321519,False,1,0.79125,False
2026-07-31T00:56:01+00:00,req-10-0107,churn-pipeline-1.2.0,200,101.65,2.4011101286823955,False,1,0.81622,False
2026-07-31T05:43:54+00:00,req-10-0108,churn-pipeline-1.2.0,200,188.38,,True,0,0.365864,False
2026-07-31T14:53:58+00:00,req-10-0109,churn-pipeline-1.2.0,200,139.77,0.283357156789352,False,0,0.423323,False
2026-07-31T20:34:32+00:00,req-10-0110,churn-pipeline-1.2.0,200,84.77,-0.18057318028029112,False,0,0.33104,False
2026-07-31T14:33:18+00:00,req-10-0111,churn-pipeline-1.2.0,200,177.52,1.4606592094071222,False,1,0.666314,False
2026-07-31T09:44:03+00:00,req-10-0112,churn-pipeline-1.2.0,200,118.53,0.06796413405315638,False,0,0.379368,False
2026-07-31T07:42:35+00:00,req-10-0113,churn-pipeline-1.2.0,200,86.17,2.4488939621844894,False,1,0.822234,False
2026-07-31T16:23:50+00:00,req-10-0114,churn-pipeline-1.2.0,500,60.52,-0.8897868842195176,False,0,0.213103,True
2026-07-31T21:35:11+00:00,req-10-0115,churn-pipeline-1.2.0,200,180.25,1.4952309430144006,False,1,0.672815,False
2026-07-31T06:40:21+00:00,req-10-0116,churn-pipeline-1.2.0,200,102.52,1.2355117234796134,False,1,0.622503,False
2026-07-31T13:16:08+00:00,req-10-0117,churn-pipeline-1.2.0,200,90.67,0.6828949990922791,False,1,0.507615,False
2026-07-31T10:15:27+00:00,req-10-0118,churn-pipeline-1.2.0,200,165.65,-0.0713720880199785,False,0,0.351907,False
2026-07-31T05:54:43+00:00,req-10-0119,churn-pipeline-1.2.0,200,174.71,-1.264865117565216,False,0,0.164498,False
2026-07-31T09:43:35+00:00,req-10-0120,churn-pipeline-1.2.0,200,104.94,0.3419998796236823,False,0,0.435536,False
2026-07-31T02:07:14+00:00,req-10-0121,churn-pipeline-1.2.0,200,180.79,0.3604226597043141,False,0,0.439389,False
2026-07-31T12:43:26+00:00,req-10-0122,churn-pipeline-1.2.0,200,260.56,2.0673234917908787,False,1,0.769808,False
2026-07-31T02:34:15+00:00,req-10-0123,churn-pipeline-1.2.0,500,207.72,0.07800157980586786,False,0,0.381379,True
2026-07-31T11:22:39+00:00,req-10-0124,churn-pipeline-1.2.0,200,197.63,,True,0,0.365864,False
2026-07-31T21:32:09+00:00,req-10-0125,churn-pipeline-1.2.0,200,149.28,-0.456851793613885,False,0,0.281239,False
2026-07-31T03:29:51+00:00,req-10-0126,churn-pipeline-1.2.0,200,117.13,,True,0,0.365864,False
2026-07-31T06:00:26+00:00,req-10-0127,churn-pipeline-1.2.0,200,132.61,-1.4495853697939014,False,0,0.144038,False
2026-07-31T17:18:18+00:00,req-10-0128,churn-pipeline-1.2.0,200,155.45,3.1000609868272297,False,1,0.889442,False
2026-07-31T21:46:05+00:00,req-10-0129,churn-pipeline-1.2.0,500,90.28,0.7518790968622554,False,1,0.52226,True
2026-07-31T22:56:02+00:00,req-10-0130,churn-pipeline-1.2.0,200,105.54,-2.034225760618959,False,0,0.092869,False
2026-07-31T02:52:58+00:00,req-10-0131,churn-pipeline-1.2.0,200,85.49,0.14636305066212996,False,0,0.39518,False
2026-07-31T05:44:18+00:00,req-10-0132,churn-pipeline-1.2.0,200,145.55,-0.01944534474015954,False,0,0.362038,False
2026-07-31T23:36:52+00:00,req-10-0133,churn-pipeline-1.2.0,200,138.64,0.2113909615403837,False,0,0.408464,False
2026-07-31T12:08:04+00:00,req-10-0134,churn-pipeline-1.2.0,200,109.55,0.517126534411215,False,0,0.472417,False
2026-07-31T20:00:01+00:00,req-10-0135,churn-pipeline-1.2.0,200,175.53,0.20425198900812816,False,0,0.406999,False
2026-07-31T00:20:45+00:00,req-10-0136,churn-pipeline-1.2.0,200,96.64,0.04276731907837686,False,0,0.374339,False
2026-07-31T02:47:22+00:00,req-10-0137,churn-pipeline-1.2.0,500,108.26,-0.31661709959878576,False,0,0.30595,True
2026-07-31T04:54:12+00:00,req-10-0138,churn-pipeline-1.2.0,200,173.3,1.7628788951297414,False,1,0.720803,False
2026-07-31T02:03:55+00:00,req-10-0139,churn-pipeline-1.2.0,200,181.73,2.161192395998059,False,1,0.783641,False
2026-07-31T21:22:45+00:00,req-10-0140,churn-pipeline-1.2.0,200,104.65,0.6326974856018978,False,0,0.496948,False
2026-07-31T19:16:56+00:00,req-10-0141,churn-pipeline-1.2.0,200,145.41,0.8814815174661108,False,1,0.549651,False
2026-07-31T09:22:06+00:00,req-10-0142,churn-pipeline-1.2.0,200,105.22,,True,0,0.365864,False
2026-07-31T01:52:24+00:00,req-10-0143,churn-pipeline-1.2.0,200,126.74,0.9745717332532462,False,1,0.56915,False
2026-07-31T02:32:50+00:00,req-10-0144,churn-pipeline-1.2.0,200,141.36,1.1414619502615106,False,1,0.603541,False
2026-07-31T06:17:32+00:00,req-10-0145,churn-pipeline-1.2.0,200,161.51,,True,0,0.365864,False
2026-07-31T17:26:54+00:00,req-10-0146,churn-pipeline-1.2.0,200,149.44,1.3158787266579208,False,1,0.638416,False
2026-07-31T19:13:47+00:00,req-10-0147,churn-pipeline-1.2.0,200,147.33,1.2241442211535762,False,1,0.62023,False
2026-07-31T12:56:38+00:00,req-10-0148,churn-pipeline-1.2.0,200,95.6,,True,0,0.365864,False
2026-07-31T21:46:54+00:00,req-10-0149,churn-pipeline-1.2.0,200,152.86,2.152699889415405,False,1,0.782415,False
2026-07-31T22:16:32+00:00,req-10-0150,churn-pipeline-1.2.0,200,161.03,0.6819714271789459,False,1,0.507418,False
2026-07-31T18:25:25+00:00,req-10-0151,churn-pipeline-1.2.0,200,168.3,2.6593501820128345,False,1,0.846894,False
2026-07-31T01:53:25+00:00,req-10-0152,churn-pipeline-1.2.0,200,107.24,1.3414416188901874,False,1,0.643417,False
2026-07-31T21:21:26+00:00,req-10-0153,churn-pipeline-1.2.0,200,180.96,2.9694797868904246,False,1,0.878046,False
2026-07-31T21:48:02+00:00,req-10-0154,churn-pipeline-1.2.0,200,88.57,2.1340326277717687,False,1,0.779702,False
2026-07-31T13:26:14+00:00,req-10-0155,churn-pipeline-1.2.0,200,117.61,1.138549109547905,False,1,0.602949,False
2026-07-31T14:22:50+00:00,req-10-0156,churn-pipeline-1.2.0,500,123.61,0.14073779004939516,False,0,0.394037,True
2026-07-31T18:42:38+00:00,req-10-0157,churn-pipeline-1.2.0,200,90.13,0.1633541514920299,False,0,0.398637,False
2026-07-31T14:13:02+00:00,req-10-0158,churn-pipeline-1.2.0,200,123.01,1.4596859992316473,False,1,0.66613,False
2026-07-31T08:15:37+00:00,req-10-0159,churn-pipeline-1.2.0,200,144.92,1.0502823879804635,False,1,0.584856,False
2026-07-31T16:43:38+00:00,req-10-0160,churn-pipeline-1.2.0,200,75.27,0.28152245220936,False,0,0.422942,False
2026-07-31T18:50:42+00:00,req-10-0161,churn-pipeline-1.2.0,200,118.98,1.7747129449905437,False,1,0.722823,False
2026-07-31T03:23:48+00:00,req-10-0162,churn-pipeline-1.2.0,200,77.15,0.940709896873834,False,1,0.562079,False
2026-07-31T16:18:49+00:00,req-10-0163,churn-pipeline-1.2.0,200,259.45,1.7809603060657626,False,1,0.723885,False
2026-07-31T04:09:29+00:00,req-10-0164,churn-pipeline-1.2.0,200,144.5,-0.12424357003663546,False,0,0.341727,False
2026-07-31T13:47:45+00:00,req-10-0165,churn-pipeline-1.2.0,200,140.55,1.9494452514085767,False,1,0.751575,False
2026-07-31T02:35:20+00:00,req-10-0166,churn-pipeline-1.2.0,500,145.41,1.4260453478146442,False,1,0.659741,True
2026-07-31T23:48:54+00:00,req-10-0167,churn-pipeline-1.2.0,200,163.81,2.1574481476849985,False,1,0.783101,False
2026-07-31T16:01:43+00:00,req-10-0168,churn-pipeline-1.2.0,200,184.62,1.9263020257521553,False,1,0.747884,False
2026-07-31T11:16:28+00:00,req-10-0169,churn-pipeline-1.2.0,200,81.85,0.8107989292566913,False,1,0.534739,False
2026-07-31T12:05:33+00:00,req-10-0170,churn-pipeline-1.2.0,200,205.31,0.7263567323245189,False,1,0.516844,False
2026-07-31T14:51:42+00:00,req-10-0171,churn-pipeline-1.2.0,200,201.13,2.7721825422204893,False,1,0.858921,False
2026-07-31T02:59:28+00:00,req-10-0172,churn-pipeline-1.2.0,200,132.16,0.5949031071489433,False,0,0.488919,False
2026-07-31T12:14:15+00:00,req-10-0173,churn-pipeline-1.2.0,200,129.97,1.6858553837797363,False,1,0.707439,False
2026-07-31T17:10:52+00:00,req-10-0174,churn-pipeline-1.2.0,200,50.02,0.49954365820077096,False,0,0.468694,False
2026-07-31T06:15:08+00:00,req-10-0175,churn-pipeline-1.2.0,200,90.67,-1.0549772341445316,False,0,0.190505,False
2026-07-31T11:30:19+00:00,req-10-0176,churn-pipeline-1.2.0,200,159.38,,True,0,0.365864,False
2026-07-31T07:55:43+00:00,req-10-0177,churn-pipeline-1.2.0,200,198.24,1.326216929105083,False,1,0.640442,False
2026-07-31T03:51:51+00:00,req-10-0178,churn-pipeline-1.2.0,200,170.46,1.6361882845853595,False,1,0.698625,False
2026-07-31T23:29:27+00:00,req-10-0179,churn-pipeline-1.2.0,200,131.77,1.3296740796811688,False,1,0.641119,False
2026-07-31T14:13:33+00:00,req-10-0180,churn-pipeline-1.2.0,200,250.02,2.103246976463178,False,1,0.775174,False
2026-07-31T09:24:38+00:00,req-10-0181,churn-pipeline-1.2.0,200,186.22,1.3108231629958353,False,1,0.637424,False
2026-07-31T08:07:04+00:00,req-10-0182,churn-pipeline-1.2.0,200,119.02,0.08600355834921111,False,0,0.382985,False
2026-07-31T16:18:20+00:00,req-10-0183,churn-pipeline-1.2.0,200,271.39,1.524017290547452,False,1,0.678179,False
2026-07-31T02:35:49+00:00,req-10-0184,churn-pipeline-1.2.0,200,95.06,1.0780883589764612,False,1,0.590583,False
2026-07-31T13:36:37+00:00,req-10-0185,churn-pipeline-1.2.0,200,84.29,0.2956640948029839,False,0,0.425879,False
2026-07-31T05:31:33+00:00,req-10-0186,churn-pipeline-1.2.0,200,117.98,1.3961452665402043,False,1,0.654012,False
2026-07-31T21:21:19+00:00,req-10-0187,churn-pipeline-1.2.0,200,105.9,0.9833386743183183,False,1,0.570977,False
2026-07-31T18:49:22+00:00,req-10-0188,churn-pipeline-1.2.0,200,120.12,0.2647494215682849,False,0,0.419467,False
2026-07-31T18:11:04+00:00,req-10-0189,churn-pipeline-1.2.0,200,174.28,0.7132409377588705,False,1,0.51406,False
2026-07-31T03:29:57+00:00,req-10-0190,churn-pipeline-1.2.0,200,133.54,2.3842454923192484,False,1,0.81406,False
2026-07-31T01:56:08+00:00,req-10-0191,churn-pipeline-1.2.0,200,134.64,2.3499322068731296,False,1,0.809605,False
2026-07-31T11:00:09+00:00,req-10-0192,churn-pipeline-1.2.0,200,137.56,1.0975513462340685,False,1,0.594577,False
2026-07-31T08:31:50+00:00,req-10-0193,churn-pipeline-1.2.0,200,64.41,0.96013051578165,False,1,0.566138,False
2026-07-31T17:22:58+00:00,req-10-0194,churn-pipeline-1.2.0,200,83.13,-0.6046982866270328,False,0,0.256547,False
2026-07-31T17:05:09+00:00,req-10-0195,churn-pipeline-1.2.0,200,119.34,2.705333369034598,False,1,0.851894,False
2026-07-31T09:31:58+00:00,req-10-0196,churn-pipeline-1.2.0,200,103.08,1.9881589817363654,False,1,0.757668,False
2026-07-31T03:52:21+00:00,req-10-0197,churn-pipeline-1.2.0,200,125.35,1.6895491492395431,False,1,0.708088,False
2026-07-31T07:46:52+00:00,req-10-0198,churn-pipeline-1.2.0,200,211.58,-1.4884672529451712,False,0,0.140011,False
2026-07-31T12:04:57+00:00,req-10-0199,churn-pipeline-1.2.0,200,131.82,0.942968783188586,False,1,0.562551,False
2026-07-31T06:05:05+00:00,req-10-0200,churn-pipeline-1.2.0,200,88.43,0.7665148562649579,False,1,0.525363,False
2026-07-31T07:37:35+00:00,req-10-0201,churn-pipeline-1.2.0,200,104.74,1.6169562102156285,False,1,0.695172,False
2026-07-31T05:46:42+00:00,req-10-0202,churn-pipeline-1.2.0,200,233.38,0.426417645776914,False,0,0.453251,False
2026-07-31T01:33:14+00:00,req-10-0203,churn-pipeline-1.2.0,200,220.45,0.656704272723805,False,1,0.50205,False
2026-07-31T14:25:46+00:00,req-10-0204,churn-pipeline-1.2.0,200,163.36,1.5503835859024384,False,1,0.68305,False
2026-07-31T23:55:53+00:00,req-10-0205,churn-pipeline-1.2.0,200,81.88,0.08774271455688727,False,0,0.383335,False
2026-07-31T22:50:46+00:00,req-10-0206,churn-pipeline-1.2.0,200,148.93,0.2972551824202138,False,0,0.42621,False
2026-07-31T22:18:17+00:00,req-10-0207,churn-pipeline-1.2.0,200,152.64,1.1029929717490097,False,1,0.595691,False
2026-07-31T15:48:49+00:00,req-10-0208,churn-pipeline-1.2.0,200,136.11,2.3054099885170523,False,1,0.803703,False
2026-07-31T17:56:26+00:00,req-10-0209,churn-pipeline-1.2.0,200,112.49,1.7488932240845148,False,1,0.718404,False
2026-07-31T01:32:27+00:00,req-10-0210,churn-pipeline-1.2.0,200,120.21,,True,0,0.365864,False
2026-07-31T04:49:28+00:00,req-10-0211,churn-pipeline-1.2.0,200,110.01,,True,0,0.365864,False
2026-07-31T16:56:50+00:00,req-10-0212,churn-pipeline-1.2.0,200,93.58,2.469831924972124,False,1,0.824821,False
2026-07-31T23:43:28+00:00,req-10-0213,churn-pipeline-1.2.0,200,209.01,-0.9282415457263747,False,0,0.207674,False
2026-07-31T21:47:51+00:00,req-10-0214,churn-pipeline-1.2.0,200,179.04,3.023351179321415,False,1,0.882865,False
2026-07-31T15:08:20+00:00,req-10-0215,churn-pipeline-1.2.0,200,123.24,3.159346923939038,False,1,0.894301,False
2026-07-31T02:36:49+00:00,req-10-0216,churn-pipeline-1.2.0,200,151.1,1.379447167013735,False,1,0.650794,False
2026-07-31T23:11:08+00:00,req-10-0217,churn-pipeline-1.2.0,200,152.93,1.7738757693072884,False,1,0.72268,False
2026-07-31T07:37:54+00:00,req-10-0218,churn-pipeline-1.2.0,200,285.72,0.8601001427944576,False,1,0.545148,False
2026-07-31T01:01:18+00:00,req-10-0219,churn-pipeline-1.2.0,200,178.48,0.6799532187729966,False,1,0.50699,False
2026-07-31T18:26:14+00:00,req-10-0220,churn-pipeline-1.2.0,200,176.34,0.25858610586744585,False,0,0.418192,False
2026-07-31T04:09:47+00:00,req-10-0221,churn-pipeline-1.2.0,200,136.65,0.8485373829223555,False,1,0.54271,False
2026-07-31T07:14:18+00:00,req-10-0222,churn-pipeline-1.2.0,200,117.48,1.483730149385989,False,1,0.67066,False
2026-07-31T16:15:14+00:00,req-10-0223,churn-pipeline-1.2.0,200,210.13,1.340878039521593,False,1,0.643307,False
2026-07-31T23:10:10+00:00,req-10-0224,churn-pipeline-1.2.0,200,166.33,2.9859332252758004,False,1,0.879536,False
2026-07-31T21:46:20+00:00,req-10-0225,churn-pipeline-1.2.0,200,103.53,1.0052882730926795,False,1,0.575541,False
2026-07-31T03:55:37+00:00,req-10-0226,churn-pipeline-1.2.0,200,156.1,-0.6632699894122821,False,0,0.247167,False
2026-07-31T04:13:07+00:00,req-10-0227,churn-pipeline-1.2.0,200,176.49,2.6265261522845873,False,1,0.843242,False
2026-07-31T19:25:04+00:00,req-10-0228,churn-pipeline-1.2.0,200,69.03,-0.3820019921727576,False,0,0.294277,False
2026-07-31T07:36:37+00:00,req-10-0229,churn-pipeline-1.2.0,200,100.5,0.3126395282193045,False,0,0.429411,False
2026-07-31T01:52:14+00:00,req-10-0230,churn-pipeline-1.2.0,200,151.62,,True,0,0.365864,False
2026-07-31T14:06:58+00:00,req-10-0231,churn-pipeline-1.2.0,200,72.93,1.338033836376386,False,1,0.642752,False
2026-07-31T15:46:05+00:00,req-10-0232,churn-pipeline-1.2.0,200,76.72,-0.6177102348770799,False,0,0.254443,False
2026-07-31T23:59:30+00:00,req-10-0233,churn-pipeline-1.2.0,200,123.81,0.11620415180769895,False,0,0.389069,False
2026-07-31T11:40:18+00:00,req-10-0234,churn-pipeline-1.2.0,200,158.0,-0.6548215843361617,False,0,0.248506,False
2026-07-31T19:11:31+00:00,req-10-0235,churn-pipeline-1.2.0,200,160.35,,True,0,0.365864,False
2026-07-31T12:49:31+00:00,req-10-0236,churn-pipeline-1.2.0,200,224.0,2.14254887893803,False,1,0.780942,False
2026-07-31T22:09:55+00:00,req-10-0237,churn-pipeline-1.2.0,200,138.6,-0.3829299464588397,False,0,0.294113,False
2026-07-31T11:41:49+00:00,req-10-0238,churn-pipeline-1.2.0,500,119.82,1.9454429507002586,False,1,0.750939,True
2026-07-31T16:12:01+00:00,req-10-0239,churn-pipeline-1.2.0,200,88.85,1.877317681540896,False,1,0.739952,False
2026-07-31T23:07:03+00:00,req-10-0240,churn-pipeline-1.2.0,200,119.37,0.20797567059292157,False,0,0.407763,False
2026-07-31T21:03:24+00:00,req-10-0241,churn-pipeline-1.2.0,200,169.3,-1.1817079876612182,False,0,0.174444,False
2026-07-31T09:37:28+00:00,req-10-0242,churn-pipeline-1.2.0,200,171.77,-0.2248188201544656,False,0,0.322765,False
2026-07-31T12:10:08+00:00,req-10-0243,churn-pipeline-1.2.0,200,146.93,0.274979533745768,False,0,0.421586,False
2026-07-31T14:13:30+00:00,req-10-0244,churn-pipeline-1.2.0,200,160.83,2.5187543891496533,False,1,0.830748,False
2026-07-31T02:58:47+00:00,req-10-0245,churn-pipeline-1.2.0,200,203.1,0.775782296232968,False,1,0.527326,False
2026-07-31T05:36:08+00:00,req-10-0246,churn-pipeline-1.2.0,200,138.29,-0.15716937478981904,False,0,0.33546,False
2026-07-31T17:01:45+00:00,req-10-0247,churn-pipeline-1.2.0,200,209.1,1.0552409826995375,False,1,0.585879,False
2026-07-31T01:43:14+00:00,req-10-0248,churn-pipeline-1.2.0,200,106.99,-0.4601150544088616,False,0,0.280679,False
2026-07-31T14:26:07+00:00,req-10-0249,churn-pipeline-1.2.0,200,131.87,1.4400570527166667,False,1,0.662409,False
2026-07-31T11:38:08+00:00,req-10-0250,churn-pipeline-1.2.0,200,115.75,-0.12654726223535237,False,0,0.341287,False
2026-07-31T11:38:54+00:00,req-10-0251,churn-pipeline-1.2.0,200,173.98,0.02585007279989535,False,0,0.370977,False
2026-07-31T20:18:08+00:00,req-10-0252,churn-pipeline-1.2.0,200,97.58,1.2942666508534868,False,1,0.634165,False
2026-07-31T06:35:59+00:00,req-10-0253,churn-pipeline-1.2.0,200,121.79,2.7377453669423306,False,1,0.855336,False
2026-07-31T18:58:50+00:00,req-10-0254,churn-pipeline-1.2.0,500,74.45,3.2076769382476917,False,1,0.898122,True
2026-07-31T18:49:15+00:00,req-10-0255,churn-pipeline-1.2.0,200,163.28,,True,0,0.365864,False
2026-07-31T23:49:13+00:00,req-10-0256,churn-pipeline-1.2.0,200,201.19,0.2735633569489148,False,0,0.421292,False
2026-07-31T19:41:23+00:00,req-10-0257,churn-pipeline-1.2.0,200,180.68,1.441308899289227,False,1,0.662647,False
2026-07-31T12:10:03+00:00,req-10-0258,churn-pipeline-1.2.0,200,175.09,2.127228815724141,False,1,0.778707,False
2026-07-31T08:44:25+00:00,req-10-0259,churn-pipeline-1.2.0,200,176.6,-1.3722878740671094,False,0,0.15233,False
2026-07-31T18:44:44+00:00,req-10-0260,churn-pipeline-1.2.0,200,168.88,0.9917036598516142,False,1,0.572718,False
2026-07-31T22:15:59+00:00,req-10-0261,churn-pipeline-1.2.0,200,164.33,0.3884998746079098,False,0,0.445276,False
2026-07-31T06:44:21+00:00,req-10-0262,churn-pipeline-1.2.0,200,167.76,-1.1202222589818265,False,0,0.182099,False
2026-07-31T08:52:25+00:00,req-10-0263,churn-pipeline-1.2.0,200,109.45,-0.5040261689919886,False,0,0.273205,False
2026-07-31T11:55:46+00:00,req-10-0264,churn-pipeline-1.2.0,200,126.62,0.3038368173770059,False,0,0.427578,False
2026-07-31T02:34:53+00:00,req-10-0265,churn-pipeline-1.2.0,200,138.07,0.961755770981578,False,1,0.566477,False
2026-07-31T07:32:27+00:00,req-10-0266,churn-pipeline-1.2.0,500,121.25,1.9585080032773516,False,1,0.75301,True
2026-07-31T03:59:48+00:00,req-10-0267,churn-pipeline-1.2.0,200,81.78,1.272065520836168,False,1,0.629776,False
2026-07-31T18:32:11+00:00,req-10-0268,churn-pipeline-1.2.0,200,90.93,1.8949164090260355,False,1,0.74282,False
2026-07-31T11:52:06+00:00,req-10-0269,churn-pipeline-1.2.0,200,145.31,0.9280605526396255,False,1,0.559431,False
2026-07-31T14:29:28+00:00,req-10-0270,churn-pipeline-1.2.0,200,180.39,0.15980675571615177,False,0,0.397914,False
2026-07-31T01:55:00+00:00,req-10-0271,churn-pipeline-1.2.0,200,135.4,0.7070625484358974,False,1,0.512748,False
2026-07-31T13:45:46+00:00,req-10-0272,churn-pipeline-1.2.0,200,327.02,1.6302932148426716,False,1,0.697569,False
2026-07-31T17:14:30+00:00,req-10-0273,churn-pipeline-1.2.0,200,100.58,1.9841902777931224,False,1,0.757048,False
2026-07-31T16:32:42+00:00,req-10-0274,churn-pipeline-1.2.0,200,155.66,0.7447315813339608,False,1,0.520744,False
2026-07-31T19:04:56+00:00,req-10-0275,churn-pipeline-1.2.0,200,204.07,-0.07557102550219048,False,0,0.351094,False
2026-07-31T02:44:10+00:00,req-10-0276,churn-pipeline-1.2.0,200,189.86,1.252441067461598,False,1,0.625878,False
2026-07-31T13:11:14+00:00,req-10-0277,churn-pipeline-1.2.0,200,166.48,1.4018800120343315,False,1,0.655115,False
2026-07-31T11:34:21+00:00,req-10-0278,churn-pipeline-1.2.0,200,190.14,2.1943550403557737,False,1,0.788382,False
2026-07-31T21:26:25+00:00,req-10-0279,churn-pipeline-1.2.0,200,137.41,0.18729898339241507,False,0,0.403526,False
2026-07-31T16:34:22+00:00,req-10-0280,churn-pipeline-1.2.0,200,229.84,0.19881288302102862,False,0,0.405884,False
2026-07-31T22:54:10+00:00,req-10-0281,churn-pipeline-1.2.0,200,203.54,1.6939682074165543,False,1,0.708864,False
2026-07-31T00:36:33+00:00,req-10-0282,churn-pipeline-1.2.0,200,102.78,0.47219475044043563,False,0,0.46291,False
2026-07-31T10:44:31+00:00,req-10-0283,churn-pipeline-1.2.0,500,149.63,,True,0,0.365864,True
2026-07-31T16:52:46+00:00,req-10-0284,churn-pipeline-1.2.0,200,82.28,2.216846863647256,False,1,0.791554,False
2026-07-31T02:08:20+00:00,req-10-0285,churn-pipeline-1.2.0,200,219.7,-0.5395558865952313,False,0,0.26725,False
2026-07-31T15:37:49+00:00,req-10-0286,churn-pipeline-1.2.0,200,145.04,3.0590132967642867,False,1,0.885964,False
2026-07-31T05:33:01+00:00,req-10-0287,churn-pipeline-1.2.0,200,207.86,0.2567328162367818,False,0,0.417808,False
2026-07-31T01:47:03+00:00,req-10-0288,churn-pipeline-1.2.0,200,130.36,1.8100648229407477,False,1,0.728802,False
2026-07-31T15:46:58+00:00,req-10-0289,churn-pipeline-1.2.0,200,74.54,0.7857603549783565,False,1,0.52944,False
2026-07-31T10:14:04+00:00,req-10-0290,churn-pipeline-1.2.0,200,313.95,1.1849303991157427,False,1,0.612348,False
2026-07-31T09:44:19+00:00,req-10-0291,churn-pipeline-1.2.0,200,140.78,0.6240741752501495,False,0,0.495116,False
2026-07-31T07:48:42+00:00,req-10-0292,churn-pipeline-1.2.0,200,98.02,1.7994054846346226,False,1,0.727008,False
2026-07-31T16:26:24+00:00,req-10-0293,churn-pipeline-1.2.0,200,194.79,0.5353099322794551,False,0,0.476271,False
2026-07-31T14:50:55+00:00,req-10-0294,churn-pipeline-1.2.0,200,258.98,0.29840620456264366,False,0,0.426449,False
2026-07-31T16:00:05+00:00,req-10-0295,churn-pipeline-1.2.0,200,126.53,2.8040089171634914,False,1,0.862167,False
2026-07-31T18:54:23+00:00,req-10-0296,churn-pipeline-1.2.0,200,130.78,0.9308518318643765,False,1,0.560015,False
2026-07-31T14:31:43+00:00,req-10-0297,churn-pipeline-1.2.0,200,145.69,,True,0,0.365864,False
2026-07-31T01:47:48+00:00,req-10-0298,churn-pipeline-1.2.0,200,94.61,-0.6648009194074936,False,0,0.246925,False
2026-07-31T03:47:16+00:00,req-10-0299,churn-pipeline-1.2.0,200,108.23,2.8588569325877797,False,1,0.867614,False
2026-07-31T23:47:45+00:00,req-10-0300,churn-pipeline-1.2.0,200,238.77,0.32047835472198566,False,0,0.431044,False
2026-07-31T06:51:43+00:00,req-10-0301,churn-pipeline-1.2.0,200,129.41,3.064930150426205,False,1,0.886471,False
2026-07-31T10:15:47+00:00,req-10-0302,churn-pipeline-1.2.0,500,103.26,1.3187970689835262,False,1,0.638989,True
2026-07-31T09:04:07+00:00,req-10-0303,churn-pipeline-1.2.0,200,116.82,1.050029460317574,False,1,0.584804,False
2026-07-31T23:45:56+00:00,req-10-0304,churn-pipeline-1.2.0,200,190.3,1.0783360029443976,False,1,0.590634,False
2026-07-31T19:47:09+00:00,req-10-0305,churn-pipeline-1.2.0,200,71.74,3.2267484862405293,False,1,0.899595,False
2026-07-31T11:36:08+00:00,req-10-0306,churn-pipeline-1.2.0,200,146.46,-1.4018294978919048,False,0,0.149116,False
2026-07-31T16:22:24+00:00,req-10-0307,churn-pipeline-1.2.0,200,296.84,1.1250585954828805,False,1,0.6002,False
2026-07-31T13:14:15+00:00,req-10-0308,churn-pipeline-1.2.0,200,258.58,0.6215362120934399,False,0,0.494577,False
2026-07-31T15:28:42+00:00,req-10-0309,churn-pipeline-1.2.0,200,162.18,0.6762519456627839,False,1,0.506203,False
2026-07-31T22:53:37+00:00,req-10-0310,churn-pipeline-1.2.0,200,205.72,1.056777444748999,False,1,0.586196,False
2026-07-31T16:07:52+00:00,req-10-0311,churn-pipeline-1.2.0,200,205.09,0.6204331430290669,False,0,0.494342,False
2026-07-31T02:42:32+00:00,req-10-0312,churn-pipeline-1.2.0,200,129.67,1.097537200547721,False,1,0.594574,False
2026-07-31T12:04:36+00:00,req-10-0313,churn-pipeline-1.2.0,200,181.49,0.8752436647371932,False,1,0.548338,False
2026-07-31T19:40:22+00:00,req-10-0314,churn-pipeline-1.2.0,200,239.28,,True,0,0.365864,False
2026-07-31T00:57:04+00:00,req-10-0315,churn-pipeline-1.2.0,500,90.1,1.300434339701423,False,1,0.63538,True
2026-07-31T08:34:11+00:00,req-10-0316,churn-pipeline-1.2.0,500,162.36,1.6518571742845598,False,1,0.701422,True
2026-07-31T04:49:36+00:00,req-10-0317,churn-pipeline-1.2.0,200,151.55,0.33083110161651225,False,0,0.433203,False
2026-07-31T17:18:16+00:00,req-10-0318,churn-pipeline-1.2.0,200,139.53,2.861290882135274,False,1,0.867852,False
2026-07-31T03:22:02+00:00,req-10-0319,churn-pipeline-1.2.0,200,135.63,2.3023503329472987,False,1,0.803292,False
2026-07-31T14:58:40+00:00,req-10-0320,churn-pipeline-1.2.0,200,145.39,1.78614991412973,False,1,0.724766,False
2026-07-31T01:32:09+00:00,req-10-0321,churn-pipeline-1.2.0,200,149.34,1.773411781229415,False,1,0.722601,False
2026-07-31T22:10:31+00:00,req-10-0322,churn-pipeline-1.2.0,200,193.1,0.9316018002403821,False,1,0.560172,False
2026-07-31T07:40:02+00:00,req-10-0323,churn-pipeline-1.2.0,200,157.24,2.0984407099711415,False,1,0.774461,False
2026-07-31T09:46:59+00:00,req-10-0324,churn-pipeline-1.2.0,200,127.53,2.549292342665207,False,1,0.834367,False
2026-07-31T18:54:19+00:00,req-10-0325,churn-pipeline-1.2.0,200,103.18,1.748425213452546,False,1,0.718324,False
2026-07-31T09:06:40+00:00,req-10-0326,churn-pipeline-1.2.0,200,116.06,0.30120249109701647,False,0,0.42703,False
2026-07-31T02:45:47+00:00,req-10-0327,churn-pipeline-1.2.0,200,146.77,0.8583344897990696,False,1,0.544776,False
2026-07-31T21:42:59+00:00,req-10-0328,churn-pipeline-1.2.0,200,107.7,1.5023535346248944,False,1,0.674147,False
2026-07-31T02:40:26+00:00,req-10-0329,churn-pipeline-1.2.0,500,182.72,1.7796321492484515,False,1,0.72366,True
2026-07-31T11:55:48+00:00,req-10-0330,churn-pipeline-1.2.0,200,154.92,0.8186489247292718,False,1,0.536398,False
2026-07-31T02:58:56+00:00,req-10-0331,churn-pipeline-1.2.0,200,194.65,0.3048510255375748,False,0,0.427789,False
2026-07-31T16:44:52+00:00,req-10-0332,churn-pipeline-1.2.0,200,110.04,2.5634173367467237,False,1,0.83602,False
2026-07-31T06:28:32+00:00,req-10-0333,churn-pipeline-1.2.0,200,103.48,-0.22593570024490547,False,0,0.322557,False
2026-07-31T22:22:30+00:00,req-10-0334,churn-pipeline-1.2.0,200,194.19,-0.08839834341456419,False,0,0.348614,False
2026-07-31T04:51:10+00:00,req-10-0335,churn-pipeline-1.2.0,200,140.73,-0.49348419997648457,False,0,0.274988,False
2026-07-31T16:04:24+00:00,req-10-0336,churn-pipeline-1.2.0,200,126.53,,True,0,0.365864,False
2026-07-31T00:20:06+00:00,req-10-0337,churn-pipeline-1.2.0,200,168.82,2.2097121209749537,False,1,0.790552,False
2026-07-31T02:42:55+00:00,req-10-0338,churn-pipeline-1.2.0,200,166.82,2.2448743943388636,False,1,0.795458,False
2026-07-31T06:38:09+00:00,req-10-0339,churn-pipeline-1.2.0,200,90.33,0.8222521888115717,False,1,0.53716,False
2026-07-31T21:12:44+00:00,req-10-0340,churn-pipeline-1.2.0,200,210.26,1.4211301153346196,False,1,0.658802,False
2026-07-31T23:54:39+00:00,req-10-0341,churn-pipeline-1.2.0,200,118.39,0.8889701934948883,False,1,0.551226,False
2026-07-31T14:43:33+00:00,req-10-0342,churn-pipeline-1.2.0,200,232.59,-0.35157566725060285,False,0,0.299676,False
2026-07-31T08:04:32+00:00,req-10-0343,churn-pipeline-1.2.0,200,88.11,3.229012358058155,False,1,0.899769,False
2026-07-31T07:29:32+00:00,req-10-0344,churn-pipeline-1.2.0,200,149.43,2.343476963323476,False,1,0.808757,False
2026-07-31T05:04:12+00:00,req-10-0345,churn-pipeline-1.2.0,200,127.21,1.272140375596194,False,1,0.629791,False
2026-07-31T08:10:21+00:00,req-10-0346,churn-pipeline-1.2.0,200,71.75,0.001315581488116697,False,0,0.366124,False
2026-07-31T11:53:49+00:00,req-10-0347,churn-pipeline-1.2.0,200,166.65,0.6638189039717315,False,1,0.503561,False
2026-07-31T16:26:45+00:00,req-10-0348,churn-pipeline-1.2.0,200,72.94,0.17295317100903257,False,0,0.400594,False
2026-07-31T05:30:17+00:00,req-10-0349,churn-pipeline-1.2.0,200,122.97,1.0024613529748925,False,1,0.574954,False
2026-07-31T00:51:33+00:00,req-10-0350,churn-pipeline-1.2.0,200,192.22,1.225419333329316,False,1,0.620485,False
2026-07-31T13:25:53+00:00,req-10-0351,churn-pipeline-1.2.0,200,113.94,0.5418182314991196,False,0,0.477651,False
2026-07-31T05:49:34+00:00,req-10-0352,churn-pipeline-1.2.0,500,101.1,-0.6271333905523523,False,0,0.252927,True
2026-07-31T09:36:56+00:00,req-10-0353,churn-pipeline-1.2.0,200,174.41,3.1386619350016782,False,1,0.892627,False
2026-07-31T17:04:56+00:00,req-10-0354,churn-pipeline-1.2.0,200,124.64,1.1494030841729184,False,1,0.605155,False
2026-07-31T21:31:27+00:00,req-10-0355,churn-pipeline-1.2.0,200,118.59,,True,0,0.365864,False
2026-07-31T12:49:28+00:00,req-10-0356,churn-pipeline-1.2.0,200,203.01,0.456470144621265,False,0,0.459588,False
2026-07-31T22:16:12+00:00,req-10-0357,churn-pipeline-1.2.0,200,92.92,-0.7401116710956743,False,0,0.235215,False
2026-07-31T06:27:27+00:00,req-10-0358,churn-pipeline-1.2.0,200,116.54,0.8125344425572716,False,1,0.535106,False
2026-07-31T17:06:48+00:00,req-10-0359,churn-pipeline-1.2.0,200,178.13,0.5606168905637546,False,0,0.481639,False
2026-07-31T23:30:40+00:00,req-10-0360,churn-pipeline-1.2.0,200,91.02,,True,0,0.365864,False
2026-07-31T05:10:35+00:00,req-10-0361,churn-pipeline-1.2.0,200,238.27,1.8513814520449785,False,1,0.735688,False
2026-07-31T17:43:13+00:00,req-10-0362,churn-pipeline-1.2.0,200,125.95,1.7032809536948392,False,1,0.710495,False
2026-07-31T11:22:24+00:00,req-10-0363,churn-pipeline-1.2.0,200,178.6,1.9376859527130064,False,1,0.749704,False
2026-07-31T21:08:17+00:00,req-10-0364,churn-pipeline-1.2.0,200,178.48,2.7938490978504285,False,1,0.861138,False
2026-07-31T07:19:48+00:00,req-10-0365,churn-pipeline-1.2.0,200,128.58,1.309344326512334,False,1,0.637133,False
2026-07-31T23:03:11+00:00,req-10-0366,churn-pipeline-1.2.0,200,115.81,2.054176611850326,False,1,0.767821,False
2026-07-31T19:09:31+00:00,req-10-0367,churn-pipeline-1.2.0,200,133.16,1.418553602527515,False,1,0.65831,False
2026-07-31T16:55:19+00:00,req-10-0368,churn-pipeline-1.2.0,200,169.58,-1.0950371699768133,False,0,0.185309,False
2026-07-31T00:42:00+00:00,req-10-0369,churn-pipeline-1.2.0,200,98.46,0.7377537031779057,False,1,0.519263,False
2026-07-31T01:59:02+00:00,req-10-0370,churn-pipeline-1.2.0,200,91.86,-0.011097082248972706,False,0,0.363679,False
2026-07-31T15:53:59+00:00,req-10-0371,churn-pipeline-1.2.0,200,217.07,1.1430049972395788,False,1,0.603855,False
2026-07-31T11:29:37+00:00,req-10-0372,churn-pipeline-1.2.0,200,106.71,0.06943933272068108,False,0,0.379664,False
2026-07-31T07:45:26+00:00,req-10-0373,churn-pipeline-1.2.0,200,151.2,1.5359649345318536,False,1,0.680391,False
2026-07-31T20:12:23+00:00,req-10-0374,churn-pipeline-1.2.0,200,126.54,1.9300795030465747,False,1,0.748489,False
2026-07-31T11:32:38+00:00,req-10-0375,churn-pipeline-1.2.0,200,128.35,2.1637485483211667,False,1,0.784009,False
2026-07-31T11:00:57+00:00,req-10-0376,churn-pipeline-1.2.0,500,213.36,2.600224639600481,False,1,0.840264,True
2026-07-31T07:45:06+00:00,req-10-0377,churn-pipeline-1.2.0,200,131.37,-0.8598252882744374,False,0,0.217405,False
2026-07-31T23:33:32+00:00,req-10-0378,churn-pipeline-1.2.0,200,120.43,-0.35895003669415937,False,0,0.298363,False
2026-07-31T08:45:17+00:00,req-10-0379,churn-pipeline-1.2.0,200,123.84,3.974205945544774,False,1,0.944174,False
2026-07-31T06:13:44+00:00,req-10-0380,churn-pipeline-1.2.0,200,114.91,1.959999905852521,False,1,0.753246,False
2026-07-31T16:11:04+00:00,req-10-0381,churn-pipeline-1.2.0,200,108.95,1.1356703695993624,False,1,0.602363,False
2026-07-31T00:49:05+00:00,req-10-0382,churn-pipeline-1.2.0,200,115.06,0.9336393858274903,False,1,0.560599,False
2026-07-31T14:17:30+00:00,req-10-0383,churn-pipeline-1.2.0,200,229.87,0.8402968455503348,False,1,0.540971,False
2026-07-31T13:33:04+00:00,req-10-0384,churn-pipeline-1.2.0,200,169.52,-1.1304338854121911,False,0,0.18081,False
2026-07-31T05:51:29+00:00,req-10-0385,churn-pipeline-1.2.0,200,120.88,0.08905444014533313,False,0,0.383598,False
2026-07-31T18:27:27+00:00,req-10-0386,churn-pipeline-1.2.0,200,184.82,0.7825600257701083,False,1,0.528762,False
2026-07-31T01:02:50+00:00,req-10-0387,churn-pipeline-1.2.0,200,81.24,0.148347130766594,False,0,0.395583,False
2026-07-31T23:33:36+00:00,req-10-0388,churn-pipeline-1.2.0,200,209.66,0.28560720992311434,False,0,0.42379,False
2026-07-31T20:32:40+00:00,req-10-0389,churn-pipeline-1.2.0,200,204.33,3.5866679930796495,False,1,0.924048,False
2026-07-31T04:12:29+00:00,req-10-0390,churn-pipeline-1.2.0,200,276.14,0.6357643063552791,False,0,0.4976,False
2026-07-31T11:48:55+00:00,req-10-0391,churn-pipeline-1.2.0,200,186.6,1.1920260086800678,False,1,0.613778,False
2026-07-31T04:43:39+00:00,req-10-0392,churn-pipeline-1.2.0,200,155.27,1.154663099253908,False,1,0.606223,False
2026-07-31T14:50:58+00:00,req-10-0393,churn-pipeline-1.2.0,200,204.07,1.5189324735542378,False,1,0.677235,False
2026-07-31T08:27:35+00:00,req-10-0394,churn-pipeline-1.2.0,200,110.5,0.3988530958363927,False,0,0.447451,False
2026-07-31T11:43:26+00:00,req-10-0395,churn-pipeline-1.2.0,200,118.95,2.209330310440617,False,1,0.790498,False
2026-07-31T22:58:01+00:00,req-10-0396,churn-pipeline-1.2.0,200,132.25,1.3657403032870725,False,1,0.648141,False
2026-07-31T14:51:16+00:00,req-10-0397,churn-pipeline-1.2.0,200,209.21,-0.45152259241089965,False,0,0.282156,False
2026-07-31T20:48:42+00:00,req-10-0398,churn-pipeline-1.2.0,500,102.66,0.78712080080889,False,1,0.529728,True
2026-07-31T15:02:50+00:00,req-10-0399,churn-pipeline-1.2.0,200,99.23,0.7192442632946199,False,1,0.515335,False
2026-07-31T11:23:12+00:00,req-10-0400,churn-pipeline-1.2.0,500,145.62,0.6709262719028461,False,1,0.505072,True
2026-07-31T00:21:39+00:00,req-10-0401,churn-pipeline-1.2.0,200,169.84,1.4347616423342382,False,1,0.661402,False
2026-07-31T02:08:24+00:00,req-10-0402,churn-pipeline-1.2.0,200,107.8,1.5664614486381818,False,1,0.686002,False
2026-07-31T12:47:53+00:00,req-10-0403,churn-pipeline-1.2.0,200,167.3,1.4424857369546853,False,1,0.662871,False
2026-07-31T12:05:41+00:00,req-10-0404,churn-pipeline-1.2.0,200,209.17,1.2558611259814414,False,1,0.626559,False
2026-07-31T12:03:02+00:00,req-10-0405,churn-pipeline-1.2.0,200,198.23,0.9899195930389839,False,1,0.572347,False
2026-07-31T20:17:26+00:00,req-10-0406,churn-pipeline-1.2.0,200,151.16,-1.3587673543179226,False,0,0.15382,False
2026-07-31T02:17:58+00:00,req-10-0407,churn-pipeline-1.2.0,200,131.14,1.7167872603850818,False,1,0.712851,False
2026-07-31T15:48:36+00:00,req-10-0408,churn-pipeline-1.2.0,200,235.26,1.4127717998618006,False,1,0.657203,False
2026-07-31T17:54:04+00:00,req-10-0409,churn-pipeline-1.2.0,200,135.67,-0.13399934050480297,False,0,0.339864,False
2026-07-31T15:29:47+00:00,req-10-0410,churn-pipeline-1.2.0,200,182.4,1.1946113923164736,False,1,0.614299,False
2026-07-31T05:39:38+00:00,req-10-0411,churn-pipeline-1.2.0,200,252.63,1.5803354051342346,False,1,0.688536,False
2026-07-31T09:45:12+00:00,req-10-0412,churn-pipeline-1.2.0,200,176.37,2.1298094184863143,False,1,0.779084,False
2026-07-31T01:18:30+00:00,req-10-0413,churn-pipeline-1.2.0,200,98.12,1.4358165153325815,False,1,0.661603,False
2026-07-31T04:15:06+00:00,req-10-0414,churn-pipeline-1.2.0,200,90.81,1.2376818971571857,False,1,0.622936,False
2026-07-31T19:16:32+00:00,req-10-0415,churn-pipeline-1.2.0,200,122.74,1.8941109333757802,False,1,0.742689,False
2026-07-31T14:49:05+00:00,req-10-0416,churn-pipeline-1.2.0,200,169.41,0.5781329787961779,False,0,0.485357,False
2026-07-31T20:45:47+00:00,req-10-0417,churn-pipeline-1.2.0,200,155.65,1.3326033805748052,False,1,0.641691,False
2026-07-31T16:36:05+00:00,req-10-0418,churn-pipeline-1.2.0,200,273.57,0.24783114608598603,False,0,0.415969,False
2026-07-31T05:46:36+00:00,req-10-0419,churn-pipeline-1.2.0,200,155.17,2.065811543002369,False,1,0.76958,False
2026-07-31T19:31:00+00:00,req-10-0420,churn-pipeline-1.2.0,200,121.57,-0.7901966699695059,False,0,0.227643,False
2026-07-31T16:30:03+00:00,req-10-0421,churn-pipeline-1.2.0,200,93.94,1.7575740328578404,False,1,0.719894,False
2026-07-31T04:35:52+00:00,req-10-0422,churn-pipeline-1.2.0,200,196.96,0.9185944099404075,False,1,0.557447,False
2026-07-31T00:07:07+00:00,req-10-0423,churn-pipeline-1.2.0,200,134.74,1.913656697262608,False,1,0.745852,False
2026-07-31T18:19:48+00:00,req-10-0424,churn-pipeline-1.2.0,200,83.37,0.08042841108913734,False,0,0.381866,False
2026-07-31T17:18:27+00:00,req-10-0425,churn-pipeline-1.2.0,200,135.97,0.9944827577571108,False,1,0.573296,False
2026-08-01T11:09:20+00:00,req-11-0000,churn-pipeline-1.2.0,200,102.03,1.3543464469413355,False,1,0.64593,False
2026-08-01T06:46:32+00:00,req-11-0001,churn-pipeline-1.2.0,200,121.91,0.7175863417196681,False,1,0.514983,False
2026-08-01T00:57:30+00:00,req-11-0002,churn-pipeline-1.2.0,200,175.6,0.15062185455678612,False,0,0.396045,False
2026-08-01T01:35:55+00:00,req-11-0003,churn-pipeline-1.2.0,200,68.88,-0.11224192088336953,False,0,0.344026,False
2026-08-01T02:31:55+00:00,req-11-0004,churn-pipeline-1.2.0,200,140.65,0.6494960784055708,False,1,0.500518,False
2026-08-01T16:36:27+00:00,req-11-0005,churn-pipeline-1.2.0,200,181.92,1.393496310026222,False,1,0.653503,False
2026-08-01T14:32:55+00:00,req-11-0006,churn-pipeline-1.2.0,200,179.53,0.5535178663575832,False,0,0.480133,False
2026-08-01T00:50:05+00:00,req-11-0007,churn-pipeline-1.2.0,200,169.36,-0.34795264366129947,False,0,0.300323,False
2026-08-01T10:07:10+00:00,req-11-0008,churn-pipeline-1.2.0,200,189.7,0.8389687972127376,False,1,0.540691,False
2026-08-01T02:39:05+00:00,req-11-0009,churn-pipeline-1.2.0,200,56.05,1.997824840615248,False,1,0.759173,False
2026-08-01T04:40:52+00:00,req-11-0010,churn-pipeline-1.2.0,200,226.24,0.9422809708064215,False,1,0.562408,False
2026-08-01T01:20:01+00:00,req-11-0011,churn-pipeline-1.2.0,200,150.06,0.9718447194090027,False,1,0.568582,False
2026-08-01T12:40:45+00:00,req-11-0012,churn-pipeline-1.2.0,200,206.93,0.5580475953829168,False,0,0.481094,False
2026-08-01T01:57:02+00:00,req-11-0013,churn-pipeline-1.2.0,200,92.7,-0.03414700109283465,False,0,0.359157,False
2026-08-01T18:51:09+00:00,req-11-0014,churn-pipeline-1.2.0,200,77.02,-0.06904228717140161,False,0,0.352359,False
2026-08-01T22:22:13+00:00,req-11-0015,churn-pipeline-1.2.0,200,239.11,-0.8449467700895111,False,0,0.219565,False
2026-08-01T20:32:22+00:00,req-11-0016,churn-pipeline-1.2.0,200,100.36,2.1402871282065092,False,1,0.780613,False
2026-08-01T19:46:01+00:00,req-11-0017,churn-pipeline-1.2.0,200,122.22,1.3855768848502419,False,1,0.651977,False
2026-08-01T18:02:28+00:00,req-11-0018,churn-pipeline-1.2.0,200,159.82,,True,0,0.365864,False
2026-08-01T21:51:26+00:00,req-11-0019,churn-pipeline-1.2.0,200,172.88,1.2103619051162589,False,1,0.617466,False
2026-08-01T21:15:08+00:00,req-11-0020,churn-pipeline-1.2.0,200,190.64,1.2565058660361357,False,1,0.626687,False
2026-08-01T05:11:21+00:00,req-11-0021,churn-pipeline-1.2.0,200,145.0,0.1287263952323315,False,0,0.391602,False
2026-08-01T14:30:01+00:00,req-11-0022,churn-pipeline-1.2.0,200,96.34,0.5584745542420317,False,0,0.481185,False
2026-08-01T07:20:41+00:00,req-11-0023,churn-pipeline-1.2.0,200,169.25,0.4020808887482529,False,0,0.448129,False
2026-08-01T20:05:23+00:00,req-11-0024,churn-pipeline-1.2.0,200,170.12,3.5369952177187547,False,1,0.921032,False
2026-08-01T00:15:02+00:00,req-11-0025,churn-pipeline-1.2.0,200,75.52,1.9712121435288894,False,1,0.755013,False
2026-08-01T10:00:44+00:00,req-11-0026,churn-pipeline-1.2.0,200,212.57,1.0762763990666617,False,1,0.59021,False
2026-08-01T09:05:50+00:00,req-11-0027,churn-pipeline-1.2.0,200,60.91,2.334283488886169,False,1,0.807546,False
2026-08-01T20:27:34+00:00,req-11-0028,churn-pipeline-1.2.0,200,187.97,2.2016726567338374,False,1,0.789418,False
2026-08-01T07:04:10+00:00,req-11-0029,churn-pipeline-1.2.0,200,110.21,-0.5495505229432538,False,0,0.265589,False
2026-08-01T21:29:58+00:00,req-11-0030,churn-pipeline-1.2.0,200,169.19,0.6660040548712942,False,1,0.504026,False
2026-08-01T11:54:44+00:00,req-11-0031,churn-pipeline-1.2.0,200,158.94,0.8828593833509851,False,1,0.549941,False
2026-08-01T16:28:25+00:00,req-11-0032,churn-pipeline-1.2.0,200,133.41,1.54210434643117,False,1,0.681525,False
2026-08-01T12:44:12+00:00,req-11-0033,churn-pipeline-1.2.0,200,155.96,0.6648076174429451,False,1,0.503772,False
2026-08-01T10:20:42+00:00,req-11-0034,churn-pipeline-1.2.0,200,131.32,0.7965423291577303,False,1,0.531723,False
2026-08-01T07:17:59+00:00,req-11-0035,churn-pipeline-1.2.0,200,169.65,0.41558373134409327,False,0,0.45097,False
2026-08-01T06:45:36+00:00,req-11-0036,churn-pipeline-1.2.0,200,271.66,2.0013819207143637,False,1,0.759725,False
2026-08-01T15:22:03+00:00,req-11-0037,churn-pipeline-1.2.0,200,87.89,-0.615507464864458,False,0,0.254799,False
2026-08-01T07:48:15+00:00,req-11-0038,churn-pipeline-1.2.0,200,48.67,0.45127748985429456,False,0,0.458492,False
2026-08-01T20:44:25+00:00,req-11-0039,churn-pipeline-1.2.0,200,118.19,-1.0358597941159076,False,0,0.193024,False
2026-08-01T03:10:35+00:00,req-11-0040,churn-pipeline-1.2.0,200,115.63,-0.18112141530566772,False,0,0.330936,False
2026-08-01T05:10:12+00:00,req-11-0041,churn-pipeline-1.2.0,200,119.64,1.233036339690498,False,1,0.622008,False
2026-08-01T01:07:54+00:00,req-11-0042,churn-pipeline-1.2.0,200,100.37,1.2529620044586796,False,1,0.625982,False
2026-08-01T20:43:36+00:00,req-11-0043,churn-pipeline-1.2.0,200,178.48,0.5711487233573118,False,0,0.483875,False
2026-08-01T09:56:45+00:00,req-11-0044,churn-pipeline-1.2.0,200,86.77,2.0801844034446666,False,1,0.771739,False
2026-08-01T00:50:33+00:00,req-11-0045,churn-pipeline-1.2.0,200,155.95,2.321745031664254,False,1,0.805884,False
2026-08-01T01:01:26+00:00,req-11-0046,churn-pipeline-1.2.0,200,165.6,0.8273112979560282,False,1,0.538229,False
2026-08-01T22:02:00+00:00,req-11-0047,churn-pipeline-1.2.0,200,149.39,1.1629544992139211,False,1,0.607904,False
2026-08-01T21:08:02+00:00,req-11-0048,churn-pipeline-1.2.0,200,157.77,0.42482833566543055,False,0,0.452916,False
2026-08-01T06:38:43+00:00,req-11-0049,churn-pipeline-1.2.0,200,182.92,1.5582321075241024,False,1,0.684493,False
2026-08-01T15:35:56+00:00,req-11-0050,churn-pipeline-1.2.0,200,137.33,-0.3537635040258794,False,0,0.299286,False
2026-08-01T06:03:36+00:00,req-11-0051,churn-pipeline-1.2.0,200,120.83,2.785626549848238,False,1,0.8603,False
2026-08-01T20:14:52+00:00,req-11-0052,churn-pipeline-1.2.0,200,157.73,2.0969845258646367,False,1,0.774245,False
2026-08-01T17:10:10+00:00,req-11-0053,churn-pipeline-1.2.0,200,163.59,-0.3588726716381582,False,0,0.298376,False
2026-08-01T10:39:57+00:00,req-11-0054,churn-pipeline-1.2.0,200,179.46,0.0715306007242836,False,0,0.380082,False
2026-08-01T22:17:07+00:00,req-11-0055,churn-pipeline-1.2.0,200,78.05,1.3423112022470676,False,1,0.643586,False
2026-08-01T05:22:29+00:00,req-11-0056,churn-pipeline-1.2.0,200,127.3,0.5448363411321978,False,0,0.478291,False
2026-08-01T23:55:26+00:00,req-11-0057,churn-pipeline-1.2.0,200,96.0,1.4718295261577317,False,1,0.668422,False
2026-08-01T06:58:00+00:00,req-11-0058,churn-pipeline-1.2.0,200,161.54,0.5226338356330883,False,0,0.473584,False
2026-08-01T21:19:44+00:00,req-11-0059,churn-pipeline-1.2.0,200,170.34,,True,0,0.365864,False
2026-08-01T20:30:48+00:00,req-11-0060,churn-pipeline-1.2.0,200,123.65,,True,0,0.365864,False
2026-08-01T13:30:17+00:00,req-11-0061,churn-pipeline-1.2.0,200,106.9,3.441582887559184,False,1,0.914928,False
2026-08-01T02:55:31+00:00,req-11-0062,churn-pipeline-1.2.0,200,163.42,1.5328090619684716,False,1,0.679808,False
2026-08-01T18:01:36+00:00,req-11-0063,churn-pipeline-1.2.0,200,129.36,-0.5168745551605403,False,0,0.271042,False
2026-08-01T16:45:30+00:00,req-11-0064,churn-pipeline-1.2.0,200,213.1,3.09082141264691,False,1,0.888667,False
2026-08-01T20:45:56+00:00,req-11-0065,churn-pipeline-1.2.0,200,238.08,2.053612902614042,False,1,0.767736,False
2026-08-01T05:24:59+00:00,req-11-0066,churn-pipeline-1.2.0,200,185.95,1.2991550063350288,False,1,0.635128,False
2026-08-01T05:44:37+00:00,req-11-0067,churn-pipeline-1.2.0,200,145.43,1.5789651290083493,False,1,0.688286,False
2026-08-01T08:28:33+00:00,req-11-0068,churn-pipeline-1.2.0,500,242.13,-0.34849910284804725,False,0,0.300226,True
2026-08-01T08:51:06+00:00,req-11-0069,churn-pipeline-1.2.0,200,145.81,-0.9945949158530774,False,0,0.198546,False
2026-08-01T00:04:23+00:00,req-11-0070,churn-pipeline-1.2.0,200,115.81,0.8561628071235761,False,1,0.544318,False
2026-08-01T03:41:04+00:00,req-11-0071,churn-pipeline-1.2.0,200,108.76,2.347708856106627,False,1,0.809313,False
2026-08-01T11:29:53+00:00,req-11-0072,churn-pipeline-1.2.0,200,107.79,1.3154942854320364,False,1,0.638341,False
2026-08-01T23:12:29+00:00,req-11-0073,churn-pipeline-1.2.0,200,134.73,2.6946300722796015,False,1,0.850742,False
2026-08-01T03:04:49+00:00,req-11-0074,churn-pipeline-1.2.0,200,156.56,2.287281822351799,False,1,0.80126,False
2026-08-01T05:47:11+00:00,req-11-0075,churn-pipeline-1.2.0,200,85.83,0.9216391421247255,False,1,0.558085,False
2026-08-01T20:37:53+00:00,req-11-0076,churn-pipeline-1.2.0,200,116.94,2.142944767393587,False,1,0.781,False
2026-08-01T00:56:28+00:00,req-11-0077,churn-pipeline-1.2.0,200,144.52,2.4987251551474663,False,1,0.828341,False
2026-08-01T02:20:43+00:00,req-11-0078,churn-pipeline-1.2.0,200,165.88,0.8158089303629793,False,1,0.535798,False
2026-08-01T21:21:25+00:00,req-11-0079,churn-pipeline-1.2.0,200,133.88,0.6755356614279368,False,1,0.506051,False
2026-08-01T06:00:31+00:00,req-11-0080,churn-pipeline-1.2.0,200,145.99,1.0474730116999043,False,1,0.584276,False
2026-08-01T07:23:23+00:00,req-11-0081,churn-pipeline-1.2.0,200,90.83,-1.6325032191115816,False,0,0.125909,False
2026-08-01T00:21:18+00:00,req-11-0082,churn-pipeline-1.2.0,200,100.84,1.1944534966546352,False,1,0.614267,False
2026-08-01T09:45:08+00:00,req-11-0083,churn-pipeline-1.2.0,200,132.4,1.6564598822390546,False,1,0.702241,False
2026-08-01T23:49:44+00:00,req-11-0084,churn-pipeline-1.2.0,200,158.96,1.0517366459862765,False,1,0.585156,False
2026-08-01T23:39:04+00:00,req-11-0085,churn-pipeline-1.2.0,200,145.37,1.2619081413794426,False,1,0.627761,False
2026-08-01T15:23:40+00:00,req-11-0086,churn-pipeline-1.2.0,200,102.89,0.8543498056205215,False,1,0.543936,False
2026-08-01T16:12:12+00:00,req-11-0087,churn-pipeline-1.2.0,200,125.16,-1.1968729844520218,False,0,0.172596,False
2026-08-01T15:26:45+00:00,req-11-0088,churn-pipeline-1.2.0,200,219.0,2.645724498948533,False,1,0.845387,False
2026-08-01T16:40:43+00:00,req-11-0089,churn-pipeline-1.2.0,200,160.68,0.5137797102281957,False,0,0.471708,False
2026-08-01T12:27:09+00:00,req-11-0090,churn-pipeline-1.2.0,200,128.16,0.2513413660933182,False,0,0.416694,False
2026-08-01T04:56:17+00:00,req-11-0091,churn-pipeline-1.2.0,200,97.22,2.325881917374419,False,1,0.806433,False
2026-08-01T20:49:59+00:00,req-11-0092,churn-pipeline-1.2.0,200,107.45,1.9276354918842753,False,1,0.748097,False
2026-08-01T21:06:27+00:00,req-11-0093,churn-pipeline-1.2.0,200,135.29,1.1867191487745665,False,1,0.612708,False
2026-08-01T03:27:37+00:00,req-11-0094,churn-pipeline-1.2.0,200,147.46,1.7078382092545747,False,1,0.711291,False
2026-08-01T02:16:10+00:00,req-11-0095,churn-pipeline-1.2.0,200,161.78,-0.31273775247500657,False,0,0.30665,False
2026-08-01T19:01:42+00:00,req-11-0096,churn-pipeline-1.2.0,200,152.85,0.8150609072794744,False,1,0.53564,False
2026-08-01T01:08:30+00:00,req-11-0097,churn-pipeline-1.2.0,200,119.92,2.259523314930112,False,1,0.797476,False
2026-08-01T19:22:15+00:00,req-11-0098,churn-pipeline-1.2.0,200,114.63,0.18900108991332193,False,0,0.403874,False
2026-08-01T23:33:50+00:00,req-11-0099,churn-pipeline-1.2.0,200,259.9,-0.14824997024343886,False,0,0.337152,False
2026-08-01T00:52:01+00:00,req-11-0100,churn-pipeline-1.2.0,200,112.98,0.9825341504785247,False,1,0.570809,False
2026-08-01T19:10:30+00:00,req-11-0101,churn-pipeline-1.2.0,200,89.29,1.007159861652684,False,1,0.57593,False
2026-08-01T03:11:03+00:00,req-11-0102,churn-pipeline-1.2.0,200,79.91,1.5799507048320192,False,1,0.688466,False
2026-08-01T06:57:56+00:00,req-11-0103,churn-pipeline-1.2.0,500,120.57,-0.5470600591016266,False,0,0.266002,True
2026-08-01T13:07:53+00:00,req-11-0104,churn-pipeline-1.2.0,200,182.38,-1.7768456089206621,False,0,0.113014,False
2026-08-01T16:19:21+00:00,req-11-0105,churn-pipeline-1.2.0,200,112.28,1.867293523810813,False,1,0.738309,False
2026-08-01T02:09:52+00:00,req-11-0106,churn-pipeline-1.2.0,200,216.61,-0.2371310718649867,False,0,0.320481,False
2026-08-01T02:37:20+00:00,req-11-0107,churn-pipeline-1.2.0,200,134.69,0.25951012075975205,False,0,0.418383,False
2026-08-01T06:46:36+00:00,req-11-0108,churn-pipeline-1.2.0,200,192.55,-1.392397256051654,False,0,0.150136,False
2026-08-01T16:21:41+00:00,req-11-0109,churn-pipeline-1.2.0,200,105.93,,True,0,0.365864,False
2026-08-01T09:41:17+00:00,req-11-0110,churn-pipeline-1.2.0,200,106.46,,True,0,0.365864,False
2026-08-01T06:36:47+00:00,req-11-0111,churn-pipeline-1.2.0,200,138.99,1.2257042712534958,False,1,0.620542,False
2026-08-01T03:46:23+00:00,req-11-0112,churn-pipeline-1.2.0,500,157.54,1.2186278383990132,False,1,0.619124,True
2026-08-01T23:14:33+00:00,req-11-0113,churn-pipeline-1.2.0,200,127.49,-1.2631702617330598,False,0,0.164696,False
2026-08-01T16:53:58+00:00,req-11-0114,churn-pipeline-1.2.0,200,148.24,-0.13442428782830076,False,0,0.339783,False
2026-08-01T23:39:39+00:00,req-11-0115,churn-pipeline-1.2.0,200,162.97,0.42568653403149465,False,0,0.453097,False
2026-08-01T11:52:53+00:00,req-11-0116,churn-pipeline-1.2.0,200,85.69,0.11382009030684867,False,0,0.388588,False
2026-08-01T19:38:57+00:00,req-11-0117,churn-pipeline-1.2.0,200,121.05,0.6149128728714846,False,0,0.493169,False
2026-08-01T15:21:20+00:00,req-11-0118,churn-pipeline-1.2.0,200,114.35,1.1585096878127348,False,1,0.607003,False
2026-08-01T12:36:10+00:00,req-11-0119,churn-pipeline-1.2.0,200,116.14,1.9567602320679507,False,1,0.752734,False
2026-08-01T11:22:59+00:00,req-11-0120,churn-pipeline-1.2.0,200,153.77,-0.6542142283927355,False,0,0.248602,False
2026-08-01T12:00:11+00:00,req-11-0121,churn-pipeline-1.2.0,200,114.86,0.8907228438615991,False,1,0.551594,False
2026-08-01T09:53:58+00:00,req-11-0122,churn-pipeline-1.2.0,200,71.07,1.647120862869966,False,1,0.700578,False
2026-08-01T15:21:30+00:00,req-11-0123,churn-pipeline-1.2.0,200,125.16,-0.07028732847041061,False,0,0.352118,False
2026-08-01T11:49:02+00:00,req-11-0124,churn-pipeline-1.2.0,200,96.03,0.6975255875437273,False,1,0.510723,False
2026-08-01T23:17:49+00:00,req-11-0125,churn-pipeline-1.2.0,200,158.24,1.389879721261717,False,1,0.652806,False
2026-08-01T21:35:18+00:00,req-11-0126,churn-pipeline-1.2.0,200,174.7,0.9117693024534914,False,1,0.556015,False
2026-08-01T11:08:38+00:00,req-11-0127,churn-pipeline-1.2.0,200,67.31,1.6079076485943666,False,1,0.69354,False
2026-08-01T09:30:17+00:00,req-11-0128,churn-pipeline-1.2.0,200,105.37,0.9994330544020762,False,1,0.574325,False
2026-08-01T18:12:57+00:00,req-11-0129,churn-pipeline-1.2.0,500,151.16,0.572544333352543,False,0,0.484171,True
2026-08-01T15:24:51+00:00,req-11-0130,churn-pipeline-1.2.0,500,86.01,-0.3313452426070685,False,0,0.303298,True
2026-08-01T05:33:47+00:00,req-11-0131,churn-pipeline-1.2.0,200,173.42,1.1595269842343467,False,1,0.60721,False
2026-08-01T20:00:54+00:00,req-11-0132,churn-pipeline-1.2.0,200,188.87,1.0049714163669887,False,1,0.575475,False
2026-08-01T16:22:27+00:00,req-11-0133,churn-pipeline-1.2.0,200,128.18,-0.1424736291958799,False,0,0.33825,False
2026-08-01T14:54:21+00:00,req-11-0134,churn-pipeline-1.2.0,200,105.39,1.511158616087527,False,1,0.675789,False
2026-08-01T18:46:10+00:00,req-11-0135,churn-pipeline-1.2.0,200,64.45,2.231319681657021,False,1,0.793577,False
2026-08-01T05:25:31+00:00,req-11-0136,churn-pipeline-1.2.0,200,175.17,0.20690227863778923,False,0,0.407543,False
2026-08-01T19:11:56+00:00,req-11-0137,churn-pipeline-1.2.0,200,256.23,0.13598624850814306,False,0,0.393073,False
2026-08-01T02:55:37+00:00,req-11-0138,churn-pipeline-1.2.0,200,239.82,0.09764401523261562,False,0,0.385326,False
2026-08-01T19:02:36+00:00,req-11-0139,churn-pipeline-1.2.0,200,126.83,-0.8625946297966225,False,0,0.217005,False
2026-08-01T14:10:51+00:00,req-11-0140,churn-pipeline-1.2.0,200,95.17,3.0047057712188496,False,1,0.881216,False
2026-08-01T13:58:03+00:00,req-11-0141,churn-pipeline-1.2.0,200,176.5,0.4286703504584424,False,0,0.453725,False
2026-08-01T17:27:26+00:00,req-11-0142,churn-pipeline-1.2.0,200,129.63,-0.0013768862849495849,False,0,0.365593,False
2026-08-01T07:27:26+00:00,req-11-0143,churn-pipeline-1.2.0,200,157.32,-0.28311379933880965,False,0,0.31203,False
2026-08-01T18:26:58+00:00,req-11-0144,churn-pipeline-1.2.0,200,148.73,0.49263416028632007,False,0,0.467232,False
2026-08-01T00:36:51+00:00,req-11-0145,churn-pipeline-1.2.0,200,139.08,,True,0,0.365864,False
2026-08-01T16:39:04+00:00,req-11-0146,churn-pipeline-1.2.0,200,187.62,2.4099768460985818,False,1,0.817348,False
2026-08-01T19:03:55+00:00,req-11-0147,churn-pipeline-1.2.0,200,189.86,,True,0,0.365864,False
2026-08-01T00:04:58+00:00,req-11-0148,churn-pipeline-1.2.0,500,114.21,-0.7154609428527544,False,0,0.239005,True
2026-08-01T16:40:12+00:00,req-11-0149,churn-pipeline-1.2.0,200,100.47,1.4793732864017823,False,1,0.669841,False
2026-08-01T18:34:19+00:00,req-11-0150,churn-pipeline-1.2.0,500,60.68,0.7874331788752259,False,1,0.529794,True
2026-08-01T12:31:56+00:00,req-11-0151,churn-pipeline-1.2.0,200,120.84,0.6659079219069287,False,1,0.504005,False
2026-08-01T14:30:39+00:00,req-11-0152,churn-pipeline-1.2.0,200,95.15,1.4876180586196872,False,1,0.671389,False
2026-08-01T01:25:30+00:00,req-11-0153,churn-pipeline-1.2.0,200,154.38,1.0435472191592599,False,1,0.583465,False
2026-08-01T23:42:58+00:00,req-11-0154,churn-pipeline-1.2.0,200,121.24,0.8508415337967002,False,1,0.543196,False
2026-08-01T23:12:06+00:00,req-11-0155,churn-pipeline-1.2.0,200,125.52,-0.5759284070198224,False,0,0.261239,False
2026-08-01T18:21:00+00:00,req-11-0156,churn-pipeline-1.2.0,200,175.06,-0.8514999071554208,False,0,0.218612,False
2026-08-01T00:21:49+00:00,req-11-0157,churn-pipeline-1.2.0,200,153.3,0.16455019964492498,False,0,0.39888,False
2026-08-01T10:19:29+00:00,req-11-0158,churn-pipeline-1.2.0,200,130.05,-0.23858318794387628,False,0,0.320212,False
2026-08-01T19:37:50+00:00,req-11-0159,churn-pipeline-1.2.0,200,231.58,1.1826660884493463,False,1,0.611891,False
2026-08-01T16:13:39+00:00,req-11-0160,churn-pipeline-1.2.0,200,170.97,-0.9886506562452511,False,0,0.199351,False
2026-08-01T21:42:42+00:00,req-11-0161,churn-pipeline-1.2.0,200,118.18,0.43048190241800466,False,0,0.454107,False
2026-08-01T14:46:56+00:00,req-11-0162,churn-pipeline-1.2.0,200,119.88,0.7182713987516354,False,1,0.515128,False
2026-08-01T17:07:51+00:00,req-11-0163,churn-pipeline-1.2.0,200,173.74,0.8583619564917995,False,1,0.544782,False
2026-08-01T08:05:50+00:00,req-11-0164,churn-pipeline-1.2.0,500,144.05,1.3189124758450177,False,1,0.639011,True
2026-08-01T19:30:29+00:00,req-11-0165,churn-pipeline-1.2.0,200,94.3,0.5571327968344945,False,0,0.4809,False
2026-08-01T12:48:16+00:00,req-11-0166,churn-pipeline-1.2.0,200,179.75,0.1991333958415397,False,0,0.405949,False
2026-08-01T19:12:06+00:00,req-11-0167,churn-pipeline-1.2.0,200,201.86,2.206704157972281,False,1,0.790128,False
2026-08-01T04:54:18+00:00,req-11-0168,churn-pipeline-1.2.0,200,197.02,0.563965677026874,False,0,0.48235,False
2026-08-01T06:26:15+00:00,req-11-0169,churn-pipeline-1.2.0,200,221.18,2.3900868859320155,False,1,0.81481,False
2026-08-01T02:06:28+00:00,req-11-0170,churn-pipeline-1.2.0,200,261.76,0.5586163880834341,False,0,0.481215,False
2026-08-01T16:12:03+00:00,req-11-0171,churn-pipeline-1.2.0,200,234.83,0.8829168535667127,False,1,0.549953,False
2026-08-01T17:35:33+00:00,req-11-0172,churn-pipeline-1.2.0,200,150.55,0.7543152851231854,False,1,0.522776,False
2026-08-01T06:48:30+00:00,req-11-0173,churn-pipeline-1.2.0,200,126.29,1.1427795390639413,False,1,0.603809,False
2026-08-01T09:13:08+00:00,req-11-0174,churn-pipeline-1.2.0,200,75.17,0.45915939535925043,False,0,0.460156,False
2026-08-01T13:40:00+00:00,req-11-0175,churn-pipeline-1.2.0,200,135.47,1.0009417224330366,False,1,0.574638,False
2026-08-01T18:08:13+00:00,req-11-0176,churn-pipeline-1.2.0,200,159.4,2.5073547279254087,False,1,0.829382,False
2026-08-01T07:16:14+00:00,req-11-0177,churn-pipeline-1.2.0,200,136.89,2.0012943792107896,False,1,0.759712,False
2026-08-01T11:43:12+00:00,req-11-0178,churn-pipeline-1.2.0,500,73.78,2.00852526080051,False,1,0.760832,True
2026-08-01T04:27:07+00:00,req-11-0179,churn-pipeline-1.2.0,500,123.17,-0.5090271004188751,False,0,0.272362,True
2026-08-01T19:26:05+00:00,req-11-0180,churn-pipeline-1.2.0,200,165.97,-0.3391259387861685,False,0,0.301902,False
2026-08-01T20:57:42+00:00,req-11-0181,churn-pipeline-1.2.0,200,97.22,1.128638468894839,False,1,0.60093,False
2026-08-01T17:45:02+00:00,req-11-0182,churn-pipeline-1.2.0,200,142.35,1.7092748217287328,False,1,0.711542,False
2026-08-01T19:34:17+00:00,req-11-0183,churn-pipeline-1.2.0,200,155.0,0.35490766993647677,False,0,0.438235,False
2026-08-01T18:20:20+00:00,req-11-0184,churn-pipeline-1.2.0,500,193.06,0.16753589305598637,False,0,0.399489,True
2026-08-01T20:03:24+00:00,req-11-0185,churn-pipeline-1.2.0,200,233.53,2.3635351528066124,False,1,0.81138,False
2026-08-01T10:18:14+00:00,req-11-0186,churn-pipeline-1.2.0,200,119.63,1.6201705000913222,False,1,0.695751,False
2026-08-01T04:55:54+00:00,req-11-0187,churn-pipeline-1.2.0,200,143.18,2.010886014765982,False,1,0.761197,False
2026-08-01T23:04:05+00:00,req-11-0188,churn-pipeline-1.2.0,200,144.62,0.43647743864511374,False,0,0.455371,False
2026-08-01T00:03:24+00:00,req-11-0189,churn-pipeline-1.2.0,200,166.18,0.3539783833183638,False,0,0.438041,False
2026-08-01T09:43:33+00:00,req-11-0190,churn-pipeline-1.2.0,200,160.33,1.8963351348963158,False,1,0.743051,False
2026-08-01T17:25:49+00:00,req-11-0191,churn-pipeline-1.2.0,200,213.0,0.6241378467313065,False,0,0.495129,False
2026-08-01T19:02:07+00:00,req-11-0192,churn-pipeline-1.2.0,200,64.02,0.25860011913836056,False,0,0.418194,False
2026-08-01T16:27:11+00:00,req-11-0193,churn-pipeline-1.2.0,200,154.32,-0.058856258204475737,False,0,0.354337,False
2026-08-01T11:45:00+00:00,req-11-0194,churn-pipeline-1.2.0,200,157.79,0.36314010337843927,False,0,0.439958,False
2026-08-01T22:08:19+00:00,req-11-0195,churn-pipeline-1.2.0,200,125.21,1.8188377290316102,False,1,0.730274,False
2026-08-01T05:38:31+00:00,req-11-0196,churn-pipeline-1.2.0,200,65.42,-0.6851480995643504,False,0,0.243723,False
2026-08-01T03:24:35+00:00,req-11-0197,churn-pipeline-1.2.0,200,132.39,1.5605050917611225,False,1,0.68491,False
2026-08-01T15:05:38+00:00,req-11-0198,churn-pipeline-1.2.0,200,107.54,0.15637030331654397,False,0,0.397214,False
2026-08-01T07:41:29+00:00,req-11-0199,churn-pipeline-1.2.0,200,230.95,0.679184585473709,False,1,0.506826,False
2026-08-01T11:15:31+00:00,req-11-0200,churn-pipeline-1.2.0,200,152.23,0.7464421403517763,False,1,0.521106,False
2026-08-01T10:57:56+00:00,req-11-0201,churn-pipeline-1.2.0,200,104.66,0.668217884780823,False,1,0.504496,False
2026-08-01T06:20:15+00:00,req-11-0202,churn-pipeline-1.2.0,200,70.0,0.5985159885887579,False,0,0.489686,False
2026-08-01T23:57:46+00:00,req-11-0203,churn-pipeline-1.2.0,200,163.09,0.4334262694667429,False,0,0.454727,False
2026-08-01T09:10:50+00:00,req-11-0204,churn-pipeline-1.2.0,200,168.69,0.30000356736152684,False,0,0.426781,False
2026-08-01T16:05:23+00:00,req-11-0205,churn-pipeline-1.2.0,200,125.99,2.2857622243137463,False,1,0.801054,False
2026-08-01T03:50:18+00:00,req-11-0206,churn-pipeline-1.2.0,200,163.77,0.926301781873424,False,1,0.559062,False
2026-08-01T23:47:10+00:00,req-11-0207,churn-pipeline-1.2.0,200,120.76,0.7677542921138049,False,1,0.525625,False
2026-08-01T23:41:20+00:00,req-11-0208,churn-pipeline-1.2.0,200,189.95,0.2231146415303094,False,0,0.410874,False
2026-08-01T01:39:31+00:00,req-11-0209,churn-pipeline-1.2.0,200,185.48,0.4716589878127834,False,0,0.462796,False
2026-08-01T15:26:11+00:00,req-11-0210,churn-pipeline-1.2.0,200,79.9,0.22677023122056383,False,0,0.411627,False
2026-08-01T14:16:14+00:00,req-11-0211,churn-pipeline-1.2.0,200,86.38,1.703611380510226,False,1,0.710553,False
2026-08-01T04:09:54+00:00,req-11-0212,churn-pipeline-1.2.0,200,258.6,0.10872095920552699,False,0,0.387558,False
2026-08-01T18:27:59+00:00,req-11-0213,churn-pipeline-1.2.0,200,181.92,-1.458558165230625,False,0,0.1431,False
2026-08-01T18:21:00+00:00,req-11-0214,churn-pipeline-1.2.0,500,90.14,0.9612234393381307,False,1,0.566366,True
2026-08-01T20:15:32+00:00,req-11-0215,churn-pipeline-1.2.0,200,81.68,0.6066396310512804,False,0,0.491412,False
2026-08-01T14:26:42+00:00,req-11-0216,churn-pipeline-1.2.0,200,144.28,0.28492237235233303,False,0,0.423648,False
2026-08-01T16:58:23+00:00,req-11-0217,churn-pipeline-1.2.0,200,93.67,1.8571339259450812,False,1,0.736637,False
2026-08-01T17:20:28+00:00,req-11-0218,churn-pipeline-1.2.0,200,121.99,-1.970195583200522,False,0,0.097557,False
2026-08-01T18:25:04+00:00,req-11-0219,churn-pipeline-1.2.0,200,132.97,2.555056268218385,False,1,0.835043,False
2026-08-01T14:01:39+00:00,req-11-0220,churn-pipeline-1.2.0,200,131.15,2.007411648469866,False,1,0.76066,False
2026-08-01T17:52:19+00:00,req-11-0221,churn-pipeline-1.2.0,200,193.59,0.24054407364544106,False,0,0.414465,False
2026-08-01T01:27:04+00:00,req-11-0222,churn-pipeline-1.2.0,200,242.84,0.42667651473284807,False,0,0.453305,False
2026-08-01T14:49:27+00:00,req-11-0223,churn-pipeline-1.2.0,200,115.82,1.4296062990358236,False,1,0.66042,False
2026-08-01T04:52:39+00:00,req-11-0224,churn-pipeline-1.2.0,200,94.02,1.4577767893330476,False,1,0.665769,False
2026-08-01T09:46:06+00:00,req-11-0225,churn-pipeline-1.2.0,200,152.89,0.2344240495498613,False,0,0.413203,False
2026-08-01T18:26:59+00:00,req-11-0226,churn-pipeline-1.2.0,200,227.55,-0.7976155915574732,False,0,0.226536,False
2026-08-01T02:43:52+00:00,req-11-0227,churn-pipeline-1.2.0,200,118.66,3.1193773572621044,False,1,0.891046,False
2026-08-01T18:06:15+00:00,req-11-0228,churn-pipeline-1.2.0,200,177.22,1.903930252432329,False,1,0.744281,False
2026-08-01T06:13:44+00:00,req-11-0229,churn-pipeline-1.2.0,200,103.27,1.0646956797090676,False,1,0.587827,False
2026-08-01T18:05:34+00:00,req-11-0230,churn-pipeline-1.2.0,200,135.92,1.0845640117020467,False,1,0.591913,False
2026-08-01T18:23:58+00:00,req-11-0231,churn-pipeline-1.2.0,200,93.08,1.5523828799213473,False,1,0.683418,False
2026-08-01T00:21:54+00:00,req-11-0232,churn-pipeline-1.2.0,200,135.47,1.6781164503472603,False,1,0.706075,False
2026-08-01T05:36:36+00:00,req-11-0233,churn-pipeline-1.2.0,200,130.06,-1.2906850113623665,False,0,0.161504,False
2026-08-01T19:19:25+00:00,req-11-0234,churn-pipeline-1.2.0,200,164.0,0.5315844216664067,False,0,0.475481,False
2026-08-01T08:12:39+00:00,req-11-0235,churn-pipeline-1.2.0,200,238.47,0.42242854598545837,False,0,0.452411,False
2026-08-01T10:32:20+00:00,req-11-0236,churn-pipeline-1.2.0,200,119.2,0.7304936085729188,False,1,0.517722,False
2026-08-01T00:22:32+00:00,req-11-0237,churn-pipeline-1.2.0,200,71.19,1.7093336402989032,False,1,0.711552,False
2026-08-01T16:38:52+00:00,req-11-0238,churn-pipeline-1.2.0,200,126.55,-0.9795842073301771,False,0,0.200584,False
2026-08-01T02:14:22+00:00,req-11-0239,churn-pipeline-1.2.0,200,148.57,-0.5165995048415459,False,0,0.271088,False
2026-08-01T06:31:47+00:00,req-11-0240,churn-pipeline-1.2.0,200,144.01,0.184167711637592,False,0,0.402885,False
2026-08-01T11:26:40+00:00,req-11-0241,churn-pipeline-1.2.0,200,128.37,1.062062382789889,False,1,0.587285,False
2026-08-01T18:28:07+00:00,req-11-0242,churn-pipeline-1.2.0,200,217.31,1.7737318940073925,False,1,0.722655,False
2026-08-01T11:57:31+00:00,req-11-0243,churn-pipeline-1.2.0,200,141.01,2.612889590539215,False,1,0.841703,False
2026-08-01T23:34:29+00:00,req-11-0244,churn-pipeline-1.2.0,500,130.55,,True,0,0.365864,True
2026-08-01T12:32:04+00:00,req-11-0245,churn-pipeline-1.2.0,200,105.26,1.772004955106234,False,1,0.722361,False
2026-08-01T06:05:05+00:00,req-11-0246,churn-pipeline-1.2.0,200,77.19,1.6456706021790377,False,1,0.70032,False
2026-08-01T04:34:50+00:00,req-11-0247,churn-pipeline-1.2.0,200,150.0,,True,0,0.365864,False
2026-08-01T18:49:14+00:00,req-11-0248,churn-pipeline-1.2.0,200,146.03,0.8745050131698896,False,1,0.548182,False
2026-08-01T11:01:47+00:00,req-11-0249,churn-pipeline-1.2.0,200,96.19,0.4804914646374711,False,0,0.464663,False
2026-08-01T14:31:07+00:00,req-11-0250,churn-pipeline-1.2.0,200,133.1,,True,0,0.365864,False
2026-08-01T08:53:03+00:00,req-11-0251,churn-pipeline-1.2.0,200,128.93,-0.28817250942780887,False,0,0.311108,False
2026-08-01T06:33:15+00:00,req-11-0252,churn-pipeline-1.2.0,200,110.55,1.2644359146729056,False,1,0.628263,False
2026-08-01T14:23:48+00:00,req-11-0253,churn-pipeline-1.2.0,200,104.73,0.8428563642039903,False,1,0.541511,False
2026-08-01T07:03:52+00:00,req-11-0254,churn-pipeline-1.2.0,200,153.68,0.46371725326780483,False,0,0.461119,False
2026-08-01T23:59:50+00:00,req-11-0255,churn-pipeline-1.2.0,200,125.59,1.5980490576116493,False,1,0.691756,False
2026-08-01T17:33:33+00:00,req-11-0256,churn-pipeline-1.2.0,200,111.74,0.6894863745567867,False,1,0.509015,False
2026-08-01T19:40:12+00:00,req-11-0257,churn-pipeline-1.2.0,200,102.47,-0.05883811147448996,False,0,0.354341,False
2026-08-01T06:49:27+00:00,req-11-0258,churn-pipeline-1.2.0,200,129.5,0.6201770275183074,False,0,0.494288,False
2026-08-01T00:42:10+00:00,req-11-0259,churn-pipeline-1.2.0,200,181.47,1.761661339568393,False,1,0.720594,False
2026-08-01T01:08:49+00:00,req-11-0260,churn-pipeline-1.2.0,200,144.23,-0.17468891478471443,False,0,0.332148,False
2026-08-01T20:36:54+00:00,req-11-0261,churn-pipeline-1.2.0,200,125.14,1.1197406584144207,False,1,0.599115,False
2026-08-01T20:58:30+00:00,req-11-0262,churn-pipeline-1.2.0,200,149.01,0.8418029683864217,False,1,0.541289,False
2026-08-01T16:18:29+00:00,req-11-0263,churn-pipeline-1.2.0,200,208.9,0.10114961406207319,False,0,0.386032,False
2026-08-01T14:08:05+00:00,req-11-0264,churn-pipeline-1.2.0,200,157.94,0.5919802036085342,False,0,0.488298,False
2026-08-01T05:01:14+00:00,req-11-0265,churn-pipeline-1.2.0,200,146.72,-0.7502671592175877,False,0,0.233666,False
2026-08-01T18:12:12+00:00,req-11-0266,churn-pipeline-1.2.0,200,165.6,1.0151222038651995,False,1,0.577582,False
2026-08-01T12:23:26+00:00,req-11-0267,churn-pipeline-1.2.0,200,128.34,-0.5329696325672276,False,0,0.268347,False
2026-08-01T14:28:38+00:00,req-11-0268,churn-pipeline-1.2.0,200,143.19,2.0260590780839296,False,1,0.763533,False
2026-08-01T00:34:29+00:00,req-11-0269,churn-pipeline-1.2.0,200,115.45,0.8034289558141021,False,1,0.53318,False
2026-08-01T12:23:41+00:00,req-11-0270,churn-pipeline-1.2.0,200,82.2,0.2995956606022621,False,0,0.426696,False
2026-08-01T16:38:54+00:00,req-11-0271,churn-pipeline-1.2.0,200,150.65,2.118587294459276,False,1,0.777438,False
2026-08-01T18:28:46+00:00,req-11-0272,churn-pipeline-1.2.0,200,150.84,-0.18344128643600638,False,0,0.3305,False
2026-08-01T03:29:27+00:00,req-11-0273,churn-pipeline-1.2.0,200,123.13,0.11493294887289482,False,0,0.388812,False
2026-08-01T00:46:18+00:00,req-11-0274,churn-pipeline-1.2.0,200,188.06,-1.020708995133228,False,0,0.195038,False
2026-08-01T20:32:04+00:00,req-11-0275,churn-pipeline-1.2.0,200,107.16,2.274981619549416,False,1,0.79959,False
2026-08-01T07:29:06+00:00,req-11-0276,churn-pipeline-1.2.0,200,76.59,2.866508981422857,False,1,0.86836,False
2026-08-01T11:20:54+00:00,req-11-0277,churn-pipeline-1.2.0,200,108.01,-0.8572736771016618,False,0,0.217775,False
2026-08-01T15:03:33+00:00,req-11-0278,churn-pipeline-1.2.0,200,82.45,0.04343893735250059,False,0,0.374473,False
2026-08-01T11:47:37+00:00,req-11-0279,churn-pipeline-1.2.0,200,150.42,0.9733042605834544,False,1,0.568886,False
2026-08-01T22:39:19+00:00,req-11-0280,churn-pipeline-1.2.0,200,106.12,0.3585211561409146,False,0,0.438991,False
2026-08-01T20:12:55+00:00,req-11-0281,churn-pipeline-1.2.0,200,185.0,0.867119243549957,False,1,0.546627,False
2026-08-01T09:26:51+00:00,req-11-0282,churn-pipeline-1.2.0,200,183.77,0.7765221612041768,False,1,0.527483,False
2026-08-01T04:35:05+00:00,req-11-0283,churn-pipeline-1.2.0,200,100.41,1.3279294531872199,False,1,0.640777,False
2026-08-01T23:24:25+00:00,req-11-0284,churn-pipeline-1.2.0,200,104.24,-0.10901376865164429,False,0,0.344645,False
2026-08-01T16:59:53+00:00,req-11-0285,churn-pipeline-1.2.0,200,160.18,1.102292632756456,False,1,0.595548,False
2026-08-01T18:07:36+00:00,req-11-0286,churn-pipeline-1.2.0,200,184.72,-0.27193379405465745,False,0,0.314073,False
2026-08-01T11:08:09+00:00,req-11-0287,churn-pipeline-1.2.0,200,70.9,0.467549188166848,False,0,0.461928,False
2026-08-01T11:38:15+00:00,req-11-0288,churn-pipeline-1.2.0,200,147.73,-0.9235888938855223,False,0,0.208325,False
2026-08-01T04:21:47+00:00,req-11-0289,churn-pipeline-1.2.0,200,66.82,0.4752243989758527,False,0,0.46355,False
2026-08-01T10:17:59+00:00,req-11-0290,churn-pipeline-1.2.0,200,113.27,0.29862553794662655,False,0,0.426494,False
2026-08-01T13:01:18+00:00,req-11-0291,churn-pipeline-1.2.0,200,191.57,1.890758324575595,False,1,0.742144,False
2026-08-01T03:06:23+00:00,req-11-0292,churn-pipeline-1.2.0,200,353.68,0.8377769240644185,False,1,0.540439,False
2026-08-01T15:14:59+00:00,req-11-0293,churn-pipeline-1.2.0,200,125.07,1.0286283947590078,False,1,0.58038,False
2026-08-01T14:45:52+00:00,req-11-0294,churn-pipeline-1.2.0,200,90.58,0.876425370077959,False,1,0.548587,False
2026-08-01T20:10:54+00:00,req-11-0295,churn-pipeline-1.2.0,200,114.54,-1.3355642866261763,False,0,0.156404,False
2026-08-01T01:15:23+00:00,req-11-0296,churn-pipeline-1.2.0,200,137.88,-1.1967935731802515,False,0,0.172605,False
2026-08-01T05:24:58+00:00,req-11-0297,churn-pipeline-1.2.0,200,108.94,,True,0,0.365864,False
2026-08-01T10:17:52+00:00,req-11-0298,churn-pipeline-1.2.0,200,100.42,1.1924879875824959,False,1,0.613871,False
2026-08-01T21:07:04+00:00,req-11-0299,churn-pipeline-1.2.0,200,117.76,0.6533915476438822,False,1,0.501346,False
2026-08-01T05:42:18+00:00,req-11-0300,churn-pipeline-1.2.0,200,153.22,-0.007261923680122828,False,0,0.364433,False
2026-08-01T23:19:53+00:00,req-11-0301,churn-pipeline-1.2.0,200,127.88,0.6476712246660119,False,1,0.50013,False
2026-08-01T22:57:03+00:00,req-11-0302,churn-pipeline-1.2.0,200,101.82,0.5565601892533857,False,0,0.480779,False
2026-08-01T02:16:36+00:00,req-11-0303,churn-pipeline-1.2.0,200,108.95,1.717953411326492,False,1,0.713053,False
2026-08-01T08:43:06+00:00,req-11-0304,churn-pipeline-1.2.0,200,118.25,1.6591709809590958,False,1,0.702722,False
2026-08-01T06:12:45+00:00,req-11-0305,churn-pipeline-1.2.0,200,98.05,0.3189147459741812,False,0,0.430718,False
2026-08-01T11:44:31+00:00,req-11-0306,churn-pipeline-1.2.0,200,107.66,0.8475795334583293,False,1,0.542508,False
2026-08-01T22:11:03+00:00,req-11-0307,churn-pipeline-1.2.0,200,165.88,1.1900092505020292,False,1,0.613372,False
2026-08-01T09:00:42+00:00,req-11-0308,churn-pipeline-1.2.0,200,125.41,1.3458766152127148,False,1,0.644281,False
2026-08-01T15:54:39+00:00,req-11-0309,churn-pipeline-1.2.0,200,77.03,2.635227995329965,False,1,0.844217,False
2026-08-01T03:17:34+00:00,req-11-0310,churn-pipeline-1.2.0,200,187.4,0.8704449870913031,False,1,0.547327,False
2026-08-01T13:41:08+00:00,req-11-0311,churn-pipeline-1.2.0,200,154.26,2.1271820444168443,False,1,0.7787,False
2026-08-01T08:27:43+00:00,req-11-0312,churn-pipeline-1.2.0,200,86.72,-0.31808723152578305,False,0,0.305684,False
2026-08-01T22:01:38+00:00,req-11-0313,churn-pipeline-1.2.0,200,120.1,0.23044248422175406,False,0,0.412383,False
2026-08-01T18:41:45+00:00,req-11-0314,churn-pipeline-1.2.0,200,104.77,-1.34261563786193,False,0,0.155615,False
2026-08-01T05:09:47+00:00,req-11-0315,churn-pipeline-1.2.0,200,167.65,,True,0,0.365864,False
2026-08-01T14:54:31+00:00,req-11-0316,churn-pipeline-1.2.0,200,119.86,1.5799001526017746,False,1,0.688457,False
2026-08-01T08:12:37+00:00,req-11-0317,churn-pipeline-1.2.0,200,131.89,-1.7831543652337538,False,0,0.112477,False
2026-08-01T10:29:52+00:00,req-11-0318,churn-pipeline-1.2.0,200,127.07,1.0977006859703826,False,1,0.594607,False
2026-08-01T11:06:09+00:00,req-11-0319,churn-pipeline-1.2.0,200,84.07,1.5344208645934372,False,1,0.680106,False
2026-08-01T19:41:37+00:00,req-11-0320,churn-pipeline-1.2.0,200,211.66,1.4745994761553616,False,1,0.668943,False
2026-08-01T06:57:51+00:00,req-11-0321,churn-pipeline-1.2.0,200,166.87,,True,0,0.365864,False
2026-08-01T00:05:58+00:00,req-11-0322,churn-pipeline-1.2.0,200,106.28,1.7117759717468601,False,1,0.711978,False
2026-08-01T04:37:46+00:00,req-11-0323,churn-pipeline-1.2.0,200,143.55,0.9097697222546687,False,1,0.555595,False
2026-08-01T19:50:18+00:00,req-11-0324,churn-pipeline-1.2.0,200,184.38,1.5205894998623415,False,1,0.677543,False
2026-08-01T07:07:13+00:00,req-11-0325,churn-pipeline-1.2.0,200,137.43,0.7678492146106206,False,1,0.525645,False
2026-08-01T01:25:43+00:00,req-11-0326,churn-pipeline-1.2.0,200,222.17,1.3000892354082347,False,1,0.635312,False
2026-08-01T09:36:32+00:00,req-11-0327,churn-pipeline-1.2.0,200,343.43,2.0646975900428166,False,1,0.769412,False
2026-08-01T20:53:11+00:00,req-11-0328,churn-pipeline-1.2.0,200,129.66,0.6857768431924638,False,1,0.508227,False
2026-08-01T20:57:25+00:00,req-11-0329,churn-pipeline-1.2.0,200,112.04,1.1983100493415444,False,1,0.615044,False
2026-08-01T22:44:30+00:00,req-11-0330,churn-pipeline-1.2.0,200,98.36,2.2122571300196303,False,1,0.79091,False
2026-08-01T16:24:45+00:00,req-11-0331,churn-pipeline-1.2.0,200,66.48,0.7601083269497539,False,1,0.524005,False
2026-08-01T19:39:36+00:00,req-11-0332,churn-pipeline-1.2.0,200,201.28,-0.2816659736887411,False,0,0.312294,False
2026-08-01T18:33:06+00:00,req-11-0333,churn-pipeline-1.2.0,200,120.56,1.6098452803637942,False,1,0.69389,False
2026-08-01T00:28:12+00:00,req-11-0334,churn-pipeline-1.2.0,200,178.64,2.4066214911398425,False,1,0.816922,False
2026-08-01T10:01:55+00:00,req-11-0335,churn-pipeline-1.2.0,200,190.52,2.253222688458439,False,1,0.79661,False
2026-08-01T12:37:44+00:00,req-11-0336,churn-pipeline-1.2.0,200,95.52,1.6507371546453173,False,1,0.701223,False
2026-08-01T11:07:55+00:00,req-11-0337,churn-pipeline-1.2.0,200,100.22,-1.5613654632963392,False,0,0.132715,False
2026-08-01T19:53:27+00:00,req-11-0338,churn-pipeline-1.2.0,200,235.94,0.23237563665387298,False,0,0.412781,False
2026-08-01T23:34:16+00:00,req-11-0339,churn-pipeline-1.2.0,200,132.01,0.2861694879582571,False,0,0.423907,False
2026-08-01T13:04:49+00:00,req-11-0340,churn-pipeline-1.2.0,200,109.29,0.9471118114195252,False,1,0.563418,False
2026-08-01T02:18:40+00:00,req-11-0341,churn-pipeline-1.2.0,500,96.62,2.672678076162705,False,1,0.848358,True
2026-08-01T08:38:18+00:00,req-11-0342,churn-pipeline-1.2.0,200,129.03,-0.23456871523505585,False,0,0.320956,False
2026-08-01T04:44:43+00:00,req-11-0343,churn-pipeline-1.2.0,200,218.72,3.254312193026252,False,1,0.901692,False
2026-08-01T11:17:48+00:00,req-11-0344,churn-pipeline-1.2.0,200,168.11,0.49855563856204577,False,0,0.468485,False
2026-08-01T05:37:09+00:00,req-11-0345,churn-pipeline-1.2.0,200,143.08,0.0947536208528827,False,0,0.384744,False
2026-08-01T01:56:11+00:00,req-11-0346,churn-pipeline-1.2.0,200,224.44,1.7874649479273779,False,1,0.724989,False
2026-08-01T04:07:03+00:00,req-11-0347,churn-pipeline-1.2.0,200,211.01,1.870519480165332,False,1,0.738839,False
2026-08-01T11:54:41+00:00,req-11-0348,churn-pipeline-1.2.0,200,150.23,1.582444256574921,False,1,0.688921,False
2026-08-01T03:23:43+00:00,req-11-0349,churn-pipeline-1.2.0,200,328.2,0.0920717598536949,False,0,0.384205,False
2026-08-01T00:40:05+00:00,req-11-0350,churn-pipeline-1.2.0,200,124.72,1.4271295341260264,False,1,0.659947,False
2026-08-01T06:43:45+00:00,req-11-0351,churn-pipeline-1.2.0,200,191.84,-0.18523563109569072,False,0,0.330162,False
2026-08-01T15:27:31+00:00,req-11-0352,churn-pipeline-1.2.0,200,119.05,,True,0,0.365864,False
2026-08-01T15:08:17+00:00,req-11-0353,churn-pipeline-1.2.0,200,180.22,0.8003863276905298,False,1,0.532536,False
2026-08-01T09:22:15+00:00,req-11-0354,churn-pipeline-1.2.0,200,124.69,0.03903822010384287,False,0,0.373597,False
2026-08-01T15:55:12+00:00,req-11-0355,churn-pipeline-1.2.0,200,156.48,2.005385660272564,False,1,0.760346,False
2026-08-01T04:35:32+00:00,req-11-0356,churn-pipeline-1.2.0,200,290.07,0.29292409149492243,False,0,0.425309,False
2026-08-01T17:20:27+00:00,req-11-0357,churn-pipeline-1.2.0,200,183.07,0.6685209708048458,False,1,0.504561,False
2026-08-01T00:25:01+00:00,req-11-0358,churn-pipeline-1.2.0,200,157.25,-0.02420819575771732,False,0,0.361104,False
2026-08-01T03:14:35+00:00,req-11-0359,churn-pipeline-1.2.0,200,105.36,1.989490301992749,False,1,0.757875,False
2026-08-01T22:07:51+00:00,req-11-0360,churn-pipeline-1.2.0,200,143.38,0.20056667693282254,False,0,0.406243,False
2026-08-01T11:13:40+00:00,req-11-0361,churn-pipeline-1.2.0,200,97.78,2.0991116578819913,False,1,0.774561,False
2026-08-01T13:21:05+00:00,req-11-0362,churn-pipeline-1.2.0,200,179.31,2.0219707645463645,False,1,0.762905,False
2026-08-01T09:32:12+00:00,req-11-0363,churn-pipeline-1.2.0,200,177.87,0.43176200150748867,False,0,0.454377,False
2026-08-01T15:31:36+00:00,req-11-0364,churn-pipeline-1.2.0,200,127.46,0.9311511986740657,False,1,0.560078,False
2026-08-01T17:57:09+00:00,req-11-0365,churn-pipeline-1.2.0,200,229.89,0.40260557460365093,False,0,0.44824,False
2026-08-01T18:42:16+00:00,req-11-0366,churn-pipeline-1.2.0,200,219.77,1.473008095019826,False,1,0.668644,False
2026-08-01T05:58:44+00:00,req-11-0367,churn-pipeline-1.2.0,200,141.62,0.6958051231046543,False,1,0.510357,False
2026-08-01T15:02:17+00:00,req-11-0368,churn-pipeline-1.2.0,200,161.78,0.46164530303859685,False,0,0.460681,False
2026-08-01T18:49:31+00:00,req-11-0369,churn-pipeline-1.2.0,200,111.83,0.948488121402049,False,1,0.563706,False
2026-08-01T09:54:52+00:00,req-11-0370,churn-pipeline-1.2.0,200,123.74,-0.761326551702171,False,0,0.231987,False
2026-08-01T09:10:06+00:00,req-11-0371,churn-pipeline-1.2.0,200,95.61,0.8203593429546678,False,1,0.53676,False
2026-08-01T15:03:43+00:00,req-11-0372,churn-pipeline-1.2.0,200,115.84,1.5820925686463492,False,1,0.688856,False
2026-08-01T13:46:16+00:00,req-11-0373,churn-pipeline-1.2.0,200,130.56,1.0449570992742276,False,1,0.583757,False
2026-08-02T13:27:00+00:00,req-12-0000,churn-pipeline-1.2.0,200,138.57,0.08059795230786446,False,0,0.3819,False
2026-08-02T19:14:25+00:00,req-12-0001,churn-pipeline-1.2.0,200,132.45,2.062403457955714,False,1,0.769066,False
2026-08-02T20:07:42+00:00,req-12-0002,churn-pipeline-1.2.0,200,169.92,0.39357297204857355,False,0,0.446342,False
2026-08-02T20:07:51+00:00,req-12-0003,churn-pipeline-1.2.0,200,120.89,1.0356815782182625,False,1,0.58184,False
2026-08-02T07:50:33+00:00,req-12-0004,churn-pipeline-1.2.0,200,126.2,-1.263352008340288,False,0,0.164675,False
2026-08-02T16:09:40+00:00,req-12-0005,churn-pipeline-1.2.0,200,99.78,0.6740669975387702,False,1,0.505739,False
2026-08-02T01:22:32+00:00,req-12-0006,churn-pipeline-1.2.0,200,234.74,-0.25456862158368193,False,0,0.317262,False
2026-08-02T13:28:39+00:00,req-12-0007,churn-pipeline-1.2.0,200,91.29,-0.1279728581842544,False,0,0.341014,False
2026-08-02T03:30:11+00:00,req-12-0008,churn-pipeline-1.2.0,200,142.52,3.443295244315122,False,1,0.915041,False
2026-08-02T07:22:53+00:00,req-12-0009,churn-pipeline-1.2.0,200,157.41,1.1620021956624025,False,1,0.607711,False
2026-08-02T16:14:24+00:00,req-12-0010,churn-pipeline-1.2.0,200,134.41,2.1873232869513117,False,1,0.787383,False
2026-08-02T10:11:26+00:00,req-12-0011,churn-pipeline-1.2.0,500,90.38,1.7980687624868261,False,1,0.726782,True
2026-08-02T20:43:19+00:00,req-12-0012,churn-pipeline-1.2.0,200,98.07,1.9324050260979682,False,1,0.748861,False
2026-08-02T02:05:21+00:00,req-12-0013,churn-pipeline-1.2.0,200,159.57,0.6909747553272473,False,1,0.509331,False
2026-08-02T23:19:35+00:00,req-12-0014,churn-pipeline-1.2.0,200,105.18,2.5867221125071067,False,1,0.838717,False
2026-08-02T16:58:13+00:00,req-12-0015,churn-pipeline-1.2.0,200,69.56,1.7890216635053175,False,1,0.725253,False
2026-08-02T10:19:56+00:00,req-12-0016,churn-pipeline-1.2.0,200,152.8,0.9434016993924182,False,1,0.562642,False
2026-08-02T00:35:32+00:00,req-12-0017,churn-pipeline-1.2.0,500,102.11,1.1764541056804898,False,1,0.610636,True
2026-08-02T01:00:09+00:00,req-12-0018,churn-pipeline-1.2.0,200,165.22,0.7564309627143763,False,1,0.523225,False
2026-08-02T09:55:20+00:00,req-12-0019,churn-pipeline-1.2.0,200,126.56,0.9548511441096952,False,1,0.565035,False
2026-08-02T13:44:19+00:00,req-12-0020,churn-pipeline-1.2.0,200,124.63,0.8542192281589193,False,1,0.543908,False
2026-08-02T12:08:56+00:00,req-12-0021,churn-pipeline-1.2.0,200,137.28,1.300610312798315,False,1,0.635415,False
2026-08-02T07:08:05+00:00,req-12-0022,churn-pipeline-1.2.0,200,93.78,2.7269724914809874,False,1,0.8542,False
2026-08-02T15:36:07+00:00,req-12-0023,churn-pipeline-1.2.0,200,103.66,-0.36547482280667243,False,0,0.297203,False
2026-08-02T14:44:33+00:00,req-12-0024,churn-pipeline-1.2.0,200,124.23,2.099472501684247,False,1,0.774614,False
2026-08-02T08:14:12+00:00,req-12-0025,churn-pipeline-1.2.0,500,93.61,0.5133537921031686,False,0,0.471618,True
2026-08-02T07:48:49+00:00,req-12-0026,churn-pipeline-1.2.0,200,169.64,2.233146305678046,False,1,0.793831,False
2026-08-02T10:37:36+00:00,req-12-0027,churn-pipeline-1.2.0,200,122.35,0.5498823688351328,False,0,0.479362,False
2026-08-02T17:50:14+00:00,req-12-0028,churn-pipeline-1.2.0,500,84.9,1.3333913603672656,False,1,0.641845,True
2026-08-02T14:05:49+00:00,req-12-0029,churn-pipeline-1.2.0,200,112.89,0.7332135387648689,False,1,0.5183,False
2026-08-02T03:03:03+00:00,req-12-0030,churn-pipeline-1.2.0,200,139.44,-0.9171217295471721,False,0,0.209233,False
2026-08-02T22:09:22+00:00,req-12-0031,churn-pipeline-1.2.0,200,117.04,2.7259257201086857,False,1,0.854089,False
2026-08-02T04:51:05+00:00,req-12-0032,churn-pipeline-1.2.0,500,153.43,-0.08989129419806556,False,0,0.348326,True
2026-08-02T16:07:38+00:00,req-12-0033,churn-pipeline-1.2.0,200,162.22,0.9880770042141312,False,1,0.571963,False
2026-08-02T00:24:09+00:00,req-12-0034,churn-pipeline-1.2.0,200,291.14,-0.2050428754838277,False,0,0.32645,False
2026-08-02T06:06:23+00:00,req-12-0035,churn-pipeline-1.2.0,200,195.09,-0.5038517340618266,False,0,0.273234,False
2026-08-02T13:33:12+00:00,req-12-0036,churn-pipeline-1.2.0,200,79.97,0.6848131683264115,False,1,0.508022,False
2026-08-02T20:20:03+00:00,req-12-0037,churn-pipeline-1.2.0,200,120.3,0.2768131748262149,False,0,0.421966,False
2026-08-02T13:30:22+00:00,req-12-0038,churn-pipeline-1.2.0,500,123.96,-0.3272557723717484,False,0,0.304033,True
2026-08-02T01:19:17+00:00,req-12-0039,churn-pipeline-1.2.0,200,162.28,0.8627957545364553,False,1,0.545716,False
2026-08-02T22:56:06+00:00,req-12-0040,churn-pipeline-1.2.0,200,100.14,-0.656002059252722,False,0,0.248318,False
2026-08-02T06:32:06+00:00,req-12-0041,churn-pipeline-1.2.0,200,113.89,1.0317474883352473,False,1,0.581026,False
2026-08-02T08:45:05+00:00,req-12-0042,churn-pipeline-1.2.0,200,90.66,0.7663068400526463,False,1,0.525319,False
2026-08-02T02:35:44+00:00,req-12-0043,churn-pipeline-1.2.0,200,111.34,-1.7044263362263417,False,0,0.119333,False
2026-08-02T16:42:37+00:00,req-12-0044,churn-pipeline-1.2.0,200,112.67,0.35073460179766364,False,0,0.437362,False
2026-08-02T10:43:44+00:00,req-12-0045,churn-pipeline-1.2.0,200,122.13,1.3918305107380908,False,1,0.653182,False
2026-08-02T05:16:10+00:00,req-12-0046,churn-pipeline-1.2.0,200,92.35,-0.21672317920434606,False,0,0.324271,False
2026-08-02T15:17:10+00:00,req-12-0047,churn-pipeline-1.2.0,200,184.85,1.4373818041576,False,1,0.6619,False
2026-08-02T04:42:13+00:00,req-12-0048,churn-pipeline-1.2.0,200,157.02,1.354313170409257,False,1,0.645923,False
2026-08-02T12:44:37+00:00,req-12-0049,churn-pipeline-1.2.0,200,84.91,-0.16860749829981506,False,0,0.333296,False
2026-08-02T15:55:37+00:00,req-12-0050,churn-pipeline-1.2.0,200,136.13,0.8871035815287159,False,1,0.550833,False
2026-08-02T19:28:13+00:00,req-12-0051,churn-pipeline-1.2.0,200,81.81,1.766240637515039,False,1,0.721377,False
2026-08-02T16:40:31+00:00,req-12-0052,churn-pipeline-1.2.0,200,207.43,-0.020243341983541392,False,0,0.361882,False
2026-08-02T13:37:10+00:00,req-12-0053,churn-pipeline-1.2.0,200,226.28,0.6838989145396468,False,1,0.507828,False
2026-08-02T00:48:56+00:00,req-12-0054,churn-pipeline-1.2.0,200,132.61,2.1077510738801983,False,1,0.77584,False
2026-08-02T05:35:02+00:00,req-12-0055,churn-pipeline-1.2.0,200,102.76,,True,0,0.365864,False
2026-08-02T13:52:06+00:00,req-12-0056,churn-pipeline-1.2.0,200,109.15,1.3821162000922245,False,1,0.651309,False
2026-08-02T12:52:26+00:00,req-12-0057,churn-pipeline-1.2.0,200,116.75,-0.23315066370688708,False,0,0.321218,False
2026-08-02T12:48:24+00:00,req-12-0058,churn-pipeline-1.2.0,200,130.46,0.7309900016452432,False,1,0.517828,False
2026-08-02T17:39:06+00:00,req-12-0059,churn-pipeline-1.2.0,200,209.31,1.3690630503025905,False,1,0.648785,False
2026-08-02T21:43:02+00:00,req-12-0060,churn-pipeline-1.2.0,200,183.29,-1.6247531294335422,False,0,0.126635,False
2026-08-02T12:04:15+00:00,req-12-0061,churn-pipeline-1.2.0,200,184.2,0.33896076482543486,False,0,0.434901,False
2026-08-02T03:13:45+00:00,req-12-0062,churn-pipeline-1.2.0,200,142.57,1.350798523545697,False,1,0.64524,False
2026-08-02T10:36:26+00:00,req-12-0063,churn-pipeline-1.2.0,200,93.33,1.137136314658317,False,1,0.602661,False
2026-08-02T06:04:04+00:00,req-12-0064,churn-pipeline-1.2.0,200,105.52,0.3515026961310208,False,0,0.437523,False
2026-08-02T12:41:54+00:00,req-12-0065,churn-pipeline-1.2.0,200,137.65,-0.25981110586022865,False,0,0.316298,False
2026-08-02T14:09:13+00:00,req-12-0066,churn-pipeline-1.2.0,200,91.92,1.559888126303959,False,1,0.684797,False
2026-08-02T13:09:12+00:00,req-12-0067,churn-pipeline-1.2.0,200,148.79,0.5614729256020927,False,0,0.481821,False
2026-08-02T13:57:40+00:00,req-12-0068,churn-pipeline-1.2.0,200,174.67,1.4726145617104558,False,1,0.66857,False
2026-08-02T07:27:12+00:00,req-12-0069,churn-pipeline-1.2.0,200,160.74,1.299234292293383,False,1,0.635144,False
2026-08-02T04:14:45+00:00,req-12-0070,churn-pipeline-1.2.0,200,158.69,0.43021080015308866,False,0,0.45405,False
2026-08-02T20:30:05+00:00,req-12-0071,churn-pipeline-1.2.0,200,74.3,2.0261898301443826,False,1,0.763554,False
2026-08-02T09:38:10+00:00,req-12-0072,churn-pipeline-1.2.0,200,206.84,0.27600850946203076,False,0,0.421799,False
2026-08-02T04:59:03+00:00,req-12-0073,churn-pipeline-1.2.0,200,81.75,2.149976672859498,False,1,0.782021,False
2026-08-02T23:53:21+00:00,req-12-0074,churn-pipeline-1.2.0,200,128.56,2.2873571570749074,False,1,0.80127,False
2026-08-02T00:47:16+00:00,req-12-0075,churn-pipeline-1.2.0,200,164.55,2.0026204082147365,False,1,0.759918,False
2026-08-02T08:18:47+00:00,req-12-0076,churn-pipeline-1.2.0,200,151.42,0.7104107889653873,False,1,0.513459,False
2026-08-02T17:47:44+00:00,req-12-0077,churn-pipeline-1.2.0,200,89.69,3.574433101586388,False,1,0.923315,False
2026-08-02T09:51:39+00:00,req-12-0078,churn-pipeline-1.2.0,200,94.99,1.0594366820437058,False,1,0.586744,False
2026-08-02T20:12:55+00:00,req-12-0079,churn-pipeline-1.2.0,200,147.99,1.1531093027887824,False,1,0.605908,False
2026-08-02T08:36:48+00:00,req-12-0080,churn-pipeline-1.2.0,200,158.97,0.8768355874999862,False,1,0.548673,False
2026-08-02T15:25:32+00:00,req-12-0081,churn-pipeline-1.2.0,200,94.72,-0.2862548009091596,False,0,0.311457,False
2026-08-02T10:15:37+00:00,req-12-0082,churn-pipeline-1.2.0,200,153.07,2.2598268992540023,False,1,0.797518,False
2026-08-02T11:15:16+00:00,req-12-0083,churn-pipeline-1.2.0,200,83.13,0.298976398852865,False,0,0.426567,False
2026-08-02T11:57:01+00:00,req-12-0084,churn-pipeline-1.2.0,200,164.86,1.865591577339179,False,1,0.73803,False
2026-08-02T23:24:17+00:00,req-12-0085,churn-pipeline-1.2.0,200,101.74,2.11753076373447,False,1,0.777283,False
2026-08-02T18:14:15+00:00,req-12-0086,churn-pipeline-1.2.0,200,138.52,1.5334874495767514,False,1,0.679933,False
2026-08-02T08:53:53+00:00,req-12-0087,churn-pipeline-1.2.0,200,131.28,0.173432260306781,False,0,0.400692,False
2026-08-02T09:59:56+00:00,req-12-0088,churn-pipeline-1.2.0,200,195.72,0.5418678317122086,False,0,0.477662,False
2026-08-02T09:44:29+00:00,req-12-0089,churn-pipeline-1.2.0,200,145.88,-1.9109299897153877,False,0,0.102083,False
2026-08-02T17:40:01+00:00,req-12-0090,churn-pipeline-1.2.0,200,111.45,0.7777089608150753,False,1,0.527735,False
2026-08-02T14:11:12+00:00,req-12-0091,churn-pipeline-1.2.0,200,151.46,1.7428456970849828,False,1,0.717363,False
2026-08-02T12:49:34+00:00,req-12-0092,churn-pipeline-1.2.0,200,267.96,0.6506196669639802,False,1,0.500757,False
2026-08-02T10:19:48+00:00,req-12-0093,churn-pipeline-1.2.0,200,171.08,,True,0,0.365864,False
2026-08-02T09:33:45+00:00,req-12-0094,churn-pipeline-1.2.0,200,132.47,0.5873657296850255,False,0,0.487318,False
2026-08-02T13:19:37+00:00,req-12-0095,churn-pipeline-1.2.0,200,103.39,2.1761342688349696,False,1,0.785787,False
2026-08-02T19:56:54+00:00,req-12-0096,churn-pipeline-1.2.0,200,110.83,0.8429160266618636,False,1,0.541524,False
2026-08-02T23:11:51+00:00,req-12-0097,churn-pipeline-1.2.0,200,167.82,2.850811985229044,False,1,0.866827,False
2026-08-02T01:27:46+00:00,req-12-0098,churn-pipeline-1.2.0,200,101.68,0.30072981987104075,False,0,0.426932,False
2026-08-02T05:41:59+00:00,req-12-0099,churn-pipeline-1.2.0,200,135.12,1.128093374387826,False,1,0.600819,False
2026-08-02T16:26:40+00:00,req-12-0100,churn-pipeline-1.2.0,200,213.86,0.44492797809162143,False,0,0.457153,False
2026-08-02T03:33:55+00:00,req-12-0101,churn-pipeline-1.2.0,200,141.66,3.078210734445889,False,1,0.887602,False
2026-08-02T14:39:06+00:00,req-12-0102,churn-pipeline-1.2.0,200,95.58,1.088690576874828,False,1,0.59276,False
2026-08-02T10:09:54+00:00,req-12-0103,churn-pipeline-1.2.0,200,271.02,3.1344799440612405,False,1,0.892286,False
2026-08-02T04:34:44+00:00,req-12-0104,churn-pipeline-1.2.0,200,237.28,0.45886606735256485,False,0,0.460094,False
2026-08-02T12:05:45+00:00,req-12-0105,churn-pipeline-1.2.0,200,158.48,2.5039581346478155,False,1,0.828973,False
2026-08-02T12:13:02+00:00,req-12-0106,churn-pipeline-1.2.0,200,203.06,1.02390354088717,False,1,0.579402,False
2026-08-02T17:07:00+00:00,req-12-0107,churn-pipeline-1.2.0,200,123.95,1.778488374272877,False,1,0.723465,False
2026-08-02T19:49:18+00:00,req-12-0108,churn-pipeline-1.2.0,200,170.22,-0.38069652680450305,False,0,0.294507,False
2026-08-02T22:55:26+00:00,req-12-0109,churn-pipeline-1.2.0,200,117.89,1.265834646669772,False,1,0.62854,False
2026-08-02T10:32:17+00:00,req-12-0110,churn-pipeline-1.2.0,200,87.49,-0.22257645989023525,False,0,0.323181,False
2026-08-02T16:31:41+00:00,req-12-0111,churn-pipeline-1.2.0,200,309.42,1.1699512207402802,False,1,0.609321,False
2026-08-02T18:53:35+00:00,req-12-0112,churn-pipeline-1.2.0,200,86.07,-0.6943095556900608,False,0,0.24229,False
2026-08-02T23:41:31+00:00,req-12-0113,churn-pipeline-1.2.0,200,148.49,0.8012128294500013,False,1,0.532711,False
2026-08-02T15:36:21+00:00,req-12-0114,churn-pipeline-1.2.0,200,147.93,2.0503926389830394,False,1,0.767247,False
2026-08-02T05:54:43+00:00,req-12-0115,churn-pipeline-1.2.0,200,159.24,1.4749315729439156,False,1,0.669006,False
2026-08-02T08:12:28+00:00,req-12-0116,churn-pipeline-1.2.0,200,131.18,-0.3956475520704286,False,0,0.291874,False
2026-08-02T05:00:48+00:00,req-12-0117,churn-pipeline-1.2.0,200,131.62,-1.093305701978952,False,0,0.185532,False
2026-08-02T04:44:45+00:00,req-12-0118,churn-pipeline-1.2.0,200,141.11,1.4217918094838065,False,1,0.658929,False
2026-08-02T07:21:24+00:00,req-12-0119,churn-pipeline-1.2.0,200,157.41,2.5602587351263333,False,1,0.835651,False
2026-08-02T11:57:36+00:00,req-12-0120,churn-pipeline-1.2.0,500,134.92,-0.11214333871367549,False,0,0.344045,True
2026-08-02T18:53:27+00:00,req-12-0121,churn-pipeline-1.2.0,200,132.08,3.1022742820851796,False,1,0.889627,False
2026-08-02T06:59:16+00:00,req-12-0122,churn-pipeline-1.2.0,200,88.46,0.8931820474225496,False,1,0.552111,False
2026-08-02T04:28:34+00:00,req-12-0123,churn-pipeline-1.2.0,200,257.15,-1.1566282103580845,False,0,0.177536,False
2026-08-02T03:02:12+00:00,req-12-0124,churn-pipeline-1.2.0,200,160.24,-0.738924374549177,False,0,0.235397,False
2026-08-02T04:42:30+00:00,req-12-0125,churn-pipeline-1.2.0,200,144.33,1.708446606839983,False,1,0.711397,False
2026-08-02T10:23:13+00:00,req-12-0126,churn-pipeline-1.2.0,500,110.55,1.0360464428767862,False,1,0.581915,True
2026-08-02T09:52:53+00:00,req-12-0127,churn-pipeline-1.2.0,200,97.92,2.4563320140829266,False,1,0.823157,False
2026-08-02T09:34:20+00:00,req-12-0128,churn-pipeline-1.2.0,500,177.77,-0.3580310050330954,False,0,0.298526,True
2026-08-02T07:37:15+00:00,req-12-0129,churn-pipeline-1.2.0,200,128.27,1.0244195380719685,False,1,0.579509,False
2026-08-02T10:52:39+00:00,req-12-0130,churn-pipeline-1.2.0,200,164.68,0.9070991144577744,False,1,0.555035,False
2026-08-02T15:30:55+00:00,req-12-0131,churn-pipeline-1.2.0,200,87.58,0.7498347507898959,False,1,0.521826,False
2026-08-02T01:04:06+00:00,req-12-0132,churn-pipeline-1.2.0,200,221.47,0.49826240992065784,False,0,0.468423,False
2026-08-02T21:21:50+00:00,req-12-0133,churn-pipeline-1.2.0,200,180.14,0.5191656556845953,False,0,0.472849,False
2026-08-02T07:20:05+00:00,req-12-0134,churn-pipeline-1.2.0,200,131.54,1.0833781154943931,False,1,0.59167,False
2026-08-02T03:19:40+00:00,req-12-0135,churn-pipeline-1.2.0,200,156.79,1.2177100792301265,False,1,0.61894,False
2026-08-02T04:11:33+00:00,req-12-0136,churn-pipeline-1.2.0,200,171.13,1.1652014926084056,False,1,0.608359,False
2026-08-02T13:07:19+00:00,req-12-0137,churn-pipeline-1.2.0,200,88.01,2.166286884352475,False,1,0.784375,False
2026-08-02T12:29:52+00:00,req-12-0138,churn-pipeline-1.2.0,200,230.94,-0.3613424379031567,False,0,0.297937,False
2026-08-02T02:07:17+00:00,req-12-0139,churn-pipeline-1.2.0,200,157.58,-1.0022677112299727,False,0,0.19751,False
2026-08-02T11:58:52+00:00,req-12-0140,churn-pipeline-1.2.0,200,107.77,1.9678133071072572,False,1,0.754478,False
2026-08-02T05:18:57+00:00,req-12-0141,churn-pipeline-1.2.0,200,95.05,-0.09070129295444107,False,0,0.348169,False
2026-08-02T21:52:00+00:00,req-12-0142,churn-pipeline-1.2.0,200,185.15,0.5015503904540636,False,0,0.469119,False
2026-08-02T07:25:06+00:00,req-12-0143,churn-pipeline-1.2.0,200,144.44,,True,0,0.365864,False
2026-08-02T23:59:14+00:00,req-12-0144,churn-pipeline-1.2.0,200,157.54,0.23481206180363892,False,0,0.413283,False
2026-08-02T13:53:54+00:00,req-12-0145,churn-pipeline-1.2.0,200,136.16,-0.6311772401361706,False,0,0.252278,False
2026-08-02T23:08:43+00:00,req-12-0146,churn-pipeline-1.2.0,200,97.94,0.30199603287854937,False,0,0.427195,False
2026-08-02T13:19:01+00:00,req-12-0147,churn-pipeline-1.2.0,200,158.86,1.5817976678935077,False,1,0.688803,False
2026-08-02T03:01:25+00:00,req-12-0148,churn-pipeline-1.2.0,200,126.73,0.8958719884095254,False,1,0.552677,False
2026-08-02T15:26:00+00:00,req-12-0149,churn-pipeline-1.2.0,200,134.07,1.42973248493226,False,1,0.660444,False
2026-08-02T11:27:50+00:00,req-12-0150,churn-pipeline-1.2.0,200,288.85,0.379113902682909,False,0,0.443307,False
2026-08-02T19:39:13+00:00,req-12-0151,churn-pipeline-1.2.0,200,178.28,1.8479882903210263,False,1,0.735126,False
2026-08-02T09:23:35+00:00,req-12-0152,churn-pipeline-1.2.0,200,181.61,0.36622003088928795,False,0,0.440604,False
2026-08-02T04:29:36+00:00,req-12-0153,churn-pipeline-1.2.0,200,322.42,-1.313985165552189,False,0,0.15884,False
2026-08-02T02:43:36+00:00,req-12-0154,churn-pipeline-1.2.0,200,152.68,1.232454982572612,False,1,0.621892,False
2026-08-02T17:50:28+00:00,req-12-0155,churn-pipeline-1.2.0,200,140.27,,True,0,0.365864,False
2026-08-02T05:35:19+00:00,req-12-0156,churn-pipeline-1.2.0,200,108.63,0.31279903695981176,False,0,0.429444,False
2026-08-02T16:00:30+00:00,req-12-0157,churn-pipeline-1.2.0,200,116.8,2.1591665807788347,False,1,0.783349,False
2026-08-02T03:13:38+00:00,req-12-0158,churn-pipeline-1.2.0,200,70.12,0.0067732029099284675,False,0,0.367201,False
2026-08-02T01:54:47+00:00,req-12-0159,churn-pipeline-1.2.0,200,173.85,1.6042631535107001,False,1,0.692881,False
2026-08-02T17:03:05+00:00,req-12-0160,churn-pipeline-1.2.0,200,90.0,2.7320147392650074,False,1,0.854733,False
2026-08-02T08:16:21+00:00,req-12-0161,churn-pipeline-1.2.0,200,180.21,0.9385675335901273,False,1,0.561631,False
2026-08-02T13:36:53+00:00,req-12-0162,churn-pipeline-1.2.0,200,133.15,0.6621927596758229,False,1,0.503216,False
2026-08-02T00:39:53+00:00,req-12-0163,churn-pipeline-1.2.0,200,140.65,,True,0,0.365864,False
2026-08-02T04:30:49+00:00,req-12-0164,churn-pipeline-1.2.0,200,133.18,2.609710156299387,False,1,0.841343,False
2026-08-02T02:09:51+00:00,req-12-0165,churn-pipeline-1.2.0,200,210.36,1.3229217024807363,False,1,0.639797,False
2026-08-02T06:42:58+00:00,req-12-0166,churn-pipeline-1.2.0,200,198.8,3.151412811079605,False,1,0.893662,False
2026-08-02T06:48:39+00:00,req-12-0167,churn-pipeline-1.2.0,200,133.76,1.1932139573412217,False,1,0.614018,False
2026-08-02T08:59:16+00:00,req-12-0168,churn-pipeline-1.2.0,200,101.25,0.21351350710106876,False,0,0.4089,False
2026-08-02T05:50:05+00:00,req-12-0169,churn-pipeline-1.2.0,200,181.44,0.28731771802612954,False,0,0.424145,False
2026-08-02T10:57:35+00:00,req-12-0170,churn-pipeline-1.2.0,200,98.83,0.9646876287675946,False,1,0.567089,False
2026-08-02T21:36:15+00:00,req-12-0171,churn-pipeline-1.2.0,200,82.08,-1.2433887467681703,False,0,0.167022,False
2026-08-02T02:04:00+00:00,req-12-0172,churn-pipeline-1.2.0,200,158.34,0.40126067144334093,False,0,0.447957,False
2026-08-02T21:27:03+00:00,req-12-0173,churn-pipeline-1.2.0,200,199.38,0.42456227424774345,False,0,0.45286,False
2026-08-02T09:54:05+00:00,req-12-0174,churn-pipeline-1.2.0,200,118.59,1.1517792431898097,False,1,0.605638,False
2026-08-02T13:52:07+00:00,req-12-0175,churn-pipeline-1.2.0,200,153.66,2.9389091314215223,False,1,0.875236,False
2026-08-02T16:07:31+00:00,req-12-0176,churn-pipeline-1.2.0,200,118.19,0.9575573128296383,False,1,0.565601,False
2026-08-02T17:38:27+00:00,req-12-0177,churn-pipeline-1.2.0,200,170.09,-1.1187920414826837,False,0,0.18228,False
2026-08-02T22:39:06+00:00,req-12-0178,churn-pipeline-1.2.0,200,191.65,-0.05960303237080947,False,0,0.354192,False
2026-08-02T23:59:25+00:00,req-12-0179,churn-pipeline-1.2.0,200,124.11,1.1754022549644594,False,1,0.610423,False
2026-08-02T02:21:41+00:00,req-12-0180,churn-pipeline-1.2.0,200,97.17,0.997644497662632,False,1,0.573953,False
2026-08-02T09:50:40+00:00,req-12-0181,churn-pipeline-1.2.0,200,84.69,2.605678298428213,False,1,0.840885,False
2026-08-02T12:56:13+00:00,req-12-0182,churn-pipeline-1.2.0,200,181.54,1.9080811632899426,False,1,0.744952,False
2026-08-02T12:32:17+00:00,req-12-0183,churn-pipeline-1.2.0,200,93.84,1.8766212474666026,False,1,0.739838,False
2026-08-02T23:47:31+00:00,req-12-0184,churn-pipeline-1.2.0,200,152.07,0.672010253239864,False,1,0.505302,False
2026-08-02T15:37:39+00:00,req-12-0185,churn-pipeline-1.2.0,200,173.13,2.054077088378422,False,1,0.767806,False
2026-08-02T09:39:32+00:00,req-12-0186,churn-pipeline-1.2.0,200,114.99,-0.04071928250715589,False,0,0.357872,False
2026-08-02T22:05:36+00:00,req-12-0187,churn-pipeline-1.2.0,200,128.01,1.9167090247584229,False,1,0.746343,False
2026-08-02T17:32:27+00:00,req-12-0188,churn-pipeline-1.2.0,200,185.86,0.6034601516847644,False,0,0.490736,False
2026-08-02T19:07:42+00:00,req-12-0189,churn-pipeline-1.2.0,200,104.24,-0.6203930762585526,False,0,0.254011,False
2026-08-02T15:03:38+00:00,req-12-0190,churn-pipeline-1.2.0,200,100.9,1.522898535645618,False,1,0.677971,False
2026-08-02T01:32:46+00:00,req-12-0191,churn-pipeline-1.2.0,200,125.24,2.3674207995451053,False,1,0.811885,False
2026-08-02T23:17:39+00:00,req-12-0192,churn-pipeline-1.2.0,200,203.2,0.47306803511823914,False,0,0.463094,False
2026-08-02T17:06:38+00:00,req-12-0193,churn-pipeline-1.2.0,200,226.04,2.5408998377556338,False,1,0.833379,False
2026-08-02T03:34:55+00:00,req-12-0194,churn-pipeline-1.2.0,200,130.8,-0.8387379600376236,False,0,0.22047,False
2026-08-02T06:02:47+00:00,req-12-0195,churn-pipeline-1.2.0,200,107.49,-0.3566328986151802,False,0,0.298775,False
2026-08-02T08:10:51+00:00,req-12-0196,churn-pipeline-1.2.0,200,189.77,0.7459376561602551,False,1,0.520999,False
2026-08-02T06:07:03+00:00,req-12-0197,churn-pipeline-1.2.0,200,79.13,0.5106979197759213,False,0,0.471056,False
2026-08-02T14:54:05+00:00,req-12-0198,churn-pipeline-1.2.0,200,146.13,0.19950994463781466,False,0,0.406026,False
2026-08-02T13:08:01+00:00,req-12-0199,churn-pipeline-1.2.0,200,133.12,1.0403616047591344,False,1,0.582807,False
2026-08-02T05:05:42+00:00,req-12-0200,churn-pipeline-1.2.0,200,204.24,0.34498001927812766,False,0,0.436159,False
2026-08-02T16:42:40+00:00,req-12-0201,churn-pipeline-1.2.0,200,210.96,0.5230766030071292,False,0,0.473678,False
2026-08-02T06:53:04+00:00,req-12-0202,churn-pipeline-1.2.0,200,99.85,1.1923463238678895,False,1,0.613843,False
2026-08-02T03:49:17+00:00,req-12-0203,churn-pipeline-1.2.0,200,142.44,0.19908627340507035,False,0,0.40594,False
2026-08-02T22:57:33+00:00,req-12-0204,churn-pipeline-1.2.0,200,112.47,0.788680930615078,False,1,0.530058,False
2026-08-02T07:32:53+00:00,req-12-0205,churn-pipeline-1.2.0,200,122.9,0.22218400132243105,False,0,0.410683,False
2026-08-02T05:35:02+00:00,req-12-0206,churn-pipeline-1.2.0,200,164.49,-0.36590143759803123,False,0,0.297127,False
2026-08-02T17:11:12+00:00,req-12-0207,churn-pipeline-1.2.0,200,121.28,1.7018872834073893,False,1,0.710251,False
2026-08-02T18:19:26+00:00,req-12-0208,churn-pipeline-1.2.0,200,143.64,2.693184162884114,False,1,0.850586,False
2026-08-02T03:38:52+00:00,req-12-0209,churn-pipeline-1.2.0,200,183.39,2.0178005948276123,False,1,0.762264,False
2026-08-02T01:20:25+00:00,req-12-0210,churn-pipeline-1.2.0,200,219.23,1.2483018859543824,False,1,0.625054,False
2026-08-02T20:23:34+00:00,req-12-0211,churn-pipeline-1.2.0,200,148.07,,True,0,0.365864,False
2026-08-02T12:05:52+00:00,req-12-0212,churn-pipeline-1.2.0,200,140.18,0.5987353396081223,False,0,0.489733,False
2026-08-02T10:56:42+00:00,req-12-0213,churn-pipeline-1.2.0,200,94.72,2.0098723234906952,False,1,0.76104,False
2026-08-02T10:05:24+00:00,req-12-0214,churn-pipeline-1.2.0,500,224.24,-1.4955611053745854,False,0,0.139287,True
2026-08-02T14:03:49+00:00,req-12-0215,churn-pipeline-1.2.0,200,158.21,0.5185767643864566,False,0,0.472725,False
2026-08-02T16:09:52+00:00,req-12-0216,churn-pipeline-1.2.0,200,141.02,1.67082171573148,False,1,0.704787,False
2026-08-02T01:55:46+00:00,req-12-0217,churn-pipeline-1.2.0,200,138.72,-0.29519440129372876,False,0,0.30983,False
2026-08-02T06:22:14+00:00,req-12-0218,churn-pipeline-1.2.0,200,151.51,1.3445576984578136,False,1,0.644024,False
2026-08-02T22:54:28+00:00,req-12-0219,churn-pipeline-1.2.0,200,172.82,1.2958387343039741,False,1,0.634475,False
2026-08-02T04:00:25+00:00,req-12-0220,churn-pipeline-1.2.0,200,179.8,-0.6270490517756167,False,0,0.25294,False
2026-08-02T21:46:50+00:00,req-12-0221,churn-pipeline-1.2.0,200,226.04,0.9913270156500804,False,1,0.572639,False
2026-08-02T09:37:55+00:00,req-12-0222,churn-pipeline-1.2.0,200,145.9,,True,0,0.365864,False
2026-08-02T04:33:42+00:00,req-12-0223,churn-pipeline-1.2.0,200,236.66,1.3369036096777098,False,1,0.642531,False
2026-08-02T14:16:27+00:00,req-12-0224,churn-pipeline-1.2.0,200,189.38,1.6032781201858268,False,1,0.692703,False
2026-08-02T15:54:52+00:00,req-12-0225,churn-pipeline-1.2.0,200,132.43,1.3188858804618084,False,1,0.639006,False
2026-08-02T08:23:43+00:00,req-12-0226,churn-pipeline-1.2.0,200,79.18,0.9762219404552512,False,1,0.569494,False
2026-08-02T19:02:05+00:00,req-12-0227,churn-pipeline-1.2.0,200,138.75,1.2033148360437012,False,1,0.61605,False
2026-08-02T01:31:55+00:00,req-12-0228,churn-pipeline-1.2.0,200,222.29,-0.3348683433618045,False,0,0.302665,False
2026-08-02T02:55:37+00:00,req-12-0229,churn-pipeline-1.2.0,200,105.34,0.8677106269436153,False,1,0.546752,False
2026-08-02T14:55:04+00:00,req-12-0230,churn-pipeline-1.2.0,200,138.61,0.0636925909418944,False,0,0.378514,False
2026-08-02T13:51:31+00:00,req-12-0231,churn-pipeline-1.2.0,200,142.33,1.9831156911614023,False,1,0.75688,False
2026-08-02T16:46:41+00:00,req-12-0232,churn-pipeline-1.2.0,200,182.5,1.6174000637805124,False,1,0.695252,False
2026-08-02T20:24:39+00:00,req-12-0233,churn-pipeline-1.2.0,200,119.24,1.6144214176258638,False,1,0.694715,False
2026-08-02T22:19:14+00:00,req-12-0234,churn-pipeline-1.2.0,200,102.21,2.699166133552181,False,1,0.851231,False
2026-08-02T12:09:40+00:00,req-12-0235,churn-pipeline-1.2.0,500,162.01,0.5535236619596335,False,0,0.480134,True
2026-08-02T12:01:52+00:00,req-12-0236,churn-pipeline-1.2.0,200,106.42,0.32354228017860753,False,0,0.431683,False
2026-08-02T22:10:15+00:00,req-12-0237,churn-pipeline-1.2.0,200,75.03,0.5287171479296848,False,0,0.474874,False
2026-08-02T23:03:32+00:00,req-12-0238,churn-pipeline-1.2.0,500,243.28,-0.7823482282301141,False,0,0.228818,True
2026-08-02T01:08:50+00:00,req-12-0239,churn-pipeline-1.2.0,200,181.62,,True,0,0.365864,False
2026-08-02T12:08:17+00:00,req-12-0240,churn-pipeline-1.2.0,200,246.65,1.5521581594165172,False,1,0.683377,False
2026-08-02T22:03:39+00:00,req-12-0241,churn-pipeline-1.2.0,200,178.57,-0.5648971374700192,False,0,0.263053,False
2026-08-02T01:13:35+00:00,req-12-0242,churn-pipeline-1.2.0,200,167.84,-0.22865819326056203,False,0,0.322052,False
2026-08-02T23:27:11+00:00,req-12-0243,churn-pipeline-1.2.0,200,151.95,0.7931941290397918,False,1,0.531014,False
2026-08-02T17:58:39+00:00,req-12-0244,churn-pipeline-1.2.0,200,127.2,0.46716101712544983,False,0,0.461846,False
2026-08-02T03:44:33+00:00,req-12-0245,churn-pipeline-1.2.0,200,159.04,1.8299349756858705,False,1,0.732128,False
2026-08-02T15:22:46+00:00,req-12-0246,churn-pipeline-1.2.0,500,113.1,0.9634843702515697,False,1,0.566838,True
2026-08-02T10:20:34+00:00,req-12-0247,churn-pipeline-1.2.0,200,95.88,0.06160788686919046,False,0,0.378097,False
2026-08-02T08:01:31+00:00,req-12-0248,churn-pipeline-1.2.0,200,121.38,1.9202146602302332,False,1,0.746907,False
2026-08-02T14:53:54+00:00,req-12-0249,churn-pipeline-1.2.0,200,204.09,1.6652309540807213,False,1,0.703797,False
2026-08-02T17:38:41+00:00,req-12-0250,churn-pipeline-1.2.0,200,91.0,-0.5815326094525942,False,0,0.260321,False
2026-08-02T21:26:15+00:00,req-12-0251,churn-pipeline-1.2.0,200,91.47,1.1648799768930342,False,1,0.608294,False
2026-08-02T10:01:09+00:00,req-12-0252,churn-pipeline-1.2.0,200,163.12,0.14916937093559426,False,0,0.39575,False
2026-08-02T03:49:43+00:00,req-12-0253,churn-pipeline-1.2.0,200,118.21,0.12149031755982373,False,0,0.390138,False
2026-08-02T20:43:50+00:00,req-12-0254,churn-pipeline-1.2.0,200,157.69,2.8629903943781354,False,1,0.868017,False
2026-08-02T08:01:00+00:00,req-12-0255,churn-pipeline-1.2.0,200,185.31,1.0304849578743773,False,1,0.580764,False
2026-08-02T18:13:25+00:00,req-12-0256,churn-pipeline-1.2.0,200,156.49,0.6715845870603558,False,1,0.505212,False
2026-08-02T19:09:01+00:00,req-12-0257,churn-pipeline-1.2.0,200,110.27,,True,0,0.365864,False
2026-08-02T01:24:10+00:00,req-12-0258,churn-pipeline-1.2.0,200,203.53,1.8179522759707585,False,1,0.730126,False
2026-08-02T09:50:24+00:00,req-12-0259,churn-pipeline-1.2.0,200,171.19,0.1633153002488838,False,0,0.398629,False
2026-08-02T02:02:08+00:00,req-12-0260,churn-pipeline-1.2.0,200,136.16,0.3426075320869481,False,0,0.435663,False
2026-08-02T14:31:07+00:00,req-12-0261,churn-pipeline-1.2.0,200,134.07,1.589505031053644,False,1,0.690205,False
2026-08-02T19:04:41+00:00,req-12-0262,churn-pipeline-1.2.0,200,152.16,-0.6922087550148875,False,0,0.242618,False
2026-08-02T13:26:24+00:00,req-12-0263,churn-pipeline-1.2.0,200,122.17,1.9403104329547558,False,1,0.750122,False
2026-08-02T07:46:20+00:00,req-12-0264,churn-pipeline-1.2.0,200,80.1,-0.7854387215647382,False,0,0.228355,False
2026-08-02T23:21:22+00:00,req-12-0265,churn-pipeline-1.2.0,200,171.63,0.6419448509958203,False,0,0.498913,False
2026-08-02T02:03:14+00:00,req-12-0266,churn-pipeline-1.2.0,200,168.4,-0.7787745168257061,False,0,0.229355,False
2026-08-02T03:23:48+00:00,req-12-0267,churn-pipeline-1.2.0,200,64.65,-0.2090642450310601,False,0,0.325699,False
2026-08-02T08:47:16+00:00,req-12-0268,churn-pipeline-1.2.0,200,158.97,2.262550201535201,False,1,0.797891,False
2026-08-02T22:45:45+00:00,req-12-0269,churn-pipeline-1.2.0,200,236.83,1.9966807675264568,False,1,0.758995,False
2026-08-02T21:27:59+00:00,req-12-0270,churn-pipeline-1.2.0,200,94.11,2.10888841476701,False,1,0.776008,False
2026-08-02T13:32:22+00:00,req-12-0271,churn-pipeline-1.2.0,200,131.87,-0.6214376977153256,False,0,0.253843,False
2026-08-02T22:51:08+00:00,req-12-0272,churn-pipeline-1.2.0,200,127.36,-0.20360896611174628,False,0,0.326718,False
2026-08-02T21:41:58+00:00,req-12-0273,churn-pipeline-1.2.0,200,229.66,,True,0,0.365864,False
2026-08-02T14:05:14+00:00,req-12-0274,churn-pipeline-1.2.0,200,193.25,1.6510833646883156,False,1,0.701284,False
2026-08-02T02:49:50+00:00,req-12-0275,churn-pipeline-1.2.0,200,101.92,0.060510630646444,False,0,0.377878,False
2026-08-02T21:35:21+00:00,req-12-0276,churn-pipeline-1.2.0,200,150.62,0.292132548328882,False,0,0.425145,False
2026-08-02T15:23:45+00:00,req-12-0277,churn-pipeline-1.2.0,200,282.06,-0.2879150283615672,False,0,0.311154,False
2026-08-02T03:23:18+00:00,req-12-0278,churn-pipeline-1.2.0,200,110.54,2.641157555110618,False,1,0.844878,False
2026-08-02T20:09:45+00:00,req-12-0279,churn-pipeline-1.2.0,200,134.52,0.40129641099380753,False,0,0.447965,False
2026-08-02T09:34:15+00:00,req-12-0280,churn-pipeline-1.2.0,200,159.11,0.9328569187934032,False,1,0.560435,False
2026-08-02T18:53:06+00:00,req-12-0281,churn-pipeline-1.2.0,200,111.06,0.9878268323337587,False,1,0.571911,False
2026-08-02T06:16:49+00:00,req-12-0282,churn-pipeline-1.2.0,200,237.34,2.0609014761475,False,1,0.768839,False
2026-08-02T00:14:18+00:00,req-12-0283,churn-pipeline-1.2.0,200,116.05,-0.10008989286402956,False,0,0.34636,False
2026-08-02T10:53:31+00:00,req-12-0284,churn-pipeline-1.2.0,200,86.56,2.1266738759374615,False,1,0.778625,False
2026-08-02T10:51:10+00:00,req-12-0285,churn-pipeline-1.2.0,200,114.12,-0.44265675140277594,False,0,0.283684,False
2026-08-02T20:43:39+00:00,req-12-0286,churn-pipeline-1.2.0,200,166.37,2.12400627066661,False,1,0.778234,False
2026-08-02T02:46:05+00:00,req-12-0287,churn-pipeline-1.2.0,200,104.57,-0.9010645643599842,False,0,0.2115,False
2026-08-02T21:54:48+00:00,req-12-0288,churn-pipeline-1.2.0,200,148.71,0.7902165655384902,False,1,0.530384,False
2026-08-02T03:40:04+00:00,req-12-0289,churn-pipeline-1.2.0,500,161.63,2.6067090827880386,False,1,0.841002,True
2026-08-02T22:25:39+00:00,req-12-0290,churn-pipeline-1.2.0,200,91.69,1.6321189136579377,False,1,0.697896,False
2026-08-02T16:57:03+00:00,req-12-0291,churn-pipeline-1.2.0,200,112.72,1.3423044030733113,False,1,0.643585,False
2026-08-02T08:38:20+00:00,req-12-0292,churn-pipeline-1.2.0,200,150.95,-0.20083589870538113,False,0,0.327237,False
2026-08-02T22:57:28+00:00,req-12-0293,churn-pipeline-1.2.0,200,169.03,0.12845869362322465,False,0,0.391548,False
2026-08-02T08:37:09+00:00,req-12-0294,churn-pipeline-1.2.0,200,113.62,2.3116156120827167,False,1,0.804533,False
2026-08-02T15:13:06+00:00,req-12-0295,churn-pipeline-1.2.0,200,141.72,1.39595646581983,False,1,0.653976,False
2026-08-02T00:23:18+00:00,req-12-0296,churn-pipeline-1.2.0,200,123.27,1.8347617093505924,False,1,0.732932,False
2026-08-02T02:27:25+00:00,req-12-0297,churn-pipeline-1.2.0,200,170.41,0.977483503104778,False,1,0.569757,False
2026-08-02T08:28:50+00:00,req-12-0298,churn-pipeline-1.2.0,200,159.41,0.6041819417858403,False,0,0.49089,False
2026-08-02T05:51:21+00:00,req-12-0299,churn-pipeline-1.2.0,200,119.79,1.7049947119992033,False,1,0.710794,False
2026-08-02T05:27:29+00:00,req-12-0300,churn-pipeline-1.2.0,200,157.33,1.1723206861787683,False,1,0.6098,False
2026-08-02T09:05:34+00:00,req-12-0301,churn-pipeline-1.2.0,200,118.3,0.7215419988575543,False,1,0.515822,False
2026-08-02T14:36:24+00:00,req-12-0302,churn-pipeline-1.2.0,200,156.28,-0.5847074093684714,False,0,0.259801,False
2026-08-02T03:00:30+00:00,req-12-0303,churn-pipeline-1.2.0,200,156.98,1.9016037121855547,False,1,0.743905,False
2026-08-02T18:02:58+00:00,req-12-0304,churn-pipeline-1.2.0,200,288.3,1.3620276272213532,False,1,0.647421,False
2026-08-02T20:21:04+00:00,req-12-0305,churn-pipeline-1.2.0,200,121.23,0.2634248483947543,False,0,0.419193,False
2026-08-02T20:03:25+00:00,req-12-0306,churn-pipeline-1.2.0,200,129.03,2.1382153708344536,False,1,0.780312,False
2026-08-02T04:40:05+00:00,req-12-0307,churn-pipeline-1.2.0,200,109.75,1.1560031240199558,False,1,0.606495,False
2026-08-02T21:07:55+00:00,req-12-0308,churn-pipeline-1.2.0,200,97.01,1.1765687810498309,False,1,0.610659,False
2026-08-02T03:06:33+00:00,req-12-0309,churn-pipeline-1.2.0,500,116.65,,True,0,0.365864,True
2026-08-02T02:34:02+00:00,req-12-0310,churn-pipeline-1.2.0,200,167.02,1.602141951320564,False,1,0.692497,False
2026-08-02T17:24:59+00:00,req-12-0311,churn-pipeline-1.2.0,500,170.93,1.2083582030873872,False,1,0.617064,True
2026-08-02T18:14:59+00:00,req-12-0312,churn-pipeline-1.2.0,200,148.4,0.7019856937777532,False,1,0.51167,False
2026-08-02T03:02:38+00:00,req-12-0313,churn-pipeline-1.2.0,200,122.81,2.9828473619462557,False,1,0.879258,False
2026-08-02T09:58:33+00:00,req-12-0314,churn-pipeline-1.2.0,200,115.28,0.12950913809278505,False,0,0.391761,False
2026-08-02T09:50:51+00:00,req-12-0315,churn-pipeline-1.2.0,200,100.67,1.683270430943784,False,1,0.706984,False
2026-08-02T17:20:39+00:00,req-12-0316,churn-pipeline-1.2.0,200,112.96,0.8119478753090568,False,1,0.534982,False
2026-08-02T12:22:19+00:00,req-12-0317,churn-pipeline-1.2.0,200,89.2,1.3774493088363298,False,1,0.650408,False
2026-08-02T14:25:05+00:00,req-12-0318,churn-pipeline-1.2.0,200,208.47,2.1950944842887865,False,1,0.788487,False
2026-08-02T01:55:31+00:00,req-12-0319,churn-pipeline-1.2.0,200,243.02,0.5728426516827686,False,0,0.484234,False
2026-08-02T23:26:44+00:00,req-12-0320,churn-pipeline-1.2.0,200,72.66,1.5319281592403475,False,1,0.679645,False
2026-08-02T13:20:20+00:00,req-12-0321,churn-pipeline-1.2.0,200,148.09,1.1788351445352614,False,1,0.611117,False
2026-08-02T16:02:48+00:00,req-12-0322,churn-pipeline-1.2.0,200,147.31,0.22663343100776684,False,0,0.411598,False
2026-08-02T11:31:26+00:00,req-12-0323,churn-pipeline-1.2.0,200,144.33,2.2210039486551683,False,1,0.792137,False
2026-08-02T05:54:39+00:00,req-12-0324,churn-pipeline-1.2.0,200,111.68,1.6467471854575852,False,1,0.700512,False
2026-08-02T16:02:31+00:00,req-12-0325,churn-pipeline-1.2.0,200,187.26,0.4437225719127481,False,0,0.456898,False
2026-08-02T06:55:18+00:00,req-12-0326,churn-pipeline-1.2.0,200,153.95,2.058773466099984,False,1,0.768517,False
2026-08-02T05:15:34+00:00,req-12-0327,churn-pipeline-1.2.0,200,187.95,0.027009367423315476,False,0,0.371207,False
2026-08-02T13:15:27+00:00,req-12-0328,churn-pipeline-1.2.0,200,106.62,,True,0,0.365864,False
2026-08-02T08:33:32+00:00,req-12-0329,churn-pipeline-1.2.0,200,86.72,0.4493149737160787,False,0,0.458078,False
2026-08-02T21:27:56+00:00,req-12-0330,churn-pipeline-1.2.0,200,155.16,1.6888775884709906,False,1,0.70797,False
2026-08-02T15:49:54+00:00,req-12-0331,churn-pipeline-1.2.0,200,99.2,,True,0,0.365864,False
2026-08-02T08:57:44+00:00,req-12-0332,churn-pipeline-1.2.0,200,189.19,1.6964072728090962,False,1,0.709292,False
2026-08-02T00:51:15+00:00,req-12-0333,churn-pipeline-1.2.0,200,68.36,1.5241831497184866,False,1,0.67821,False
2026-08-02T08:11:06+00:00,req-12-0334,churn-pipeline-1.2.0,200,116.2,0.5059883952161688,False,0,0.470058,False
2026-08-02T02:46:44+00:00,req-12-0335,churn-pipeline-1.2.0,200,110.85,2.821203471029118,False,1,0.863895,False
2026-08-02T05:15:38+00:00,req-12-0336,churn-pipeline-1.2.0,200,121.38,0.1175036177903614,False,0,0.389332,False
2026-08-02T06:48:18+00:00,req-12-0337,churn-pipeline-1.2.0,200,146.76,-0.5794647903595989,False,0,0.260659,False
2026-08-02T15:39:37+00:00,req-12-0338,churn-pipeline-1.2.0,200,153.25,1.7989040935021237,False,1,0.726923,False
2026-08-02T02:33:09+00:00,req-12-0339,churn-pipeline-1.2.0,200,165.67,-1.3568783378268325,False,0,0.154029,False
2026-08-02T03:53:17+00:00,req-12-0340,churn-pipeline-1.2.0,200,171.89,,True,0,0.365864,False
2026-08-02T00:56:53+00:00,req-12-0341,churn-pipeline-1.2.0,200,127.79,1.006841570352685,False,1,0.575864,False
2026-08-02T22:00:33+00:00,req-12-0342,churn-pipeline-1.2.0,200,265.09,,True,0,0.365864,False
2026-08-02T23:41:49+00:00,req-12-0343,churn-pipeline-1.2.0,200,210.43,-0.09588772760124005,False,0,0.347169,False
2026-08-02T07:09:20+00:00,req-12-0344,churn-pipeline-1.2.0,200,122.17,-0.8157931092907642,False,0,0.223841,False
2026-08-02T10:56:17+00:00,req-12-0345,churn-pipeline-1.2.0,200,129.21,1.3020271003387198,False,1,0.635694,False
2026-08-02T07:13:41+00:00,req-12-0346,churn-pipeline-1.2.0,200,121.35,-0.493259879541871,False,0,0.275026,False
2026-08-02T12:48:30+00:00,req-12-0347,churn-pipeline-1.2.0,200,151.64,1.4271934822307457,False,1,0.65996,False
2026-08-02T13:13:41+00:00,req-12-0348,churn-pipeline-1.2.0,200,98.91,0.5799346409737469,False,0,0.48574,False
2026-08-02T06:07:03+00:00,req-12-0349,churn-pipeline-1.2.0,200,104.86,0.40086765277730113,False,0,0.447874,False
2026-08-02T15:28:39+00:00,req-12-0350,churn-pipeline-1.2.0,200,67.47,1.434813265204673,False,1,0.661412,False
2026-08-02T00:11:04+00:00,req-12-0351,churn-pipeline-1.2.0,200,118.83,1.5546868961094964,False,1,0.683842,False
2026-08-02T15:27:55+00:00,req-12-0352,churn-pipeline-1.2.0,200,189.81,2.103093015647728,False,1,0.775151,False
2026-08-02T18:01:02+00:00,req-12-0353,churn-pipeline-1.2.0,200,128.59,0.23453274695785042,False,0,0.413225,False
2026-08-02T01:16:13+00:00,req-12-0354,churn-pipeline-1.2.0,200,130.91,0.8687000642060231,False,1,0.54696,False
2026-08-02T17:22:12+00:00,req-12-0355,churn-pipeline-1.2.0,200,147.57,0.23290651084201885,False,0,0.41289,False
2026-08-02T17:42:00+00:00,req-12-0356,churn-pipeline-1.2.0,200,97.96,,True,0,0.365864,False
2026-08-02T23:20:27+00:00,req-12-0357,churn-pipeline-1.2.0,200,136.1,0.08279583046636188,False,0,0.382341,False
2026-08-02T19:20:52+00:00,req-12-0358,churn-pipeline-1.2.0,200,179.5,0.4546984329744564,False,0,0.459214,False
2026-08-02T00:30:23+00:00,req-12-0359,churn-pipeline-1.2.0,200,148.91,0.46004946474038444,False,0,0.460344,False
2026-08-02T01:57:42+00:00,req-12-0360,churn-pipeline-1.2.0,200,184.62,1.2080289912285715,False,1,0.616998,False
2026-08-02T03:17:18+00:00,req-12-0361,churn-pipeline-1.2.0,200,202.31,0.9031027155963072,False,1,0.554196,False
2026-08-02T13:57:40+00:00,req-12-0362,churn-pipeline-1.2.0,200,166.88,1.4316166860571564,False,1,0.660803,False
2026-08-02T17:05:28+00:00,req-12-0363,churn-pipeline-1.2.0,200,107.45,0.7876535887467857,False,1,0.529841,False
2026-08-02T15:47:34+00:00,req-12-0364,churn-pipeline-1.2.0,200,120.92,0.2912596998500593,False,0,0.424964,False
2026-08-02T07:55:18+00:00,req-12-0365,churn-pipeline-1.2.0,200,250.47,1.1008470421203467,False,1,0.595252,False
2026-08-02T04:49:13+00:00,req-12-0366,churn-pipeline-1.2.0,200,149.28,-0.06304314056037966,False,0,0.353524,False
2026-08-02T01:31:49+00:00,req-12-0367,churn-pipeline-1.2.0,200,143.05,1.497615706568321,False,1,0.673261,False
2026-08-02T08:58:34+00:00,req-12-0368,churn-pipeline-1.2.0,200,102.52,0.6002615526369165,False,0,0.490057,False
2026-08-02T07:13:22+00:00,req-12-0369,churn-pipeline-1.2.0,200,131.11,1.114745380184512,False,1,0.598095,False
2026-08-02T07:17:19+00:00,req-12-0370,churn-pipeline-1.2.0,200,169.78,,True,0,0.365864,False
2026-08-02T02:06:18+00:00,req-12-0371,churn-pipeline-1.2.0,200,135.64,2.5816227586048166,False,1,0.83813,False
2026-08-02T06:59:20+00:00,req-12-0372,churn-pipeline-1.2.0,200,114.33,,True,0,0.365864,False
2026-08-02T20:06:09+00:00,req-12-0373,churn-pipeline-1.2.0,200,123.14,0.9768799007232606,False,1,0.569632,False
2026-08-02T05:46:48+00:00,req-12-0374,churn-pipeline-1.2.0,200,197.68,0.17301063914652212,False,0,0.400606,False
2026-08-02T21:02:47+00:00,req-12-0375,churn-pipeline-1.2.0,200,167.16,1.7425044126770297,False,1,0.717304,False
2026-08-02T02:04:31+00:00,req-12-0376,churn-pipeline-1.2.0,500,160.16,0.6162842035668522,False,0,0.493461,True
2026-08-02T15:17:07+00:00,req-12-0377,churn-pipeline-1.2.0,200,155.46,-0.7017541532227726,False,0,0.241131,False
2026-08-02T02:35:18+00:00,req-12-0378,churn-pipeline-1.2.0,200,92.45,0.6951573666256028,False,1,0.51022,False
2026-08-02T09:15:15+00:00,req-12-0379,churn-pipeline-1.2.0,200,147.29,1.1010642840866245,False,1,0.595296,False
2026-08-02T22:53:24+00:00,req-12-0380,churn-pipeline-1.2.0,200,190.0,,True,0,0.365864,False
2026-08-02T18:27:03+00:00,req-12-0381,churn-pipeline-1.2.0,200,124.19,0.7759106796347789,False,1,0.527354,False
2026-08-02T12:19:37+00:00,req-12-0382,churn-pipeline-1.2.0,500,184.57,0.8249430215184426,False,1,0.537729,True
2026-08-02T15:09:29+00:00,req-12-0383,churn-pipeline-1.2.0,200,160.73,0.8412967110103897,False,1,0.541182,False
2026-08-02T15:50:56+00:00,req-12-0384,churn-pipeline-1.2.0,200,175.94,2.1963739632012276,False,1,0.788668,False
2026-08-02T19:00:27+00:00,req-12-0385,churn-pipeline-1.2.0,200,137.22,-0.4771357542439472,False,0,0.277767,False
2026-08-02T14:13:46+00:00,req-12-0386,churn-pipeline-1.2.0,200,179.29,3.035492582144842,False,1,0.883928,False
2026-08-02T12:15:42+00:00,req-12-0387,churn-pipeline-1.2.0,200,84.49,0.8655229137992315,False,1,0.546291,False
2026-08-02T01:49:03+00:00,req-12-0388,churn-pipeline-1.2.0,200,136.44,1.5092217956500853,False,1,0.675428,False
2026-08-02T23:00:00+00:00,req-12-0389,churn-pipeline-1.2.0,200,169.6,,True,0,0.365864,False
2026-08-02T13:35:14+00:00,req-12-0390,churn-pipeline-1.2.0,200,148.43,-0.9123247503534504,False,0,0.209909,False
2026-08-02T06:57:38+00:00,req-12-0391,churn-pipeline-1.2.0,200,191.69,-0.20940653773516943,False,0,0.325635,False
2026-08-02T03:14:11+00:00,req-12-0392,churn-pipeline-1.2.0,200,128.38,0.3495103263803212,False,0,0.437106,False
2026-08-02T14:30:01+00:00,req-12-0393,churn-pipeline-1.2.0,500,113.31,1.9434058090228132,False,1,0.750615,True
2026-08-02T18:46:44+00:00,req-12-0394,churn-pipeline-1.2.0,200,79.9,-0.5535371925372,False,0,0.264929,False
2026-08-02T19:23:35+00:00,req-12-0395,churn-pipeline-1.2.0,200,123.71,0.001475701606863162,False,0,0.366155,False
2026-08-02T21:15:41+00:00,req-12-0396,churn-pipeline-1.2.0,500,159.28,1.0730933822921689,False,1,0.589556,True
2026-08-02T21:27:10+00:00,req-12-0397,churn-pipeline-1.2.0,200,172.22,1.396499270172083,False,1,0.654081,False
2026-08-02T14:57:08+00:00,req-12-0398,churn-pipeline-1.2.0,200,86.27,1.364856920673076,False,1,0.64797,False
2026-08-02T22:43:19+00:00,req-12-0399,churn-pipeline-1.2.0,200,196.64,-0.13320536940990138,False,0,0.340016,False
2026-08-03T09:28:48+00:00,req-13-0000,churn-pipeline-1.2.0,200,108.51,2.351481373073588,False,1,0.809807,False
2026-08-03T04:22:41+00:00,req-13-0001,churn-pipeline-1.2.0,200,142.98,1.4724723725469049,False,1,0.668543,False
2026-08-03T12:42:02+00:00,req-13-0002,churn-pipeline-1.2.0,200,78.53,0.6848525229618596,False,1,0.50803,False
2026-08-03T10:13:23+00:00,req-13-0003,churn-pipeline-1.2.0,200,144.43,2.3398280116970556,False,1,0.808277,False
2026-08-03T15:49:36+00:00,req-13-0004,churn-pipeline-1.2.0,200,216.04,-0.1662663695441373,False,0,0.333738,False
2026-08-03T23:43:20+00:00,req-13-0005,churn-pipeline-1.2.0,200,96.74,0.30624230448808754,False,0,0.428079,False
2026-08-03T15:35:58+00:00,req-13-0006,churn-pipeline-1.2.0,200,176.75,1.4906989535241293,False,1,0.671967,False
2026-08-03T16:50:51+00:00,req-13-0007,churn-pipeline-1.2.0,200,214.09,,True,0,0.365864,False
2026-08-03T06:17:46+00:00,req-13-0008,churn-pipeline-1.2.0,200,108.26,1.2387529794132237,False,1,0.62315,False
2026-08-03T02:55:37+00:00,req-13-0009,churn-pipeline-1.2.0,200,156.76,0.7664480617353774,False,1,0.525348,False
2026-08-03T02:04:42+00:00,req-13-0010,churn-pipeline-1.2.0,500,223.8,0.6359837286599769,False,0,0.497647,True
2026-08-03T07:12:15+00:00,req-13-0011,churn-pipeline-1.2.0,200,145.33,2.0879709722741575,False,1,0.772903,False
2026-08-03T13:19:06+00:00,req-13-0012,churn-pipeline-1.2.0,200,173.65,1.1524143820130517,False,1,0.605767,False
2026-08-03T01:27:01+00:00,req-13-0013,churn-pipeline-1.2.0,200,76.52,-0.01585071102073644,False,0,0.362744,False
2026-08-03T06:18:46+00:00,req-13-0014,churn-pipeline-1.2.0,200,163.43,-0.07639748135484639,False,0,0.350934,False
2026-08-03T15:09:02+00:00,req-13-0015,churn-pipeline-1.2.0,200,159.3,2.4891343782236253,False,1,0.827179,False
2026-08-03T20:57:47+00:00,req-13-0016,churn-pipeline-1.2.0,200,88.31,0.1453003074117992,False,0,0.394964,False
2026-08-03T23:44:57+00:00,req-13-0017,churn-pipeline-1.2.0,200,99.16,1.1863676204390539,False,1,0.612638,False
2026-08-03T05:39:54+00:00,req-13-0018,churn-pipeline-1.2.0,200,163.79,,True,0,0.365864,False
2026-08-03T02:27:01+00:00,req-13-0019,churn-pipeline-1.2.0,200,122.54,1.4692126553184672,False,1,0.667928,False
2026-08-03T13:44:55+00:00,req-13-0020,churn-pipeline-1.2.0,200,192.69,0.10447547194641173,False,0,0.386702,False
2026-08-03T22:30:56+00:00,req-13-0021,churn-pipeline-1.2.0,200,149.11,-0.16647879994290102,False,0,0.333698,False
2026-08-03T10:04:56+00:00,req-13-0022,churn-pipeline-1.2.0,200,137.46,2.8633828964886785,False,1,0.868056,False
2026-08-03T21:42:01+00:00,req-13-0023,churn-pipeline-1.2.0,200,127.83,-0.19322282153278694,False,0,0.328663,False
2026-08-03T17:49:46+00:00,req-13-0024,churn-pipeline-1.2.0,200,148.25,0.3190673044036982,False,0,0.43075,False
2026-08-03T21:34:13+00:00,req-13-0025,churn-pipeline-1.2.0,200,174.55,1.2911288205487577,False,1,0.633546,False
2026-08-03T22:49:04+00:00,req-13-0026,churn-pipeline-1.2.0,500,160.15,0.6701776284696899,False,1,0.504913,True
2026-08-03T02:34:36+00:00,req-13-0027,churn-pipeline-1.2.0,200,117.91,1.502495465140402,False,1,0.674173,False
2026-08-03T09:52:39+00:00,req-13-0028,churn-pipeline-1.2.0,200,200.72,-0.6411607316957539,False,0,0.25068,False
2026-08-03T01:11:54+00:00,req-13-0029,churn-pipeline-1.2.0,200,166.62,0.6790806468982812,False,1,0.506804,False
2026-08-03T01:03:52+00:00,req-13-0030,churn-pipeline-1.2.0,200,152.71,1.6115731847096795,False,1,0.694202,False
2026-08-03T11:24:15+00:00,req-13-0031,churn-pipeline-1.2.0,200,139.02,1.6151267308681718,False,1,0.694843,False
2026-08-03T15:52:27+00:00,req-13-0032,churn-pipeline-1.2.0,200,158.43,0.29892405988077203,False,0,0.426557,False
2026-08-03T21:15:53+00:00,req-13-0033,churn-pipeline-1.2.0,200,75.12,-0.17279554682772524,False,0,0.332505,False
2026-08-03T03:06:01+00:00,req-13-0034,churn-pipeline-1.2.0,200,145.84,1.1243987627898175,False,1,0.600066,False
2026-08-03T00:47:53+00:00,req-13-0035,churn-pipeline-1.2.0,200,228.18,-0.47808577790524764,False,0,0.277605,False
2026-08-03T02:30:28+00:00,req-13-0036,churn-pipeline-1.2.0,200,144.85,2.248484125762103,False,1,0.795957,False
2026-08-03T22:14:32+00:00,req-13-0037,churn-pipeline-1.2.0,200,138.65,1.06527920245301,False,1,0.587948,False
2026-08-03T15:52:38+00:00,req-13-0038,churn-pipeline-1.2.0,200,111.56,0.1683478449669343,False,0,0.399655,False
2026-08-03T11:33:05+00:00,req-13-0039,churn-pipeline-1.2.0,200,158.06,,True,0,0.365864,False
2026-08-03T02:28:02+00:00,req-13-0040,churn-pipeline-1.2.0,200,126.83,0.23529050091800838,False,0,0.413382,False
2026-08-03T08:53:59+00:00,req-13-0041,churn-pipeline-1.2.0,200,205.25,-0.7400276210616292,False,0,0.235228,False
2026-08-03T03:05:26+00:00,req-13-0042,churn-pipeline-1.2.0,200,102.4,1.4195180237152305,False,1,0.658494,False
2026-08-03T00:43:20+00:00,req-13-0043,churn-pipeline-1.2.0,200,116.81,0.05701107949835954,False,0,0.377179,False
2026-08-03T10:32:16+00:00,req-13-0044,churn-pipeline-1.2.0,200,111.39,1.319655349843866,False,1,0.639157,False
2026-08-03T12:03:48+00:00,req-13-0045,churn-pipeline-1.2.0,200,242.82,1.4644230033354928,False,1,0.667025,False
2026-08-03T10:51:20+00:00,req-13-0046,churn-pipeline-1.2.0,500,127.05,1.9142970934769579,False,1,0.745955,True
2026-08-03T20:54:58+00:00,req-13-0047,churn-pipeline-1.2.0,200,113.28,1.164439976844633,False,1,0.608205,False
2026-08-03T21:55:44+00:00,req-13-0048,churn-pipeline-1.2.0,200,69.15,2.081496089721684,False,1,0.771935,False
2026-08-03T02:55:09+00:00,req-13-0049,churn-pipeline-1.2.0,200,100.85,2.3554159564767514,False,1,0.810322,False
2026-08-03T06:37:37+00:00,req-13-0050,churn-pipeline-1.2.0,200,159.84,1.171125929014486,False,1,0.609559,False
2026-08-03T12:01:25+00:00,req-13-0051,churn-pipeline-1.2.0,200,159.64,1.2344529036365577,False,1,0.622291,False
2026-08-03T09:37:20+00:00,req-13-0052,churn-pipeline-1.2.0,200,109.61,0.3146525111040421,False,0,0.42983,False
2026-08-03T10:27:38+00:00,req-13-0053,churn-pipeline-1.2.0,200,111.57,-0.1370059355869612,False,0,0.339291,False
2026-08-03T16:58:49+00:00,req-13-0054,churn-pipeline-1.2.0,200,244.8,2.2461782347766617,False,1,0.795638,False
2026-08-03T04:19:08+00:00,req-13-0055,churn-pipeline-1.2.0,200,319.93,1.536030898061675,False,1,0.680403,False
2026-08-03T19:50:54+00:00,req-13-0056,churn-pipeline-1.2.0,200,195.04,1.6211705090614796,False,1,0.695931,False
2026-08-03T06:21:17+00:00,req-13-0057,churn-pipeline-1.2.0,200,222.35,0.2797549128962349,False,0,0.422576,False
2026-08-03T08:22:43+00:00,req-13-0058,churn-pipeline-1.2.0,200,237.97,2.6051175787928544,False,1,0.840821,False
2026-08-03T05:19:15+00:00,req-13-0059,churn-pipeline-1.2.0,200,274.22,0.6599553792700679,False,1,0.50274,False
2026-08-03T15:08:45+00:00,req-13-0060,churn-pipeline-1.2.0,200,122.57,0.05806725154039383,False,0,0.37739,False
2026-08-03T16:41:39+00:00,req-13-0061,churn-pipeline-1.2.0,500,101.92,0.297642168543667,False,0,0.42629,True
2026-08-03T14:58:49+00:00,req-13-0062,churn-pipeline-1.2.0,200,242.74,2.5497511975552016,False,1,0.834421,False
2026-08-03T11:50:45+00:00,req-13-0063,churn-pipeline-1.2.0,200,99.16,-0.26660000731028455,False,0,0.315051,False
2026-08-03T07:16:37+00:00,req-13-0064,churn-pipeline-1.2.0,200,97.14,0.11132136444103066,False,0,0.388083,False
2026-08-03T16:30:18+00:00,req-13-0065,churn-pipeline-1.2.0,200,97.85,3.943434784527766,False,1,0.942779,False
2026-08-03T02:50:48+00:00,req-13-0066,churn-pipeline-1.2.0,200,129.44,1.8880896231411177,False,1,0.74171,False
2026-08-03T07:29:08+00:00,req-13-0067,churn-pipeline-1.2.0,200,71.54,0.1302913623035265,False,0,0.391919,False
2026-08-03T16:22:49+00:00,req-13-0068,churn-pipeline-1.2.0,200,85.34,-0.23551972661273238,False,0,0.32078,False
2026-08-03T16:36:46+00:00,req-13-0069,churn-pipeline-1.2.0,200,110.62,-0.8563320530154555,False,0,0.217911,False
2026-08-03T06:26:01+00:00,req-13-0070,churn-pipeline-1.2.0,200,92.07,1.0019698535326211,False,1,0.574852,False
2026-08-03T08:11:22+00:00,req-13-0071,churn-pipeline-1.2.0,200,189.66,1.6644213721782537,False,1,0.703654,False
2026-08-03T07:38:19+00:00,req-13-0072,churn-pipeline-1.2.0,200,135.29,2.4947381203960144,False,1,0.827859,False
2026-08-03T21:16:59+00:00,req-13-0073,churn-pipeline-1.2.0,200,162.38,-1.0886827602216091,False,0,0.186126,False
2026-08-03T13:44:11+00:00,req-13-0074,churn-pipeline-1.2.0,200,156.79,-0.4916505777014062,False,0,0.275299,False
2026-08-03T02:50:49+00:00,req-13-0075,churn-pipeline-1.2.0,200,126.36,0.7744718935547825,False,1,0.527049,False
2026-08-03T03:51:33+00:00,req-13-0076,churn-pipeline-1.2.0,200,185.21,3.827053558652023,False,1,0.937203,False
2026-08-03T01:39:36+00:00,req-13-0077,churn-pipeline-1.2.0,200,156.02,1.8301976275173797,False,1,0.732172,False
2026-08-03T05:47:45+00:00,req-13-0078,churn-pipeline-1.2.0,200,121.92,1.2914397624428298,False,1,0.633607,False
2026-08-03T05:20:09+00:00,req-13-0079,churn-pipeline-1.2.0,200,78.76,-0.38616977005288067,False,0,0.293542,False
2026-08-03T10:42:21+00:00,req-13-0080,churn-pipeline-1.2.0,500,159.47,-1.3259845640536712,False,0,0.157482,True
2026-08-03T17:56:08+00:00,req-13-0081,churn-pipeline-1.2.0,200,90.17,0.940792169870044,False,1,0.562096,False
2026-08-03T21:05:00+00:00,req-13-0082,churn-pipeline-1.2.0,200,152.47,0.7956620363869867,False,1,0.531536,False
2026-08-03T13:24:17+00:00,req-13-0083,churn-pipeline-1.2.0,200,138.45,0.618802103421166,False,0,0.493996,False
2026-08-03T18:32:02+00:00,req-13-0084,churn-pipeline-1.2.0,200,87.35,0.5005446489680705,False,0,0.468906,False
2026-08-03T15:43:11+00:00,req-13-0085,churn-pipeline-1.2.0,500,146.64,0.1142282785382117,False,0,0.38867,True
2026-08-03T07:37:20+00:00,req-13-0086,churn-pipeline-1.2.0,200,143.52,-0.1265242333871932,False,0,0.341291,False
2026-08-03T14:41:15+00:00,req-13-0087,churn-pipeline-1.2.0,200,143.69,2.3589831881395726,False,1,0.810788,False
2026-08-03T07:14:58+00:00,req-13-0088,churn-pipeline-1.2.0,500,141.5,-0.0308547113411411,False,0,0.359801,True
2026-08-03T07:24:40+00:00,req-13-0089,churn-pipeline-1.2.0,200,109.56,0.6100445382932218,False,0,0.492135,False
2026-08-03T23:41:46+00:00,req-13-0090,churn-pipeline-1.2.0,200,163.14,0.8589679889980248,False,1,0.544909,False
2026-08-03T21:51:22+00:00,req-13-0091,churn-pipeline-1.2.0,200,108.33,1.641594351782859,False,1,0.699592,False
2026-08-03T15:40:52+00:00,req-13-0092,churn-pipeline-1.2.0,200,95.72,,True,0,0.365864,False
2026-08-03T14:13:59+00:00,req-13-0093,churn-pipeline-1.2.0,200,167.53,1.926971422575287,False,1,0.747991,False
2026-08-03T16:27:10+00:00,req-13-0094,churn-pipeline-1.2.0,200,182.17,0.2913503203690577,False,0,0.424983,False
2026-08-03T18:04:17+00:00,req-13-0095,churn-pipeline-1.2.0,200,163.9,0.7300079722807638,False,1,0.517619,False
2026-08-03T01:19:22+00:00,req-13-0096,churn-pipeline-1.2.0,200,126.34,2.625253514942811,False,1,0.843098,False
2026-08-03T08:36:13+00:00,req-13-0097,churn-pipeline-1.2.0,200,72.58,-0.11768909875360195,False,0,0.342981,False
2026-08-03T02:31:09+00:00,req-13-0098,churn-pipeline-1.2.0,500,216.9,1.656949948062709,False,1,0.702328,True
2026-08-03T12:42:00+00:00,req-13-0099,churn-pipeline-1.2.0,200,72.21,,True,0,0.365864,False
2026-08-03T07:04:00+00:00,req-13-0100,churn-pipeline-1.2.0,200,162.85,1.2253926923523406,False,1,0.620479,False
2026-08-03T07:55:22+00:00,req-13-0101,churn-pipeline-1.2.0,200,265.22,0.7765926367055678,False,1,0.527498,False
2026-08-03T20:12:29+00:00,req-13-0102,churn-pipeline-1.2.0,200,141.61,3.131989236836276,False,1,0.892082,False
2026-08-03T04:53:51+00:00,req-13-0103,churn-pipeline-1.2.0,200,148.19,0.8854623358596757,False,1,0.550488,False
2026-08-03T21:51:21+00:00,req-13-0104,churn-pipeline-1.2.0,200,152.42,1.1142813750344427,False,1,0.598,False
2026-08-03T10:06:02+00:00,req-13-0105,churn-pipeline-1.2.0,200,143.84,0.5466468874285951,False,0,0.478675,False
2026-08-03T04:35:04+00:00,req-13-0106,churn-pipeline-1.2.0,200,286.42,1.0586359502487068,False,1,0.586579,False
2026-08-03T03:26:19+00:00,req-13-0107,churn-pipeline-1.2.0,200,103.08,1.912323877641777,False,1,0.745637,False
2026-08-03T17:08:26+00:00,req-13-0108,churn-pipeline-1.2.0,200,99.02,0.6109293920432639,False,0,0.492323,False
2026-08-03T21:39:46+00:00,req-13-0109,churn-pipeline-1.2.0,200,121.57,-1.3139569843269108,False,0,0.158843,False
2026-08-03T20:58:45+00:00,req-13-0110,churn-pipeline-1.2.0,200,235.65,1.4392486919576617,False,1,0.662255,False
2026-08-03T04:05:12+00:00,req-13-0111,churn-pipeline-1.2.0,200,112.24,-0.23225116316425432,False,0,0.321385,False
2026-08-03T21:05:37+00:00,req-13-0112,churn-pipeline-1.2.0,200,154.93,,True,0,0.365864,False
2026-08-03T05:24:44+00:00,req-13-0113,churn-pipeline-1.2.0,200,190.19,0.8986090316869613,False,1,0.553252,False
2026-08-03T11:00:40+00:00,req-13-0114,churn-pipeline-1.2.0,200,173.22,1.8902645584770916,False,1,0.742064,False
2026-08-03T00:07:59+00:00,req-13-0115,churn-pipeline-1.2.0,200,186.99,-0.0957609563130719,False,0,0.347194,False
2026-08-03T06:12:38+00:00,req-13-0116,churn-pipeline-1.2.0,500,212.52,0.33801773597395685,False,0,0.434704,True
2026-08-03T07:40:40+00:00,req-13-0117,churn-pipeline-1.2.0,200,148.99,0.5429621727069815,False,0,0.477894,False
2026-08-03T22:57:02+00:00,req-13-0118,churn-pipeline-1.2.0,200,116.63,-0.65639631274795,False,0,0.248256,False
2026-08-03T06:40:46+00:00,req-13-0119,churn-pipeline-1.2.0,200,141.51,2.0669912191511473,False,1,0.769758,False
2026-08-03T06:38:16+00:00,req-13-0120,churn-pipeline-1.2.0,200,121.12,-0.806694061916898,False,0,0.225187,False
2026-08-03T06:33:39+00:00,req-13-0121,churn-pipeline-1.2.0,200,302.53,2.0521792988770855,False,1,0.767519,False
2026-08-03T06:03:52+00:00,req-13-0122,churn-pipeline-1.2.0,200,113.84,1.3456184026073403,False,1,0.644231,False
2026-08-03T12:57:32+00:00,req-13-0123,churn-pipeline-1.2.0,200,157.57,,True,0,0.365864,False
2026-08-03T04:56:11+00:00,req-13-0124,churn-pipeline-1.2.0,200,83.51,,True,0,0.365864,False
2026-08-03T06:58:21+00:00,req-13-0125,churn-pipeline-1.2.0,200,140.86,1.2336199527468392,False,1,0.622125,False
2026-08-03T12:46:51+00:00,req-13-0126,churn-pipeline-1.2.0,200,123.15,0.4795506928430782,False,0,0.464465,False
2026-08-03T18:09:13+00:00,req-13-0127,churn-pipeline-1.2.0,200,167.59,1.2130573050777929,False,1,0.618007,False
2026-08-03T02:34:20+00:00,req-13-0128,churn-pipeline-1.2.0,200,168.99,1.6677424949428576,False,1,0.704242,False
2026-08-03T08:21:54+00:00,req-13-0129,churn-pipeline-1.2.0,200,212.45,,True,0,0.365864,False
2026-08-03T13:41:47+00:00,req-13-0130,churn-pipeline-1.2.0,200,207.12,1.2635046999565547,False,1,0.628078,False
2026-08-03T22:00:08+00:00,req-13-0131,churn-pipeline-1.2.0,200,132.17,,True,0,0.365864,False
2026-08-03T22:38:54+00:00,req-13-0132,churn-pipeline-1.2.0,200,99.79,-1.1260798948950645,False,0,0.181359,False
2026-08-03T20:55:57+00:00,req-13-0133,churn-pipeline-1.2.0,200,103.61,1.492752984134252,False,1,0.672352,False
2026-08-03T12:07:09+00:00,req-13-0134,churn-pipeline-1.2.0,200,148.73,0.46127930656358934,False,0,0.460604,False
2026-08-03T02:21:21+00:00,req-13-0135,churn-pipeline-1.2.0,200,141.99,,True,0,0.365864,False
2026-08-03T23:10:06+00:00,req-13-0136,churn-pipeline-1.2.0,200,146.62,0.8443232527652054,False,1,0.541821,False
2026-08-03T14:55:06+00:00,req-13-0137,churn-pipeline-1.2.0,200,113.75,0.4842507623820632,False,0,0.465458,False
2026-08-03T21:44:12+00:00,req-13-0138,churn-pipeline-1.2.0,200,213.83,-0.13803818770362974,False,0,0.339094,False
2026-08-03T22:05:44+00:00,req-13-0139,churn-pipeline-1.2.0,200,84.27,-0.8210014625299678,False,0,0.223072,False
2026-08-03T19:00:54+00:00,req-13-0140,churn-pipeline-1.2.0,200,111.76,-1.166565344270244,False,0,0.176306,False
2026-08-03T10:05:07+00:00,req-13-0141,churn-pipeline-1.2.0,500,95.64,1.675732004522848,False,1,0.705655,True
2026-08-03T14:35:36+00:00,req-13-0142,churn-pipeline-1.2.0,200,126.27,0.4563754698988157,False,0,0.459568,False
2026-08-03T16:35:09+00:00,req-13-0143,churn-pipeline-1.2.0,200,201.18,1.9180267796316641,False,1,0.746555,False
2026-08-03T21:08:10+00:00,req-13-0144,churn-pipeline-1.2.0,200,123.12,0.44571732716678564,False,0,0.457319,False
2026-08-03T05:25:41+00:00,req-13-0145,churn-pipeline-1.2.0,200,139.46,1.2727184501285442,False,1,0.629905,False
2026-08-03T13:19:10+00:00,req-13-0146,churn-pipeline-1.2.0,200,166.97,,True,0,0.365864,False
2026-08-03T14:18:03+00:00,req-13-0147,churn-pipeline-1.2.0,200,121.26,0.9466690653020513,False,1,0.563325,False
2026-08-03T04:58:22+00:00,req-13-0148,churn-pipeline-1.2.0,200,152.58,0.9976886511415208,False,1,0.573962,False
2026-08-03T09:38:44+00:00,req-13-0149,churn-pipeline-1.2.0,200,146.28,0.4320079053269475,False,0,0.454429,False
2026-08-03T22:12:15+00:00,req-13-0150,churn-pipeline-1.2.0,200,94.01,-0.39110258852344126,False,0,0.292673,False
2026-08-03T00:23:09+00:00,req-13-0151,churn-pipeline-1.2.0,200,116.36,1.7044383328523887,False,1,0.710697,False
2026-08-03T12:03:09+00:00,req-13-0152,churn-pipeline-1.2.0,200,151.22,2.5732241318016587,False,1,0.837159,False
2026-08-03T14:37:24+00:00,req-13-0153,churn-pipeline-1.2.0,200,203.48,2.642176180472725,False,1,0.844992,False
2026-08-03T21:47:09+00:00,req-13-0154,churn-pipeline-1.2.0,200,203.42,0.3190665933786227,False,0,0.43075,False
2026-08-03T06:48:06+00:00,req-13-0155,churn-pipeline-1.2.0,200,263.97,0.13017070413079473,False,0,0.391895,False
2026-08-03T09:26:07+00:00,req-13-0156,churn-pipeline-1.2.0,200,157.69,0.3180034297729062,False,0,0.430528,False
2026-08-03T01:55:47+00:00,req-13-0157,churn-pipeline-1.2.0,200,118.28,0.7153707277490189,False,1,0.514512,False
2026-08-03T08:03:26+00:00,req-13-0158,churn-pipeline-1.2.0,200,132.27,0.8449159876673796,False,1,0.541946,False
2026-08-03T23:56:06+00:00,req-13-0159,churn-pipeline-1.2.0,200,130.17,-0.14782488117016937,False,0,0.337233,False
2026-08-03T18:23:01+00:00,req-13-0160,churn-pipeline-1.2.0,200,118.48,-0.653722638872675,False,0,0.24868,False
2026-08-03T10:16:52+00:00,req-13-0161,churn-pipeline-1.2.0,200,152.6,0.9524394218327675,False,1,0.564531,False
2026-08-03T15:13:36+00:00,req-13-0162,churn-pipeline-1.2.0,200,154.89,,True,0,0.365864,False
2026-08-03T23:08:56+00:00,req-13-0163,churn-pipeline-1.2.0,200,92.73,0.7943103397184,False,1,0.53125,False
2026-08-03T10:33:12+00:00,req-13-0164,churn-pipeline-1.2.0,200,191.23,-0.09198498883161847,False,0,0.347922,False
2026-08-03T07:04:17+00:00,req-13-0165,churn-pipeline-1.2.0,200,75.0,1.7191622529434838,False,1,0.713264,False
2026-08-03T21:05:10+00:00,req-13-0166,churn-pipeline-1.2.0,500,125.72,2.0000166209604036,False,1,0.759513,True
2026-08-03T20:24:42+00:00,req-13-0167,churn-pipeline-1.2.0,500,195.01,2.0248080482603306,False,1,0.763341,True
2026-08-03T12:23:52+00:00,req-13-0168,churn-pipeline-1.2.0,200,163.96,0.5362307746448305,False,0,0.476466,False
2026-08-03T00:16:59+00:00,req-13-0169,churn-pipeline-1.2.0,200,120.43,,True,0,0.365864,False
2026-08-03T00:18:25+00:00,req-13-0170,churn-pipeline-1.2.0,200,253.48,0.044678067290050465,False,0,0.374719,False
2026-08-03T02:49:18+00:00,req-13-0171,churn-pipeline-1.2.0,200,117.27,1.2019912173404699,False,1,0.615784,False
2026-08-03T16:38:12+00:00,req-13-0172,churn-pipeline-1.2.0,200,71.14,-0.82815769879325,False,0,0.22202,False
2026-08-03T04:12:46+00:00,req-13-0173,churn-pipeline-1.2.0,200,156.05,2.3632269639372385,False,1,0.81134,False
2026-08-03T01:30:56+00:00,req-13-0174,churn-pipeline-1.2.0,200,76.41,0.5528384666127999,False,0,0.479989,False
2026-08-03T16:21:51+00:00,req-13-0175,churn-pipeline-1.2.0,200,103.46,1.4251823560650814,False,1,0.659576,False
2026-08-03T11:32:47+00:00,req-13-0176,churn-pipeline-1.2.0,200,164.77,-0.9704974194236828,False,0,0.201826,False
2026-08-03T12:43:58+00:00,req-13-0177,churn-pipeline-1.2.0,200,116.49,-0.07228112704626703,False,0,0.351731,False
2026-08-03T04:36:35+00:00,req-13-0178,churn-pipeline-1.2.0,500,162.56,-1.1009631029391984,False,0,0.18455,True
2026-08-03T05:09:12+00:00,req-13-0179,churn-pipeline-1.2.0,200,93.19,1.9722489684912097,False,1,0.755176,False
2026-08-03T05:48:27+00:00,req-13-0180,churn-pipeline-1.2.0,200,177.68,0.7317850231312294,False,1,0.517997,False
2026-08-03T15:27:25+00:00,req-13-0181,churn-pipeline-1.2.0,200,78.58,1.4998702011080478,False,1,0.673683,False
2026-08-03T23:30:56+00:00,req-13-0182,churn-pipeline-1.2.0,200,205.87,0.9665843664465795,False,1,0.567485,False
2026-08-03T21:58:44+00:00,req-13-0183,churn-pipeline-1.2.0,200,115.95,1.3918988066079783,False,1,0.653195,False
2026-08-03T02:43:24+00:00,req-13-0184,churn-pipeline-1.2.0,200,220.36,0.545686046571047,False,0,0.478472,False
2026-08-03T16:18:37+00:00,req-13-0185,churn-pipeline-1.2.0,200,103.16,0.6862771310523983,False,1,0.508333,False
2026-08-03T18:11:05+00:00,req-13-0186,churn-pipeline-1.2.0,200,249.93,0.8036809602502957,False,1,0.533233,False
2026-08-03T00:58:26+00:00,req-13-0187,churn-pipeline-1.2.0,200,99.37,1.3259132376735896,False,1,0.640383,False
2026-08-03T15:17:55+00:00,req-13-0188,churn-pipeline-1.2.0,200,76.04,1.3537243422789291,False,1,0.645809,False
2026-08-03T10:40:03+00:00,req-13-0189,churn-pipeline-1.2.0,200,136.87,3.852008728207711,False,1,0.93844,False
2026-08-03T04:40:51+00:00,req-13-0190,churn-pipeline-1.2.0,200,200.37,2.665682233748587,False,1,0.847591,False
2026-08-03T18:57:05+00:00,req-13-0191,churn-pipeline-1.2.0,200,173.87,-0.9676967251841189,False,0,0.202209,False
2026-08-03T22:26:53+00:00,req-13-0192,churn-pipeline-1.2.0,200,195.86,,True,0,0.365864,False
2026-08-03T14:21:31+00:00,req-13-0193,churn-pipeline-1.2.0,200,174.97,0.47380936772122806,False,0,0.463251,False
2026-08-03T04:50:02+00:00,req-13-0194,churn-pipeline-1.2.0,200,103.83,2.2441370048505,False,1,0.795356,False
2026-08-03T10:17:37+00:00,req-13-0195,churn-pipeline-1.2.0,200,172.52,0.5684646392687233,False,0,0.483305,False
2026-08-03T12:22:26+00:00,req-13-0196,churn-pipeline-1.2.0,200,139.07,,True,0,0.365864,False
2026-08-03T21:39:17+00:00,req-13-0197,churn-pipeline-1.2.0,200,107.57,-1.5539147117941254,False,0,0.133446,False
2026-08-03T18:58:21+00:00,req-13-0198,churn-pipeline-1.2.0,200,142.97,,True,0,0.365864,False
2026-08-03T16:05:47+00:00,req-13-0199,churn-pipeline-1.2.0,500,132.59,3.0969078380575836,False,1,0.889178,True
2026-08-03T18:19:32+00:00,req-13-0200,churn-pipeline-1.2.0,200,212.38,0.9527566181186594,False,1,0.564598,False
2026-08-03T16:39:30+00:00,req-13-0201,churn-pipeline-1.2.0,200,114.49,-0.1483830246424697,False,0,0.337127,False
2026-08-03T07:40:22+00:00,req-13-0202,churn-pipeline-1.2.0,200,112.79,1.1550144147836656,False,1,0.606294,False
2026-08-03T03:12:10+00:00,req-13-0203,churn-pipeline-1.2.0,200,107.95,-0.20571190112514076,False,0,0.326325,False
2026-08-03T20:08:33+00:00,req-13-0204,churn-pipeline-1.2.0,200,247.71,0.6024577810095327,False,0,0.490523,False
2026-08-03T13:17:33+00:00,req-13-0205,churn-pipeline-1.2.0,200,109.9,-0.6252488362062156,False,0,0.25323,False
2026-08-03T23:05:25+00:00,req-13-0206,churn-pipeline-1.2.0,200,204.44,0.07184272131689794,False,0,0.380145,False
2026-08-03T16:20:40+00:00,req-13-0207,churn-pipeline-1.2.0,200,97.05,0.4628464760684416,False,0,0.460935,False
2026-08-03T11:22:35+00:00,req-13-0208,churn-pipeline-1.2.0,200,158.76,2.076734280053547,False,1,0.771222,False
2026-08-03T15:31:20+00:00,req-13-0209,churn-pipeline-1.2.0,200,146.83,1.3872483080673177,False,1,0.652299,False
2026-08-03T15:39:20+00:00,req-13-0210,churn-pipeline-1.2.0,200,200.33,1.5704502377391982,False,1,0.686731,False
2026-08-03T23:33:23+00:00,req-13-0211,churn-pipeline-1.2.0,200,191.25,0.8729366160678209,False,1,0.547852,False
2026-08-03T08:44:54+00:00,req-13-0212,churn-pipeline-1.2.0,200,138.58,1.7639915532880648,False,1,0.720993,False
2026-08-03T09:07:34+00:00,req-13-0213,churn-pipeline-1.2.0,200,113.68,-0.017195232810402812,False,0,0.36248,False
2026-08-03T08:29:52+00:00,req-13-0214,churn-pipeline-1.2.0,200,227.07,0.1306587577692449,False,0,0.391994,False
2026-08-03T02:35:21+00:00,req-13-0215,churn-pipeline-1.2.0,200,110.11,1.3279706250297236,False,1,0.640785,False
2026-08-03T11:16:23+00:00,req-13-0216,churn-pipeline-1.2.0,200,65.34,0.6068952404714647,False,0,0.491466,False
2026-08-03T10:41:17+00:00,req-13-0217,churn-pipeline-1.2.0,200,74.48,0.885461859219028,False,1,0.550488,False
2026-08-03T04:43:52+00:00,req-13-0218,churn-pipeline-1.2.0,500,80.52,0.7276579581896749,False,1,0.517121,True
2026-08-03T19:33:52+00:00,req-13-0219,churn-pipeline-1.2.0,200,163.35,2.2161229352895515,False,1,0.791453,False
2026-08-03T16:32:44+00:00,req-13-0220,churn-pipeline-1.2.0,200,274.21,2.2708305793128165,False,1,0.799024,False
2026-08-03T05:47:47+00:00,req-13-0221,churn-pipeline-1.2.0,500,70.28,0.2425259514080651,False,0,0.414874,True
2026-08-03T03:58:25+00:00,req-13-0222,churn-pipeline-1.2.0,200,105.09,-0.9478628142352682,False,0,0.204943,False
2026-08-03T14:49:59+00:00,req-13-0223,churn-pipeline-1.2.0,200,138.9,0.15292825406797722,False,0,0.396514,False
2026-08-03T00:07:27+00:00,req-13-0224,churn-pipeline-1.2.0,200,221.37,-0.041808153896355886,False,0,0.35766,False
2026-08-03T03:37:30+00:00,req-13-0225,churn-pipeline-1.2.0,200,104.91,1.7733357578390276,False,1,0.722588,False
2026-08-03T10:32:50+00:00,req-13-0226,churn-pipeline-1.2.0,200,163.09,1.8665223506131812,False,1,0.738183,False
2026-08-03T23:46:27+00:00,req-13-0227,churn-pipeline-1.2.0,200,124.62,-0.18262789218987707,False,0,0.330653,False
2026-08-03T01:50:02+00:00,req-13-0228,churn-pipeline-1.2.0,200,310.93,0.10777000351740854,False,0,0.387367,False
2026-08-03T12:41:18+00:00,req-13-0229,churn-pipeline-1.2.0,200,141.39,-0.6529616416178603,False,0,0.248801,False
2026-08-03T13:29:54+00:00,req-13-0230,churn-pipeline-1.2.0,200,151.27,1.0410974496988978,False,1,0.582959,False
2026-08-03T06:02:38+00:00,req-13-0231,churn-pipeline-1.2.0,200,138.69,0.85283775121172,False,1,0.543617,False
2026-08-03T12:29:19+00:00,req-13-0232,churn-pipeline-1.2.0,200,118.22,1.728577908310874,False,1,0.714898,False
2026-08-03T15:13:15+00:00,req-13-0233,churn-pipeline-1.2.0,200,182.95,1.421987859287404,False,1,0.658966,False
2026-08-03T03:17:39+00:00,req-13-0234,churn-pipeline-1.2.0,200,93.17,,True,0,0.365864,False
2026-08-03T22:54:00+00:00,req-13-0235,churn-pipeline-1.2.0,200,71.14,-0.7191021417750249,False,0,0.238443,False
2026-08-03T05:54:14+00:00,req-13-0236,churn-pipeline-1.2.0,200,128.67,0.24235766157812963,False,0,0.414839,False
2026-08-03T08:50:58+00:00,req-13-0237,churn-pipeline-1.2.0,200,175.26,1.8963421699803638,False,1,0.743052,False
2026-08-03T00:35:12+00:00,req-13-0238,churn-pipeline-1.2.0,200,112.1,0.33449507561422326,False,0,0.433968,False
2026-08-03T14:14:39+00:00,req-13-0239,churn-pipeline-1.2.0,200,143.3,-0.8089441681924944,False,0,0.224854,False
2026-08-03T14:15:17+00:00,req-13-0240,churn-pipeline-1.2.0,200,91.35,1.7483890588652395,False,1,0.718317,False
2026-08-03T02:47:15+00:00,req-13-0241,churn-pipeline-1.2.0,500,189.68,0.2938717552348728,False,0,0.425506,True
2026-08-03T07:01:43+00:00,req-13-0242,churn-pipeline-1.2.0,200,166.32,,True,0,0.365864,False
2026-08-03T18:24:04+00:00,req-13-0243,churn-pipeline-1.2.0,200,135.85,0.8806645431176731,False,1,0.549479,False
2026-08-03T17:06:41+00:00,req-13-0244,churn-pipeline-1.2.0,200,142.49,0.6089195849538686,False,0,0.491896,False
2026-08-03T07:22:30+00:00,req-13-0245,churn-pipeline-1.2.0,200,86.43,2.3313504356795356,False,1,0.807158,False
2026-08-03T15:06:56+00:00,req-13-0246,churn-pipeline-1.2.0,200,87.67,-0.4677884000940291,False,0,0.279364,False
2026-08-03T17:55:43+00:00,req-13-0247,churn-pipeline-1.2.0,500,129.83,2.405932238612644,False,1,0.816834,True
2026-08-03T08:57:57+00:00,req-13-0248,churn-pipeline-1.2.0,200,159.12,0.22867620467678115,False,0,0.412019,False
2026-08-03T04:13:04+00:00,req-13-0249,churn-pipeline-1.2.0,200,161.72,1.0704883533318106,False,1,0.58902,False
2026-08-03T00:31:16+00:00,req-13-0250,churn-pipeline-1.2.0,200,120.2,1.0804112051968595,False,1,0.59106,False
2026-08-03T22:54:50+00:00,req-13-0251,churn-pipeline-1.2.0,200,171.37,0.45152418525937965,False,0,0.458544,False
2026-08-03T07:41:02+00:00,req-13-0252,churn-pipeline-1.2.0,200,212.71,0.0997816754192126,False,0,0.385756,False
2026-08-03T19:20:51+00:00,req-13-0253,churn-pipeline-1.2.0,200,131.22,0.5116867015866037,False,0,0.471265,False
2026-08-03T07:47:48+00:00,req-13-0254,churn-pipeline-1.2.0,200,149.06,-0.16529081798243922,False,0,0.333922,False
2026-08-03T17:05:36+00:00,req-13-0255,churn-pipeline-1.2.0,200,126.31,2.9600586750954316,False,1,0.877186,False
2026-08-03T07:59:05+00:00,req-13-0256,churn-pipeline-1.2.0,200,129.65,,True,0,0.365864,False
2026-08-03T14:34:36+00:00,req-13-0257,churn-pipeline-1.2.0,200,142.53,,True,0,0.365864,False
2026-08-03T22:52:57+00:00,req-13-0258,churn-pipeline-1.2.0,200,232.83,1.97853160650513,False,1,0.756162,False
2026-08-03T18:05:22+00:00,req-13-0259,churn-pipeline-1.2.0,200,180.94,1.281076225904706,False,1,0.63156,False
2026-08-03T03:56:57+00:00,req-13-0260,churn-pipeline-1.2.0,200,175.8,0.757537014230405,False,1,0.523459,False
2026-08-03T12:34:06+00:00,req-13-0261,churn-pipeline-1.2.0,200,116.75,,True,0,0.365864,False
2026-08-03T06:28:53+00:00,req-13-0262,churn-pipeline-1.2.0,200,101.28,1.5007782556168743,False,1,0.673853,False
2026-08-03T05:15:52+00:00,req-13-0263,churn-pipeline-1.2.0,200,152.92,1.0054918836263762,False,1,0.575583,False
2026-08-03T19:58:39+00:00,req-13-0264,churn-pipeline-1.2.0,200,200.99,-0.7450864401758165,False,0,0.234455,False
2026-08-03T23:34:56+00:00,req-13-0265,churn-pipeline-1.2.0,200,234.34,,True,0,0.365864,False
2026-08-03T22:12:13+00:00,req-13-0266,churn-pipeline-1.2.0,200,61.59,2.484437635002361,False,1,0.826607,False
2026-08-03T20:08:14+00:00,req-13-0267,churn-pipeline-1.2.0,200,295.34,-1.8664495983762437,False,0,0.105601,False
2026-08-03T11:14:19+00:00,req-13-0268,churn-pipeline-1.2.0,200,154.27,1.1054694113081942,False,1,0.596198,False
2026-08-03T12:37:41+00:00,req-13-0269,churn-pipeline-1.2.0,200,180.57,0.6532730847819122,False,1,0.501321,False
2026-08-03T12:57:40+00:00,req-13-0270,churn-pipeline-1.2.0,500,77.36,1.0688412031468044,False,1,0.588681,True
2026-08-03T17:40:09+00:00,req-13-0271,churn-pipeline-1.2.0,200,125.14,-0.2969650782957394,False,0,0.309508,False
2026-08-03T01:16:06+00:00,req-13-0272,churn-pipeline-1.2.0,200,175.67,1.2682113623308293,False,1,0.629012,False
2026-08-03T19:50:36+00:00,req-13-0273,churn-pipeline-1.2.0,200,92.7,1.1163172558838268,False,1,0.598416,False
2026-08-03T19:23:34+00:00,req-13-0274,churn-pipeline-1.2.0,200,53.57,3.7990623346437427,False,1,0.935788,False
2026-08-03T23:53:00+00:00,req-13-0275,churn-pipeline-1.2.0,200,150.3,1.0364790488432136,False,1,0.582004,False
2026-08-03T14:16:10+00:00,req-13-0276,churn-pipeline-1.2.0,200,132.87,2.315646862169546,False,1,0.805072,False
2026-08-03T10:58:29+00:00,req-13-0277,churn-pipeline-1.2.0,200,214.11,-0.673619959220445,False,0,0.245534,False
2026-08-03T11:29:46+00:00,req-13-0278,churn-pipeline-1.2.0,200,128.27,1.9711000839476494,False,1,0.754995,False
2026-08-03T14:53:04+00:00,req-13-0279,churn-pipeline-1.2.0,200,131.31,1.137586968104688,False,1,0.602753,False
2026-08-03T07:15:42+00:00,req-13-0280,churn-pipeline-1.2.0,200,168.77,1.1832256182294894,False,1,0.612004,False
2026-08-03T18:38:44+00:00,req-13-0281,churn-pipeline-1.2.0,200,187.92,1.1977469706333985,False,1,0.61493,False
2026-08-03T10:39:01+00:00,req-13-0282,churn-pipeline-1.2.0,200,107.61,2.6916550798751206,False,1,0.850421,False
2026-08-03T06:45:44+00:00,req-13-0283,churn-pipeline-1.2.0,200,182.64,1.167859689008701,False,1,0.608898,False
2026-08-03T17:38:50+00:00,req-13-0284,churn-pipeline-1.2.0,200,114.24,,True,0,0.365864,False
2026-08-03T08:04:59+00:00,req-13-0285,churn-pipeline-1.2.0,200,135.72,0.25326505876498195,False,0,0.417091,False
2026-08-03T01:56:18+00:00,req-13-0286,churn-pipeline-1.2.0,200,167.32,1.7579838685579414,False,1,0.719965,False
2026-08-03T12:31:47+00:00,req-13-0287,churn-pipeline-1.2.0,200,176.92,1.3698282311311356,False,1,0.648933,False
2026-08-03T12:09:48+00:00,req-13-0288,churn-pipeline-1.2.0,200,149.48,-0.7069973451283695,False,0,0.240316,False
2026-08-03T06:59:42+00:00,req-13-0289,churn-pipeline-1.2.0,200,95.54,1.4403739150522705,False,1,0.662469,False
2026-08-03T00:49:52+00:00,req-13-0290,churn-pipeline-1.2.0,200,74.2,-0.23645947464702372,False,0,0.320606,False
2026-08-03T11:25:02+00:00,req-13-0291,churn-pipeline-1.2.0,200,127.12,1.3601709207522967,False,1,0.647061,False
2026-08-03T18:32:02+00:00,req-13-0292,churn-pipeline-1.2.0,200,184.21,0.05416825955547981,False,0,0.376611,False
2026-08-03T19:14:08+00:00,req-13-0293,churn-pipeline-1.2.0,200,155.89,0.6044441785918865,False,0,0.490945,False
2026-08-03T05:03:51+00:00,req-13-0294,churn-pipeline-1.2.0,200,145.87,,True,0,0.365864,False
2026-08-03T10:19:42+00:00,req-13-0295,churn-pipeline-1.2.0,200,134.7,2.494858632397153,False,1,0.827873,False
2026-08-03T21:40:52+00:00,req-13-0296,churn-pipeline-1.2.0,200,149.04,1.3219401378255216,False,1,0.639605,False
2026-08-03T08:16:07+00:00,req-13-0297,churn-pipeline-1.2.0,200,98.22,2.224168652422697,False,1,0.792579,False
2026-08-03T11:25:34+00:00,req-13-0298,churn-pipeline-1.2.0,200,173.29,3.9399731916360263,False,1,0.942621,False
2026-08-03T16:18:36+00:00,req-13-0299,churn-pipeline-1.2.0,200,176.99,0.9491456090264373,False,1,0.563843,False
2026-08-03T10:58:27+00:00,req-13-0300,churn-pipeline-1.2.0,200,120.49,2.4770896956162844,False,1,0.82571,False
2026-08-03T20:11:31+00:00,req-13-0301,churn-pipeline-1.2.0,200,155.26,0.16557155112756333,False,0,0.399089,False
2026-08-03T08:38:54+00:00,req-13-0302,churn-pipeline-1.2.0,200,77.94,2.2176220154258464,False,1,0.791663,False
2026-08-03T11:48:43+00:00,req-13-0303,churn-pipeline-1.2.0,200,143.01,0.052115710199309405,False,0,0.376202,False
2026-08-03T12:23:33+00:00,req-13-0304,churn-pipeline-1.2.0,200,129.37,0.8806641118833987,False,1,0.549479,False
2026-08-03T17:51:50+00:00,req-13-0305,churn-pipeline-1.2.0,200,201.99,1.463721539676845,False,1,0.666892,False
2026-08-03T08:06:45+00:00,req-13-0306,churn-pipeline-1.2.0,200,126.69,1.6289427915601409,False,1,0.697327,False
2026-08-03T06:36:29+00:00,req-13-0307,churn-pipeline-1.2.0,200,178.26,-0.43617922423239225,False,0,0.284805,False
2026-08-03T08:38:17+00:00,req-13-0308,churn-pipeline-1.2.0,200,119.12,-0.010373020050683806,False,0,0.363821,False
2026-08-03T05:34:45+00:00,req-13-0309,churn-pipeline-1.2.0,200,64.96,1.5420225827094405,False,1,0.68151,False
2026-08-03T04:41:40+00:00,req-13-0310,churn-pipeline-1.2.0,200,125.6,0.513897608626245,False,0,0.471733,False
2026-08-03T19:39:42+00:00,req-13-0311,churn-pipeline-1.2.0,200,143.77,-0.5672159343044478,False,0,0.262671,False
2026-08-03T08:17:06+00:00,req-13-0312,churn-pipeline-1.2.0,200,141.68,0.8254744287672413,False,1,0.537841,False
2026-08-03T06:28:49+00:00,req-13-0313,churn-pipeline-1.2.0,200,142.36,0.7750799185700402,False,1,0.527178,False
2026-08-03T19:28:52+00:00,req-13-0314,churn-pipeline-1.2.0,200,114.8,1.0857607303743482,False,1,0.592159,False
2026-08-03T18:55:25+00:00,req-13-0315,churn-pipeline-1.2.0,500,121.71,1.4557033869946645,False,1,0.665377,True
2026-08-03T05:53:47+00:00,req-13-0316,churn-pipeline-1.2.0,200,94.15,1.3889339270375218,False,1,0.652624,False
2026-08-03T07:18:59+00:00,req-13-0317,churn-pipeline-1.2.0,500,71.26,0.09341825076597716,False,0,0.384476,True
2026-08-03T19:42:37+00:00,req-13-0318,churn-pipeline-1.2.0,200,130.48,0.46863010785153447,False,0,0.462156,False
2026-08-03T06:40:10+00:00,req-13-0319,churn-pipeline-1.2.0,200,106.36,1.8741781279522185,False,1,0.739438,False
2026-08-03T20:40:17+00:00,req-13-0320,churn-pipeline-1.2.0,200,190.72,0.32965588960480013,False,0,0.432958,False
2026-08-03T14:49:27+00:00,req-13-0321,churn-pipeline-1.2.0,200,67.16,0.4851533384079854,False,0,0.465649,False
2026-08-03T15:59:31+00:00,req-13-0322,churn-pipeline-1.2.0,200,148.18,-0.6794825342689879,False,0,0.244612,False
2026-08-03T12:48:54+00:00,req-13-0323,churn-pipeline-1.2.0,200,266.17,0.8698855063937024,False,1,0.54721,False
2026-08-03T00:44:11+00:00,req-13-0324,churn-pipeline-1.2.0,200,127.33,1.2625339879985817,False,1,0.627885,False
2026-08-03T19:47:19+00:00,req-13-0325,churn-pipeline-1.2.0,200,134.88,-1.1742678793692896,False,0,0.175357,False
2026-08-03T13:27:53+00:00,req-13-0326,churn-pipeline-1.2.0,200,154.73,-0.22376290067276708,False,0,0.322961,False
2026-08-03T04:08:54+00:00,req-13-0327,churn-pipeline-1.2.0,200,158.65,-0.5928141222680464,False,0,0.258478,False
2026-08-03T19:59:44+00:00,req-13-0328,churn-pipeline-1.2.0,200,118.46,1.72776984888543,False,1,0.714758,False
2026-08-03T07:02:36+00:00,req-13-0329,churn-pipeline-1.2.0,200,97.77,-1.1079688371190521,False,0,0.183656,False
2026-08-03T08:46:43+00:00,req-13-0330,churn-pipeline-1.2.0,200,166.36,0.8173811730316808,False,1,0.53613,False
2026-08-03T15:20:20+00:00,req-13-0331,churn-pipeline-1.2.0,200,73.31,1.6537552626928267,False,1,0.70176,False
2026-08-03T06:47:15+00:00,req-13-0332,churn-pipeline-1.2.0,200,176.19,1.097212731575319,False,1,0.594507,False
2026-08-03T00:09:18+00:00,req-13-0333,churn-pipeline-1.2.0,200,119.09,0.43804340338910064,False,0,0.455701,False
2026-08-03T07:42:46+00:00,req-13-0334,churn-pipeline-1.2.0,200,135.13,1.263791806114454,False,1,0.628135,False
2026-08-03T16:23:44+00:00,req-13-0335,churn-pipeline-1.2.0,200,114.1,1.9888219655226964,False,1,0.757771,False
2026-08-03T10:09:13+00:00,req-13-0336,churn-pipeline-1.2.0,200,213.4,0.7870078089181015,False,1,0.529704,False
2026-08-03T17:05:50+00:00,req-13-0337,churn-pipeline-1.2.0,200,146.2,-1.450884094580667,False,0,0.143902,False
2026-08-03T01:41:02+00:00,req-13-0338,churn-pipeline-1.2.0,200,121.79,2.1051194317529403,False,1,0.775451,False
2026-08-03T06:10:47+00:00,req-13-0339,churn-pipeline-1.2.0,200,120.7,1.320277887813325,False,1,0.639279,False
2026-08-03T05:42:15+00:00,req-13-0340,churn-pipeline-1.2.0,200,128.75,0.8652698167404498,False,1,0.546237,False
2026-08-03T01:32:16+00:00,req-13-0341,churn-pipeline-1.2.0,200,290.7,-1.1793904406477864,False,0,0.174728,False
2026-08-03T15:31:35+00:00,req-13-0342,churn-pipeline-1.2.0,500,88.57,0.586775966674599,False,0,0.487193,True
2026-08-03T05:02:48+00:00,req-13-0343,churn-pipeline-1.2.0,200,190.91,-0.019251091559551774,False,0,0.362076,False
2026-08-03T11:20:22+00:00,req-13-0344,churn-pipeline-1.2.0,200,161.91,-0.37709322611269663,False,0,0.295144,False
2026-08-03T23:46:16+00:00,req-13-0345,churn-pipeline-1.2.0,200,220.97,0.7567280977647709,False,1,0.523288,False
2026-08-03T05:56:10+00:00,req-13-0346,churn-pipeline-1.2.0,200,165.1,0.3372347702274825,False,0,0.43454,False
2026-08-03T04:40:24+00:00,req-13-0347,churn-pipeline-1.2.0,200,135.15,0.40639625722278583,False,0,0.449037,False
2026-08-03T22:20:27+00:00,req-13-0348,churn-pipeline-1.2.0,200,187.11,1.676607684925909,False,1,0.705809,False
2026-08-03T08:34:39+00:00,req-13-0349,churn-pipeline-1.2.0,200,145.3,1.1683507471253163,False,1,0.608997,False
2026-08-03T07:05:34+00:00,req-13-0350,churn-pipeline-1.2.0,200,171.89,0.379709435727731,False,0,0.443431,False
2026-08-03T17:16:15+00:00,req-13-0351,churn-pipeline-1.2.0,200,213.22,0.2464997181077204,False,0,0.415694,False
2026-08-03T03:06:13+00:00,req-13-0352,churn-pipeline-1.2.0,200,139.06,0.42239850101736487,False,0,0.452404,False
2026-08-03T09:04:37+00:00,req-13-0353,churn-pipeline-1.2.0,200,117.86,0.6401835583939424,False,0,0.498539,False
2026-08-03T04:47:03+00:00,req-13-0354,churn-pipeline-1.2.0,200,109.87,1.5132526935946378,False,1,0.676179,False
2026-08-03T21:24:09+00:00,req-13-0355,churn-pipeline-1.2.0,200,155.94,-0.19468813610782376,False,0,0.328388,False
2026-08-03T07:07:04+00:00,req-13-0356,churn-pipeline-1.2.0,200,101.93,2.43136117838088,False,1,0.820046,False
2026-08-03T13:36:15+00:00,req-13-0357,churn-pipeline-1.2.0,200,120.7,1.5140105906840202,False,1,0.67632,False
2026-08-03T12:32:29+00:00,req-13-0358,churn-pipeline-1.2.0,200,99.05,-1.974824390417663,False,0,0.097211,False
2026-08-03T11:49:31+00:00,req-13-0359,churn-pipeline-1.2.0,200,158.85,0.9896166961499703,False,1,0.572284,False
2026-08-03T01:35:30+00:00,req-13-0360,churn-pipeline-1.2.0,200,106.12,1.9927734755445863,False,1,0.758387,False
2026-08-03T06:18:16+00:00,req-13-0361,churn-pipeline-1.2.0,200,89.44,,True,0,0.365864,False
2026-08-03T20:31:06+00:00,req-13-0362,churn-pipeline-1.2.0,200,94.62,0.4670419922959298,False,0,0.461821,False
2026-08-03T13:09:19+00:00,req-13-0363,churn-pipeline-1.2.0,200,112.45,0.8358536313728022,False,1,0.540033,False
2026-08-03T21:03:33+00:00,req-13-0364,churn-pipeline-1.2.0,200,115.77,1.0872359455795686,False,1,0.592462,False
2026-08-03T13:25:37+00:00,req-13-0365,churn-pipeline-1.2.0,200,146.31,1.7080676673544815,False,1,0.711331,False
2026-08-03T07:38:25+00:00,req-13-0366,churn-pipeline-1.2.0,200,128.2,-0.5858495905298853,False,0,0.259615,False
2026-08-03T08:17:21+00:00,req-13-0367,churn-pipeline-1.2.0,200,151.98,0.26473072910162443,False,0,0.419463,False
2026-08-03T18:36:26+00:00,req-13-0368,churn-pipeline-1.2.0,200,155.94,2.6205070344708528,False,1,0.842564,False
2026-08-03T05:42:21+00:00,req-13-0369,churn-pipeline-1.2.0,200,171.1,0.9345945844449826,False,1,0.560799,False
2026-08-03T14:23:33+00:00,req-13-0370,churn-pipeline-1.2.0,200,73.32,2.5042972437219833,False,1,0.829014,False
